  0
SECTION
  2
HEADER
  9
$ACADVER
  1
AC1024
  9
$ACADMAINTVER
 70
6
  9
$DWGCODEPAGE
  3
ANSI_1252
  9
$LASTSAVEDBY
  1
ezdxf
  9
$INSBASE
 10
0.0
 20
0.0
 30
0.0
  9
$EXTMIN
 10
1e+20
 20
1e+20
 30
1e+20
  9
$EXTMAX
 10
-1e+20
 20
-1e+20
 30
-1e+20
  9
$LIMMIN
 10
0.0
 20
0.0
  9
$LIMMAX
 10
420.0
 20
297.0
  9
$ORTHOMODE
 70
0
  9
$REGENMODE
 70
1
  9
$FILLMODE
 70
1
  9
$QTEXTMODE
 70
0
  9
$MIRRTEXT
 70
1
  9
$LTSCALE
 40
1.0
  9
$ATTMODE
 70
1
  9
$TEXTSIZE
 40
2.5
  9
$TRACEWID
 40
1.0
  9
$TEXTSTYLE
  7
Standard
  9
$CLAYER
  8
0
  9
$CELTYPE
  6
ByLayer
  9
$CECOLOR
 62
256
  9
$CELTSCALE
 40
1.0
  9
$DISPSILH
 70
0
  9
$DIMSCALE
 40
1.0
  9
$DIMASZ
 40
2.5
  9
$DIMEXO
 40
0.625
  9
$DIMDLI
 40
3.75
  9
$DIMRND
 40
0.0
  9
$DIMDLE
 40
0.0
  9
$DIMEXE
 40
1.25
  9
$DIMTP
 40
0.0
  9
$DIMTM
 40
0.0
  9
$DIMTXT
 40
2.5
  9
$DIMCEN
 40
2.5
  9
$DIMTSZ
 40
0.0
  9
$DIMTOL
 70
0
  9
$DIMLIM
 70
0
  9
$DIMTIH
 70
0
  9
$DIMTOH
 70
0
  9
$DIMSE1
 70
0
  9
$DIMSE2
 70
0
  9
$DIMTAD
 70
1
  9
$DIMZIN
 70
8
  9
$DIMBLK
  1

  9
$DIMASO
 70
1
  9
$DIMSHO
 70
1
  9
$DIMPOST
  1

  9
$DIMAPOST
  1

  9
$DIMALT
 70
0
  9
$DIMALTD
 70
3
  9
$DIMALTF
 40
0.03937007874
  9
$DIMLFAC
 40
1.0
  9
$DIMTOFL
 70
1
  9
$DIMTVP
 40
0.0
  9
$DIMTIX
 70
0
  9
$DIMSOXD
 70
0
  9
$DIMSAH
 70
0
  9
$DIMBLK1
  1

  9
$DIMBLK2
  1

  9
$DIMSTYLE
  2
ISO-25
  9
$DIMCLRD
 70
0
  9
$DIMCLRE
 70
0
  9
$DIMCLRT
 70
0
  9
$DIMTFAC
 40
1.0
  9
$DIMGAP
 40
0.625
  9
$DIMJUST
 70
0
  9
$DIMSD1
 70
0
  9
$DIMSD2
 70
0
  9
$DIMTOLJ
 70
0
  9
$DIMTZIN
 70
8
  9
$DIMALTZ
 70
0
  9
$DIMALTTZ
 70
0
  9
$DIMUPT
 70
0
  9
$DIMDEC
 70
2
  9
$DIMTDEC
 70
2
  9
$DIMALTU
 70
2
  9
$DIMALTTD
 70
3
  9
$DIMTXSTY
  7
Standard
  9
$DIMAUNIT
 70
0
  9
$DIMADEC
 70
0
  9
$DIMALTRND
 40
0.0
  9
$DIMAZIN
 70
0
  9
$DIMDSEP
 70
44
  9
$DIMATFIT
 70
3
  9
$DIMFRAC
 70
0
  9
$DIMLDRBLK
  1

  9
$DIMLUNIT
 70
2
  9
$DIMLWD
 70
-2
  9
$DIMLWE
 70
-2
  9
$DIMTMOVE
 70
0
  9
$DIMFXL
 40
1.0
  9
$DIMFXLON
 70
0
  9
$DIMJOGANG
 40
0.785398163397
  9
$DIMTFILL
 70
0
  9
$DIMTFILLCLR
 70
0
  9
$DIMARCSYM
 70
0
  9
$DIMLTYPE
  6

  9
$DIMLTEX1
  6

  9
$DIMLTEX2
  6

  9
$DIMTXTDIRECTION
 70
0
  9
$LUNITS
 70
2
  9
$LUPREC
 70
4
  9
$SKETCHINC
 40
1.0
  9
$FILLETRAD
 40
10.0
  9
$AUNITS
 70
0
  9
$AUPREC
 70
2
  9
$MENU
  1
.
  9
$ELEVATION
 40
0.0
  9
$PELEVATION
 40
0.0
  9
$THICKNESS
 40
0.0
  9
$LIMCHECK
 70
0
  9
$CHAMFERA
 40
0.0
  9
$CHAMFERB
 40
0.0
  9
$CHAMFERC
 40
0.0
  9
$CHAMFERD
 40
0.0
  9
$SKPOLY
 70
0
  9
$TDCREATE
 40
2461297.7068171296
  9
$TDUCREATE
 40
2458532.153996898
  9
$TDUPDATE
 40
2461297.7068171296
  9
$TDUUPDATE
 40
2458532.1544311
  9
$TDINDWG
 40
0.0
  9
$TDUSRTIMER
 40
0.0
  9
$USRTIMER
 70
1
  9
$ANGBASE
 50
0.0
  9
$ANGDIR
 70
0
  9
$PDMODE
 70
0
  9
$PDSIZE
 40
0.0
  9
$PLINEWID
 40
0.0
  9
$SPLFRAME
 70
0
  9
$SPLINETYPE
 70
6
  9
$SPLINESEGS
 70
8
  9
$HANDSEED
  5
77
  9
$SURFTAB1
 70
6
  9
$SURFTAB2
 70
6
  9
$SURFTYPE
 70
6
  9
$SURFU
 70
6
  9
$SURFV
 70
6
  9
$UCSBASE
  2

  9
$UCSNAME
  2

  9
$UCSORG
 10
0.0
 20
0.0
 30
0.0
  9
$UCSXDIR
 10
1.0
 20
0.0
 30
0.0
  9
$UCSYDIR
 10
0.0
 20
1.0
 30
0.0
  9
$UCSORTHOREF
  2

  9
$UCSORTHOVIEW
 70
0
  9
$UCSORGTOP
 10
0.0
 20
0.0
 30
0.0
  9
$UCSORGBOTTOM
 10
0.0
 20
0.0
 30
0.0
  9
$UCSORGLEFT
 10
0.0
 20
0.0
 30
0.0
  9
$UCSORGRIGHT
 10
0.0
 20
0.0
 30
0.0
  9
$UCSORGFRONT
 10
0.0
 20
0.0
 30
0.0
  9
$UCSORGBACK
 10
0.0
 20
0.0
 30
0.0
  9
$PUCSBASE
  2

  9
$PUCSNAME
  2

  9
$PUCSORG
 10
0.0
 20
0.0
 30
0.0
  9
$PUCSXDIR
 10
1.0
 20
0.0
 30
0.0
  9
$PUCSYDIR
 10
0.0
 20
1.0
 30
0.0
  9
$PUCSORTHOREF
  2

  9
$PUCSORTHOVIEW
 70
0
  9
$PUCSORGTOP
 10
0.0
 20
0.0
 30
0.0
  9
$PUCSORGBOTTOM
 10
0.0
 20
0.0
 30
0.0
  9
$PUCSORGLEFT
 10
0.0
 20
0.0
 30
0.0
  9
$PUCSORGRIGHT
 10
0.0
 20
0.0
 30
0.0
  9
$PUCSORGFRONT
 10
0.0
 20
0.0
 30
0.0
  9
$PUCSORGBACK
 10
0.0
 20
0.0
 30
0.0
  9
$USERI1
 70
0
  9
$USERI2
 70
0
  9
$USERI3
 70
0
  9
$USERI4
 70
0
  9
$USERI5
 70
0
  9
$USERR1
 40
0.0
  9
$USERR2
 40
0.0
  9
$USERR3
 40
0.0
  9
$USERR4
 40
0.0
  9
$USERR5
 40
0.0
  9
$WORLDVIEW
 70
1
  9
$SHADEDGE
 70
3
  9
$SHADEDIF
 70
70
  9
$TILEMODE
 70
1
  9
$MAXACTVP
 70
64
  9
$PINSBASE
 10
0.0
 20
0.0
 30
0.0
  9
$PLIMCHECK
 70
0
  9
$PEXTMIN
 10
1e+20
 20
1e+20
 30
1e+20
  9
$PEXTMAX
 10
-1e+20
 20
-1e+20
 30
-1e+20
  9
$PLIMMIN
 10
0.0
 20
0.0
  9
$PLIMMAX
 10
420.0
 20
297.0
  9
$UNITMODE
 70
0
  9
$VISRETAIN
 70
1
  9
$PLINEGEN
 70
0
  9
$PSLTSCALE
 70
1
  9
$TREEDEPTH
 70
3020
  9
$CMLSTYLE
  2
Standard
  9
$CMLJUST
 70
0
  9
$CMLSCALE
 40
20.0
  9
$PROXYGRAPHICS
 70
1
  9
$MEASUREMENT
 70
1
  9
$CELWEIGHT
370
-1
  9
$ENDCAPS
280
0
  9
$JOINSTYLE
280
0
  9
$LWDISPLAY
290
0
  9
$INSUNITS
 70
4
  9
$HYPERLINKBASE
  1

  9
$STYLESHEET
  1

  9
$XEDIT
290
1
  9
$CEPSNTYPE
380
0
  9
$PSTYLEMODE
290
1
  9
$FINGERPRINTGUID
  2
{0C34AD67-6CC5-4E9C-98EB-CEE6E2DFC2C6}
  9
$VERSIONGUID
  2
{6A020BD7-4E65-4B81-9B70-2A1216F5DBA2}
  9
$EXTNAMES
290
1
  9
$PSVPSCALE
 40
0.0
  9
$OLESTARTUP
290
0
  9
$SORTENTS
280
127
  9
$INDEXCTL
280
0
  9
$HIDETEXT
280
1
  9
$XCLIPFRAME
280
1
  9
$HALOGAP
280
0
  9
$OBSCOLOR
 70
257
  9
$OBSLTYPE
280
0
  9
$INTERSECTIONDISPLAY
280
0
  9
$INTERSECTIONCOLOR
 70
257
  9
$DIMASSOC
280
2
  9
$PROJECTNAME
  1

  9
$CAMERADISPLAY
290
0
  9
$LENSLENGTH
 40
50.0
  9
$CAMERAHEIGHT
 40
0.0
  9
$STEPSPERSEC
 40
24.0
  9
$STEPSIZE
 40
100.0
  9
$3DDWFPREC
 40
2.0
  9
$PSOLWIDTH
 40
0.005
  9
$PSOLHEIGHT
 40
0.08
  9
$LOFTANG1
 40
1.570796326795
  9
$LOFTANG2
 40
1.570796326795
  9
$LOFTMAG1
 40
0.0
  9
$LOFTMAG2
 40
0.0
  9
$LOFTPARAM
 70
7
  9
$LOFTNORMALS
280
1
  9
$LATITUDE
 40
37.795
  9
$LONGITUDE
 40
-122.394
  9
$NORTHDIRECTION
 40
0.0
  9
$TIMEZONE
 70
-8000
  9
$LIGHTGLYPHDISPLAY
280
1
  9
$TILEMODELIGHTSYNCH
280
1
  9
$CMATERIAL
347
20
  9
$SOLIDHIST
280
0
  9
$SHOWHIST
280
1
  9
$DWFFRAME
280
2
  9
$DGNFRAME
280
2
  9
$REALWORLDSCALE
290
1
  9
$INTERFERECOLOR
 62
256
  9
$CSHADOW
280
0
  9
$SHADOWPLANELOCATION
 40
0.0
  0
ENDSEC
  0
SECTION
  2
CLASSES
  0
CLASS
  1
ACDBDICTIONARYWDFLT
  2
AcDbDictionaryWithDefault
  3
ObjectDBX Classes
 90
0
 91
0
280
0
281
0
  0
CLASS
  1
SUN
  2
AcDbSun
  3
SCENEOE
 90
1153
 91
0
280
0
281
0
  0
CLASS
  1
VISUALSTYLE
  2
AcDbVisualStyle
  3
ObjectDBX Classes
 90
4095
 91
0
280
0
281
0
  0
CLASS
  1
MATERIAL
  2
AcDbMaterial
  3
ObjectDBX Classes
 90
1153
 91
0
280
0
281
0
  0
CLASS
  1
SCALE
  2
AcDbScale
  3
ObjectDBX Classes
 90
1153
 91
0
280
0
281
0
  0
CLASS
  1
TABLESTYLE
  2
AcDbTableStyle
  3
ObjectDBX Classes
 90
4095
 91
0
280
0
281
0
  0
CLASS
  1
MLEADERSTYLE
  2
AcDbMLeaderStyle
  3
ACDB_MLEADERSTYLE_CLASS
 90
4095
 91
0
280
0
281
0
  0
CLASS
  1
DICTIONARYVAR
  2
AcDbDictionaryVar
  3
ObjectDBX Classes
 90
0
 91
0
280
0
281
0
  0
CLASS
  1
CELLSTYLEMAP
  2
AcDbCellStyleMap
  3
ObjectDBX Classes
 90
1152
 91
0
280
0
281
0
  0
CLASS
  1
MENTALRAYRENDERSETTINGS
  2
AcDbMentalRayRenderSettings
  3
SCENEOE
 90
1024
 91
0
280
0
281
0
  0
CLASS
  1
ACDBDETAILVIEWSTYLE
  2
AcDbDetailViewStyle
  3
ObjectDBX Classes
 90
1025
 91
0
280
0
281
0
  0
CLASS
  1
ACDBSECTIONVIEWSTYLE
  2
AcDbSectionViewStyle
  3
ObjectDBX Classes
 90
1025
 91
0
280
0
281
0
  0
CLASS
  1
RASTERVARIABLES
  2
AcDbRasterVariables
  3
ISM
 90
0
 91
0
280
0
281
0
  0
CLASS
  1
ACDBPLACEHOLDER
  2
AcDbPlaceHolder
  3
ObjectDBX Classes
 90
0
 91
0
280
0
281
0
  0
CLASS
  1
LAYOUT
  2
AcDbLayout
  3
ObjectDBX Classes
 90
0
 91
0
280
0
281
0
  0
ENDSEC
  0
SECTION
  2
TABLES
  0
TABLE
  2
VPORT
  5
8
330
0
100
AcDbSymbolTable
 70
1
  0
VPORT
  5
23
330
8
100
AcDbSymbolTableRecord
100
AcDbViewportTableRecord
  2
*Active
 70
0
 10
0.0
 20
0.0
 11
1.0
 21
1.0
 12
0.0
 22
0.0
 13
0.0
 23
0.0
 14
0.5
 24
0.5
 15
0.5
 25
0.5
 16
0.0
 26
0.0
 36
1.0
 17
0.0
 27
0.0
 37
0.0
 40
1000.0
 41
1.34
 42
50.0
 43
0.0
 44
0.0
 50
0.0
 51
0.0
 71
0
 72
1000
 73
1
 74
3
 75
0
 76
0
 77
0
 78
0
281
0
 65
0
146
0.0
  0
ENDTAB
  0
TABLE
  2
LTYPE
  5
2
330
0
100
AcDbSymbolTable
 70
3
  0
LTYPE
  5
24
330
2
100
AcDbSymbolTableRecord
100
AcDbLinetypeTableRecord
  2
ByBlock
 70
0
  3

 72
65
 73
0
 40
0.0
  0
LTYPE
  5
25
330
2
100
AcDbSymbolTableRecord
100
AcDbLinetypeTableRecord
  2
ByLayer
 70
0
  3

 72
65
 73
0
 40
0.0
  0
LTYPE
  5
26
330
2
100
AcDbSymbolTableRecord
100
AcDbLinetypeTableRecord
  2
Continuous
 70
0
  3

 72
65
 73
0
 40
0.0
  0
ENDTAB
  0
TABLE
  2
LAYER
  5
1
330
0
100
AcDbSymbolTable
 70
4
  0
LAYER
  5
27
330
1
100
AcDbSymbolTableRecord
100
AcDbLayerTableRecord
  2
0
 70
0
 62
7
  6
Continuous
370
-3
390
13
347
21
  0
LAYER
  5
28
330
1
100
AcDbSymbolTableRecord
100
AcDbLayerTableRecord
  2
Defpoints
 70
0
 62
7
  6
Continuous
290
0
370
-3
390
13
347
21
  0
LAYER
  5
2F
330
1
100
AcDbSymbolTableRecord
100
AcDbLayerTableRecord
  2
C00_ED1C24
 70
0
 62
7
420
15539236
  6
Continuous
370
-3
390
13
347
21
  0
LAYER
  5
40
330
1
100
AcDbSymbolTableRecord
100
AcDbLayerTableRecord
  2
C01_120203
 70
0
 62
7
420
1180163
  6
Continuous
370
-3
390
13
347
21
  0
ENDTAB
  0
TABLE
  2
STYLE
  5
5
330
0
100
AcDbSymbolTable
 70
1
  0
STYLE
  5
29
330
5
100
AcDbSymbolTableRecord
100
AcDbTextStyleTableRecord
  2
Standard
 70
0
 40
0.0
 41
1.0
 50
0.0
 71
0
 42
2.5
  3
txt
  4

  0
ENDTAB
  0
TABLE
  2
VIEW
  5
7
330
0
100
AcDbSymbolTable
 70
0
  0
ENDTAB
  0
TABLE
  2
UCS
  5
6
330
0
100
AcDbSymbolTable
 70
0
  0
ENDTAB
  0
TABLE
  2
APPID
  5
3
330
0
100
AcDbSymbolTable
 70
3
  0
APPID
  5
2A
330
3
100
AcDbSymbolTableRecord
100
AcDbRegAppTableRecord
  2
ACAD
 70
0
  0
APPID
  5
74
330
3
100
AcDbSymbolTableRecord
100
AcDbRegAppTableRecord
  2
HATCHBACKGROUNDCOLOR
 70
0
  0
APPID
  5
75
330
3
100
AcDbSymbolTableRecord
100
AcDbRegAppTableRecord
  2
EZDXF
 70
0
  0
ENDTAB
  0
TABLE
  2
DIMSTYLE
  5
4
330
0
100
AcDbSymbolTable
 70
1
100
AcDbDimStyleTable
  0
DIMSTYLE
105
2B
330
4
100
AcDbSymbolTableRecord
100
AcDbDimStyleTableRecord
  2
Standard
 70
0
 40
1.0
 41
2.5
 42
0.625
 43
3.75
 44
1.25
 45
0.0
 46
0.0
 47
0.0
 48
0.0
 49
2.5
140
2.5
141
2.5
142
0.0
143
0.03937007874
144
1.0
145
0.0
146
1.0
147
0.625
148
0.0
 69
0
 70
0
 71
0
 72
0
 73
0
 74
0
 75
0
 76
0
 77
1
 78
8
 79
3
170
0
171
3
172
1
173
0
174
0
175
0
176
0
177
0
178
0
179
2
271
2
272
2
273
2
274
3
275
0
276
0
277
2
278
44
279
0
280
0
281
0
282
0
283
0
284
8
285
0
286
0
288
0
289
3
290
0
371
-2
372
-2
  0
ENDTAB
  0
TABLE
  2
BLOCK_RECORD
  5
9
330
0
100
AcDbSymbolTable
 70
2
  0
BLOCK_RECORD
  5
17
330
9
100
AcDbSymbolTableRecord
100
AcDbBlockTableRecord
  2
*Model_Space
340
1A
 70
0
280
1
281
0
  0
BLOCK_RECORD
  5
1B
330
9
100
AcDbSymbolTableRecord
100
AcDbBlockTableRecord
  2
*Paper_Space
340
1E
 70
0
280
1
281
0
  0
ENDTAB
  0
ENDSEC
  0
SECTION
  2
BLOCKS
  0
BLOCK
  5
18
330
17
100
AcDbEntity
  8
0
100
AcDbBlockBegin
  2
*Model_Space
 70
0
 10
0.0
 20
0.0
 30
0.0
  3
*Model_Space
  1

  0
ENDBLK
  5
19
330
17
100
AcDbEntity
  8
0
100
AcDbBlockEnd
  0
BLOCK
  5
1C
330
1B
100
AcDbEntity
  8
0
100
AcDbBlockBegin
  2
*Paper_Space
 70
0
 10
0.0
 20
0.0
 30
0.0
  3
*Paper_Space
  1

  0
ENDBLK
  5
1D
330
1B
100
AcDbEntity
  8
0
100
AcDbBlockEnd
  0
ENDSEC
  0
SECTION
  2
ENTITIES
  0
LWPOLYLINE
  5
30
330
17
100
AcDbEntity
  8
C00_ED1C24
100
AcDbPolyline
 90
343
 70
1
 10
23.59113501084064
 20
1.9006817383721455
 10
22.650000000000002
 20
2.693748461376913
 10
22.337616238119047
 20
2.3448080717690347
 10
22.025232476238088
 20
1.9958676821611676
 10
20.337616238119047
 20
2.5805118995122145
 10
18.650000000000002
 20
3.1651561168632614
 10
18.481719789795957
 20
4.107578058431637
 10
18.451419884847176
 20
4.294565994460803
 10
18.417461643677218
 20
4.535085284656103
 10
18.380352831887997
 20
4.823960665562475
 10
18.340601215081435
 20
5.156016873724858
 10
18.25520062882396
 20
5.928970717997413
 10
18.16532200972013
 20
6.812544709833276
 10
17.988379172234794
 20
8.745944705632965
 10
17.909439203483974
 20
9.71296649431581
 10
17.842269701148183
 20
10.625
 10
17.78204617899043
 20
11.5
 10
17.391023089495217
 20
11.5
 10
17.13610502903252
 20
11.516255552287147
 10
17.063461645935245
 20
11.547843842297821
 10
17.024118068504013
 20
11.605089230132554
 10
17.01564132742131
 20
11.69550428222584
 10
17.035598453369634
 20
11.826601565012174
 10
17.081556477031473
 20
12.005893644926049
 10
17.151082429089318
 20
12.24089308840196
 10
17.217815897019612
 20
12.46464302019045
 10
17.262024836946324
 20
12.630917442962238
 10
17.281025684910492
 20
12.744724465579793
 10
17.27213487695316
 20
12.811072196905595
 10
17.232668849115367
 20
12.834968745802113
 10
17.159944037438155
 20
12.821422221131822
 10
17.051276877962568
 20
12.775440731757199
 10
16.903983806729645
 20
12.702032386540715
 10
16.704235119797122
 20
12.603052055780285
 10
16.55253130040312
 20
12.538835997590848
 10
16.443492873505715
 20
12.513248687464452
 10
16.37174036406297
 20
12.530154600893155
 10
16.331894297032957
 20
12.593418213369008
 10
16.318575197373747
 20
12.706904000384064
 10
16.326403590043405
 20
12.874476437430378
 10
16.35
 20
13.100000000000001
 10
16.41963737948595
 20
13.700000000000001
 10
15.803079922687267
 20
13.700000000000001
 10
15.559542902014236
 20
13.697230102660372
 10
15.387010252402957
 20
13.707289101178104
 10
15.28873767387924
 20
13.757730031358129
 10
15.267980866468893
 20
13.876105929005377
 10
15.327995530197722
 20
14.089969829924778
 10
15.389309569997394
 20
14.241320105300577
 10
15.472037365091538
 20
14.426874769921266
 10
15.57658587798338
 20
14.650077953262457
 10
15.703362071176148
 20
14.914373784799768
 10
15.852772907173065
 20
15.223206394008816
 10
16.02522534847736
 20
15.580019910365218
 10
16.2426269973319
 20
16.02600337657615
 10
16.427039769214723
 20
16.389156220408488
 10
16.590376225477282
 20
16.687717188050588
 10
16.744548927471023
 20
16.939925025690812
 10
17.07305331405786
 20
17.378236295719034
 10
17.271210121353857
 20
17.600817220483748
 10
17.507853419786837
 20
17.85
 10
18.281920192044787
 20
18.650000000000002
 10
18.395644821746608
 20
20.64066127394931
 10
18.481010271631217
 20
21.932702345103742
 10
18.58672035579671
 20
23.17440770516893
 10
18.71320821977872
 20
24.370324531136987
 10
18.860907009112875
 20
25.525000000000002
 10
18.883607281976225
 20
25.73620966404549
 10
18.883597625988404
 20
25.884269701373768
 10
18.860657083340097
 20
25.971444888015164
 10
18.81456469622199
 20
26.0
 10
18.736881451919583
 20
25.954289427936008
 10
18.579238535176636
 20
25.823565947627756
 10
18.35116492805685
 20
25.617441912900848
 10
18.062189612623914
 20
25.34552967758088
 10
17.72184157094153
 20
25.017441595493448
 10
17.33964978507339
 20
24.64279002046415
 10
16.487850909034627
 20
23.79224580688235
 10
14.701403437530658
 20
21.955339032742643
 10
14.293116940145714
 20
21.523888914237013
 10
13.91921855508458
 20
21.1227741333943
 10
13.589237264410956
 20
20.761607044040097
 10
13.312702050188534
 20
20.450000000000003
 10
13.037069371059541
 20
20.12962434586863
 10
12.719852346244346
 20
19.7550698395304
 10
12.005619443390913
 20
18.897859006568616
 10
11.259911709299327
 20
17.987236973785176
 10
10.572637511640698
 20
17.132073213850607
 10
9.97550794657396
 20
16.386820083135635
 10
9.709991185563883
 20
16.060455530925644
 10
9.475243519044454
 20
15.775459664563979
 10
9.277817757122014
 20
15.539727991863142
 10
9.124266709902898
 20
15.361156020635635
 10
9.021143187493447
 20
15.247639258693956
 10
8.975
 20
15.207073213850606
 10
8.94587890625
 20
15.252514776068198
 10
8.92203125
 20
15.381470552691544
 10
8.90591796875
 20
15.574134076536389
 10
8.9
 20
15.810698880418478
 10
8.898835984429459
 20
15.991741779533939
 10
8.894446589472432
 20
16.132097900261893
 10
8.870607571926483
 20
16.30745577217083
 10
8.817714768417293
 20
16.37018442737636
 10
8.725
 20
16.353695797109562
 10
8.634728488830776
 20
16.32290472568954
 10
8.51830543861754
 20
16.2891151536726
 10
8.39075557430195
 20
16.25642136431081
 10
8.267103620825667
 20
16.22891764085623
 10
7.984207241651333
 20
16.17184144833027
 10
8.542103620825667
 20
17.284255069437883
 10
8.758724324301951
 20
17.719102878695384
 10
8.936117938617539
 20
18.08076194364455
 10
9.055978488830775
 20
18.331517576171045
 10
9.088613247729743
 20
18.403520765240057
 10
9.1
 20
18.433655088160528
 10
9.06085721173477
 20
18.444255086514595
 10
8.95428031299281
 20
18.44577491458823
 10
8.796546502854707
 20
18.43856498894717
 10
8.603932980401053
 20
18.422975726157144
 10
8.107865960802105
 20
18.375309966538747
 10
8.354518965040793
 20
19.162654983269373
 10
8.413481005972871
 20
19.35143122344661
 10
8.48668702919024
 20
19.586725665546815
 10
8.664216610498427
 20
20.15934240133538
 10
8.8638788850005
 20
20.805451682273603
 10
9.0624450287316
 20
21.450000000000003
 10
9.32079523714003
 20
22.240350290718556
 10
9.583272550326882
 20
22.922693857474425
 10
9.887324038943026
 20
23.585975370459636
 10
10.270396773639336
 20
24.31913949986621
 10
10.845985608576534
 20
25.419644876107423
 10
11.385554466534286
 20
26.533123695588316
 10
11.625178226104904
 20
27.058968069115142
 10
11.835813177781501
 20
27.545143710537687
 10
12.010798050347693
 20
27.977346588884558
 10
12.143471572587092
 20
28.34127267318435
 10
12.245898172671598
 20
28.58638775223532
 10
12.397363438436608
 20
28.859809302052028
 10
12.596799316720753
 20
29.16049835025538
 10
12.84313775436266
 20
29.487415924466283
 10
13.135310698200955
 20
29.839523052305637
 10
13.472250095074271
 20
30.215780761394356
 10
13.852887891821233
 20
30.615150079353338
 10
14.276156035280469
 20
31.036592033803494
 10
14.740986472290608
 20
31.47906765236573
 10
15.246311149690278
 20
31.94153796266095
 10
15.79106201431811
 20
32.42296399231006
 10
16.374171013012727
 20
32.92230676893396
 10
17.65119119995684
 20
33.97058667358978
 10
19.068827285231645
 20
35.07806589759564
 10
19.98871420134264
 20
35.76818381559179
 10
20.974317718070765
 20
36.4844647312502
 10
22.015273264280545
 20
37.220406104229674
 10
23.101216268836495
 20
37.96950539418901
 10
25.366606368444987
 20
39.48116756368245
 10
27.687571447812388
 20
40.967430917000925
 10
29.98119493785484
 20
42.376275131414815
 10
31.09184215904051
 20
43.03540871067954
 10
32.164560269488504
 20
43.65567988419452
 10
33.18898469806333
 20
44.23058611161855
 10
34.15475087362951
 20
44.75362485261043
 10
35.05149422505157
 20
45.218293566828955
 10
35.86885018119403
 20
45.61808971393293
 10
36.91976851059821
 20
46.113806150840404
 10
37.32479022549859
 20
45.95174859060152
 10
37.8822389119552
 20
45.78918486641019
 10
38.50851242195276
 20
45.71965292483753
 10
39.20262784197905
 20
45.74295202121946
 10
39.96360225852184
 20
45.858881410891875
 10
40.7904527580689
 20
46.067240349190676
 10
41.682196427108
 20
46.367828091451784
 10
42.63785035212692
 20
46.760443893011086
 10
43.65643161961342
 20
47.244887009204504
 10
44.124365309413314
 20
47.480531629267524
 10
44.47862928562186
 20
47.655583071047985
 10
44.734174490688574
 20
47.775068767499484
 10
44.90595186706297
 20
47.8440161515756
 10
45.008912357194546
 20
47.86745265622992
 10
45.058006903532835
 20
47.85040571441605
 10
45.054401934627556
 20
47.714971223198056
 10
44.96785281374118
 20
47.30305489385013
 10
44.89832109435292
 20
46.94967036322024
 10
44.84575031910807
 20
46.65438448746353
 10
44.810084030651915
 20
46.41676412273516
 10
44.79126577162975
 20
46.23637612519028
 10
44.789239084686876
 20
46.11278735098405
 10
44.803947512468575
 20
46.045564656271615
 10
44.83533459762015
 20
46.03427489720814
 10
44.88592216917243
 20
46.055432699242324
 10
44.98638046088795
 20
46.097532613307266
 10
45.13070205607727
 20
46.15805423396842
 10
45.31287953805092
 20
46.23447715579127
 10
45.76677249559347
 20
46.424945281183874
 10
46.300000000000004
 20
46.64877374600882
 10
47.383096463480605
 20
47.09896379173169
 10
48.51039116317672
 20
47.55913877818162
 10
50.79820708422359
 20
48.47049738170982
 10
51.9090442120784
 20
48.90220790301167
 10
52.96471138915681
 20
49.30495717348774
 10
53.94036656871086
 20
49.66900864524984
 10
54.81116770399257
 20
49.984625770409735
 10
55.23172597382503
 20
50.132495293702156
 10
55.72664854090212
 20
50.30359494101123
 10
56.28296430577622
 20
50.49365406659168
 10
56.88770216899971
 20
50.698402024698254
 10
59.53145261643513
 20
51.57886926748044
 10
60.806611844611034
 20
51.996199094651345
 10
61.38711361174687
 20
52.184190799573315
 10
61.91226868165113
 20
52.35270617105928
 10
62.36910595487619
 20
52.49747456336397
 10
62.74465433197444
 20
52.61422533074213
 10
63.025942713498246
 20
52.69868782744848
 10
63.2
 20
52.74659140773777
 10
63.33380856824872
 20
52.77709331324966
 10
63.37498195873329
 20
52.776133400321825
 10
63.321034456092974
 20
52.735646538142895
 10
63.16948034496707
 20
52.64756759590148
 10
63.07191195409784
 20
52.59645682922432
 10
62.90121020169125
 20
52.51200218085954
 10
62.666808681497294
 20
52.39868154331571
 10
62.37814098726598
 20
52.26097280910143
 10
61.67574145169125
 20
51.93030262069588
 10
60.869480344967066
 20
51.55581475571162
 10
59.86801286821772
 20
51.09031226825261
 10
58.75566771665687
 20
50.56755845001669
 10
56.38383255793996
 20
49.439184739923405
 10
55.217086635203515
 20
48.87800880742066
 10
54.12495120649483
 20
48.34846946285027
 10
53.153798314023724
 20
47.872788685889525
 10
52.72808158206783
 20
47.66208962891194
 10
52.35
 20
47.47318845621576
 10
51.75382820793381
 20
47.174004550526654
 10
51.165513922605065
 20
46.87953193735967
 10
50.652858780318525
 20
46.623662640499475
 10
50.44609139916132
 20
46.52079549311713
 10
50.283664417378944
 20
46.44028868373073
 10
50.02805856121933
 20
46.31189257629402
 10
49.70026962934737
 20
46.14387493919978
 10
49.3084547617035
 20
45.94059138666461
 10
48.860771098228206
 20
45.70639753290508
 10
48.36537577886193
 20
45.44564899213779
 10
47.83042594354514
 20
45.16270137857935
 10
46.67449128482185
 20
44.54763138995532
 10
44.2468819333493
 20
43.24274956474333
 10
43.10572147964741
 20
42.622627555620824
 10
42.58185229809666
 20
42.33589092668852
 10
42.1
 20
42.07051136713096
 10
39.30840377007925
 20
40.50234458540054
 10
37.9759324774914
 20
39.735277839262054
 10
36.693278564222425
 20
38.98442263905406
 10
35.466141653575235
 20
38.25342932186108
 10
34.30022136885273
 20
37.545948224767606
 10
33.20121733335782
 20
36.86562968485816
 10
32.1748291703934
 20
36.216124039217256
 10
31.22675650326238
 20
35.6010816249294
 10
30.36269895526766
 20
35.0241527790791
 10
29.588356149712137
 20
34.48898783875087
 10
28.909427709898722
 20
33.99923714102922
 10
28.331613259130314
 20
33.55855102299866
 10
27.860612420709817
 20
33.170579821743694
 10
27.502124817940135
 20
32.838973874348845
 10
27.261850074124165
 20
32.56738351789861
 10
27.069697599068377
 20
32.23680112846387
 10
26.889042360054304
 20
31.771359982710575
 10
26.718213525572384
 20
31.16223268012937
 10
26.555540264113056
 20
30.400591820210906
 10
26.476739838420126
 20
29.959820243591025
 10
26.39935174416676
 20
29.47761000244582
 10
26.323167127414262
 20
28.95285767171162
 10
26.247977134223937
 20
28.384459826324758
 10
26.173572910657086
 20
27.77131304122156
 10
26.099745602775023
 20
27.11231389133836
 10
26.026286356639044
 20
26.406358951611487
 10
25.952986318310458
 20
25.652344796977275
 10
25.9008857817878
 20
25.06818265305871
 10
25.863266526894506
 20
24.584757821554525
 10
25.850988814616283
 20
24.39652317503179
 10
25.84365314421429
 20
24.252314389101397
 10
25.841700089511487
 20
24.158411974592937
 10
25.845570224330846
 20
24.12109644233599
 10
25.87549244504311
 20
24.12843535859158
 10
25.94820541641615
 20
24.162513875465937
 10
26.202824516819152
 20
24.300117269460532
 10
26.571069336889025
 20
24.512361741098978
 10
27.014581687974943
 20
24.777702407160476
 10
27.516813309768917
 20
25.07983460911652
 10
28.08066470595605
 20
25.41351613942332
 10
29.34185885907323
 20
26.146830402732363
 10
32.03863687122334
 20
27.676386263634555
 10
32.67425095110667
 20
28.03003561589894
 10
33.26874888051004
 20
28.35784073180045
 10
33.809288668824315
 20
28.652627415749887
 10
34.283028325440355
 20
28.907221472158042
 10
34.67712585974902
 20
29.11444870543572
 10
34.978739281141166
 20
29.267134919993712
 10
35.175026599007666
 20
29.358105920242814
 10
35.25314582273936
 20
29.380187510593828
 10
35.24273038531928
 20
29.344740847837123
 10
35.19743222113656
 20
29.258596916297666
 10
35.1207870412495
 20
29.127436312129745
 10
35.01633055671639
 20
28.95693963148765
 10
34.73812651794519
 20
28.520660425398066
 10
34.39110579328928
 20
27.995204067263206
 10
34.1545285408208
 20
27.64374756537615
 10
33.94989339687188
 20
27.340612872823943
 10
33.775686044969454
 20
27.080247997734993
 10
33.63039216864046
 20
26.8571009482377
 10
33.42048757681052
 20
26.500252358531718
 10
33.30806508959755
 20
26.22565116873323
 10
33.281010175217055
 20
25.988881443869474
 10
33.327208301884525
 20
25.74552724896768
 10
33.434544937815474
 20
25.451172649055092
 10
33.59090555122538
 20
25.061401709158943
 10
33.992658841838505
 20
24.033848647790048
 10
33.73822719335717
 20
23.091924323895025
 10
33.48379554487583
 20
22.150000000000002
 10
31.816897772437915
 20
21.150692590226868
 10
30.262006251950062
 20
20.191915658173894
 10
28.76449802150577
 20
19.220465510729902
 10
28.08088518452278
 20
18.75902737705624
 10
27.46396522341807
 20
18.329268214518777
 10
26.931187155980766
 20
17.942803781445498
 10
26.5
 20
17.611249836164394
 10
25.75
 20
17.010115565447894
 10
25.690636262980345
 20
15.980057782723954
 10
25.679932900782585
 20
15.69493377142194
 10
25.673524638592752
 20
15.296533233385459
 10
25.671176050484956
 20
14.797275448527964
 10
25.67265171053331
 20
14.209579696762907
 10
25.677716192811925
 20
13.545865258003744
 10
25.686134071394918
 20
12.818551412163927
 10
25.712088313770487
 20
11.222802618896146
 10
25.793878813435125
 20
7.814560463584693
 10
25.84594825591001
 20
6.200775580156279
 10
25.873952534567486
 20
5.459934666695986
 10
25.902955950270474
 20
4.779687145289574
 10
26.01095238369435
 20
2.409374290579149
 10
25.630476191847176
 20
2.069659766333348
 10
25.45442772993066
 20
1.9132021139899673
 10
25.256348290789546
 20
1.7383316315352304
 10
25.060497506925614
 20
1.5664053070780808
 10
24.891135010840642
 20
1.4187801287274624
 10
24.532270021681285
 20
1.1076150153673667
  0
LWPOLYLINE
  5
31
330
17
100
AcDbEntity
  8
C00_ED1C24
100
AcDbPolyline
 90
126
 70
1
 10
40.66821174722027
 20
6.849847206435015
 10
40.50623134241894
 20
6.911673761410592
 10
40.3360471827014
 20
6.9868990384070715
 10
40.17788030000516
 20
7.066017968926412
 10
40.05195172626771
 20
7.139525484470574
 10
39.91723370413865
 20
7.245580480901822
 10
39.759429126380496
 20
7.399341080475901
 10
39.403893871309286
 20
7.812818965732507
 10
39.04401309571895
 20
8.3056388936003
 10
38.73845393427436
 20
8.803480617439186
 10
38.63975666593097
 20
8.979819162029154
 10
38.55563115231489
 20
9.112154819211465
 10
38.399420878469705
 20
9.259645559480058
 10
38.206474091148856
 20
9.27560901449885
 10
37.9134417687624
 20
9.189701360521724
 10
37.7300145596934
 20
9.138753556867284
 10
37.584452787697565
 20
9.151279533800079
 10
37.424582904027645
 20
9.245516424093696
 10
37.19823135993641
 20
9.439701360521724
 10
37.037486638541665
 20
9.579569070998506
 10
36.89462691990447
 20
9.6940524691279
 10
36.7851895607233
 20
9.771341521312836
 10
36.724711917696666
 20
9.799626193956238
 10
36.669168247478694
 20
9.783304095719602
 10
36.57316497267755
 20
9.739139068775707
 10
36.45018769892278
 20
9.673870429794434
 10
36.31372203184393
 20
9.594237495445658
 10
36.1791476021779
 20
9.518638056572959
 10
36.061319737220394
 20
9.464351707254268
 10
35.972937587439205
 20
9.436440469010996
 10
35.926700303302106
 20
9.439966363364556
 10
35.909889096960306
 20
9.48658903619876
 10
35.89235883818417
 20
9.59028073470255
 10
35.87435046629411
 20
9.745891079931173
 10
35.85610492061052
 20
9.948269692939878
 10
35.81986606514433
 20
10.472730206518504
 10
35.785569786348816
 20
11.1224592438804
 10
35.755143598787186
 20
11.856253773467529
 10
35.730515017022626
 20
12.632910763721862
 10
35.71361155561835
 20
13.411227183085362
 10
35.70636072913756
 20
14.15
 10
35.73009767674616
 20
15.945485051262345
 10
35.80710112304329
 20
17.86093297371009
 10
35.93302050248595
 20
19.850485359183036
 10
36.10350524953115
 20
21.868283799520995
 10
36.3142047986359
 20
23.868469886563773
 10
36.560768584257204
 20
25.80518521215118
 10
36.838846040852076
 20
27.63257136812301
 10
36.9883428440324
 20
28.49093525495303
 10
37.14408660287751
 20
29.304769946319084
 10
37.220219367939166
 20
29.67579504899532
 10
37.285322012026
 20
29.970305101001756
 10
37.34341607547078
 20
30.199361721106705
 10
37.39852309860626
 20
30.374026528078478
 10
37.515862185280376
 20
30.60442717769573
 10
37.669511594710464
 20
30.75
 10
37.89782285459374
 20
30.92744481702506
 10
38.14637712367122
 20
31.140896025376193
 10
38.66801596864714
 20
31.639097940476802
 10
39.16203068811494
 20
32.17116639414201
 10
39.55602384055136
 20
32.66366203521204
 10
39.74817379943721
 20
32.951025320450626
 10
39.95963582664395
 20
33.29756406405152
 10
40.391926570775134
 20
34.07570498696414
 10
40.58847053007712
 20
34.46107569658782
 10
40.75575704245506
 20
34.813158925197705
 10
40.88164372909773
 20
35.10883893794977
 10
40.95398821119389
 20
35.325
 10
40.985754367741016
 20
35.43177734375001
 10
41.02220520895517
 20
35.51921875000001
 10
41.0588398682369
 20
35.57830078125
 10
41.09115747898676
 20
35.6
 10
41.136453830393435
 20
35.54279296875
 10
41.20842664492888
 20
35.38703125
 10
41.29717795591853
 20
35.15650390625
 10
41.39280979668782
 20
34.875
 10
41.59903090565192
 20
34.29211639979651
 10
41.81797540263189
 20
33.78949287914387
 10
42.0479662433453
 20
33.36914904578092
 10
42.28732638350973
 20
33.033104507446495
 10
42.53437877884274
 20
32.78337887187943
 10
42.78744638506192
 20
32.621991746818566
 10
43.044852157884826
 20
32.55096274000274
 10
43.30491905302903
 20
32.572311459170784
 10
43.425296481660396
 20
32.59596636321778
 10
43.48539290498312
 20
32.57575774343858
 10
43.49640328982071
 20
32.49593712125369
 10
43.469522602996676
 20
32.34075601808362
 10
43.25547040619379
 20
31.313372261860053
 10
43.07187577466284
 20
30.384337253386782
 10
42.91417339362489
 20
29.52462508364053
 10
42.777797948301014
 20
28.70520984359802
 10
42.55076660567974
 20
27.071166516531154
 10
42.45098007882448
 20
26.19848661146025
 10
42.35425922856755
 20
25.25
 10
42.24960632354909
 20
24.114588593148788
 10
42.16510531675536
 20
23.041648227227217
 10
42.09803903236339
 20
21.958174402205287
 10
42.04569029455024
 20
20.791162618052986
 10
42.02418588816605
 20
20.153516085043574
 10
42.00534192749296
 20
19.467608374740315
 10
41.98881876555309
 20
18.72431392463946
 10
41.974276755368585
 20
17.914507172237265
 10
41.96137624996157
 20
17.029062555029974
 10
41.949777602354175
 20
16.058854510513832
 10
41.93914116556853
 20
14.994757476185095
 10
41.92912729262677
 20
13.827645889540008
 10
41.92193236850419
 20
12.980196697865292
 10
41.91445253176828
 20
12.19500812407206
 10
41.90665767525561
 20
11.470852575387612
 10
41.898517691802695
 20
10.806502459039237
 10
41.89000247424608
 20
10.200730182254233
 10
41.881081915422314
 20
9.652308152259895
 10
41.871725908167925
 20
9.160008776283515
 10
41.86190434531945
 20
8.72260446155239
 10
41.85158711971345
 20
8.338867615293813
 10
41.84074412418644
 20
8.007570644735079
 10
41.82934525157498
 20
7.727485957103485
 10
41.8173603947156
 20
7.497385959626323
 10
41.80475944644484
 20
7.316043059530889
 10
41.79151229959923
 20
7.182229664044477
 10
41.77758884701534
 20
7.094718180394382
 10
41.76295898152968
 20
7.052281015807899
 10
41.57132394581991
 20
6.894598128490111
 10
41.300057061190934
 20
6.80368817485567
 10
40.98655432815398
 20
6.786466189354122
  0
LWPOLYLINE
  5
32
330
17
100
AcDbEntity
  8
C00_ED1C24
100
AcDbPolyline
 90
346
 70
1
 10
124.4
 20
13.217864705787258
 10
124.75623628926559
 20
13.561576214845285
 10
125.1717620768699
 20
13.96168568271204
 10
125.59492774252429
 20
14.368499864124022
 10
125.9740836659401
 20
14.732325513817727
 10
126.28972121286908
 20
15.045986159055806
 10
126.53994080393063
 20
15.316212457048985
 10
126.69950640113755
 20
15.514171857455908
 10
126.73740769017452
 20
15.57704129908285
 10
126.74318196650262
 20
15.61103180993522
 10
126.70059864232334
 20
15.646131084634096
 10
126.62530092641445
 20
15.67593022375765
 10
126.52792281406464
 20
15.697279335051444
 10
126.41909830056252
 20
15.707028526261036
 10
126.19499274767806
 20
15.71836330758382
 10
126.04505606575444
 20
15.75018830634579
 10
125.97655497702964
 20
15.819510618401182
 10
125.99675620374154
 20
15.943337339604232
 10
126.11292646812811
 20
16.13867556580918
 10
126.33233249242726
 20
16.422532392870263
 10
126.4830197652434
 20
16.602969999176302
 10
126.66224099887691
 20
16.811914916641715
 10
126.87090453360753
 20
17.05149303224828
 10
127.109918709715
 20
17.323830232977777
 10
127.64092761119988
 20
17.912141077003746
 10
127.8814562423799
 20
18.167246237978944
 10
128.09845396075042
 20
18.389421498686655
 10
128.28676049148555
 20
18.573494564445156
 10
128.4412155597594
 20
18.71429314057272
 10
128.55665889074606
 20
18.806644932387634
 10
128.62793020961962
 20
18.84537764520817
 10
129.69352805288824
 20
19.08464071865006
 10
130.7092778561151
 20
19.33312503304689
 10
131.6642632711638
 20
19.58750425221742
 10
132.54756794989794
 20
19.844452039980407
 10
133.34827554418106
 20
20.1006420601546
 10
134.05546970587676
 20
20.352747976558753
 10
134.65823408684867
 20
20.59744345301162
 10
135.1456523389603
 20
20.831402153331965
 10
135.37505203029326
 20
20.956559874880586
 10
135.5625052196853
 20
21.066076828475012
 10
135.8374053662472
 20
21.260214322961005
 10
136.02201932584688
 20
21.457866419109394
 10
136.16801364568536
 20
21.70308489923964
 10
136.3336605854895
 20
22.116430977277318
 10
136.41291757376104
 20
22.39178615804531
 10
136.49137017152208
 20
22.7254620703801
 10
136.57019832670505
 20
23.12685819208222
 10
136.65058198724245
 20
23.6053740009522
 10
136.7337011010666
 20
24.17040897479056
 10
136.82073561610994
 20
24.83136259139783
 10
136.91286548030496
 20
25.59763432857454
 10
137.011270641584
 20
26.478623664121212
 10
137.11713104787952
 20
27.483730075838377
 10
137.23162664712396
 20
28.62235304152656
 10
137.35593738724967
 20
29.903892038986285
 10
137.49124321618916
 20
31.33774654601808
 10
137.56338802269292
 20
32.11472945243617
 10
137.63872408187478
 20
32.93331604042248
 10
137.7173988872263
 20
33.79468124470207
 10
137.799559932239
 20
34.7
 10
137.91751948326967
 20
35.99783614236628
 10
138.03179970851943
 20
37.24358364381264
 10
138.14268258983347
 20
38.44007332332574
 10
138.25045010905706
 20
39.59013599989224
 10
138.35538424803542
 20
40.6966024924988
 10
138.45776698861383
 20
41.76230362013208
 10
138.65600620195164
 20
43.78273305642545
 10
138.84742360383248
 20
45.674070860665644
 10
139.03427504901822
 20
47.458963584745945
 10
139.21881639227078
 20
49.16005778055963
 10
139.40330348835215
 20
50.800000000000004
 10
139.51695196533365
 20
51.79281165105496
 10
139.62405418437407
 20
52.73001557530156
 10
139.7247881514177
 20
53.61352447429923
 10
139.81933187240878
 20
54.44525104960744
 10
139.9078633532916
 20
55.22710800278561
 10
139.99056060001035
 20
55.9610080353932
 10
140.06760161850937
 20
56.648863848989635
 10
140.13916441473287
 20
57.292588145134374
 10
140.20542699462513
 20
57.894093625386844
 10
140.26656736413042
 20
58.4552929913065
 10
140.37419349575705
 20
59.46442418638514
 10
140.46346685716688
 20
60.33528334284581
 10
140.53581149591392
 20
61.083172073164064
 10
140.59265145955231
 20
61.723391989815454
 10
140.6354107956361
 20
62.27124470527551
 10
140.66551355171936
 20
62.74203183201977
 10
140.68438377535617
 20
63.15105498252379
 10
140.69412281550677
 20
63.84501580471324
 10
140.67602029652048
 20
64.47554007164821
 10
140.6491027953086
 20
64.94271992252038
 10
140.6098962280831
 20
65.31499478646143
 10
140.55204632639598
 20
65.60463285209808
 10
140.4691988217993
 20
65.82390230805707
 10
140.35499944584504
 20
65.98507134296511
 10
140.20309393008526
 20
66.10040814544895
 10
140.00712800607204
 20
66.18218090413531
 10
139.76074740535736
 20
66.2426578076509
 10
139.46240312868312
 20
66.27226412905387
 10
139.0873312076402
 20
66.26074222469519
 10
138.64160046580827
 20
66.21002883174438
 10
138.13127972676708
 20
66.12206068737092
 10
137.56243781409628
 20
65.9987745287443
 10
136.94114355137566
 20
65.84210709303402
 10
136.27346576218486
 20
65.65399511740958
 10
135.5654732701036
 20
65.43637533904045
 10
134.05281947158866
 20
64.92035932274615
 10
132.45173274446844
 20
64.30955294150708
 10
130.81076367738063
 20
63.619450092679195
 10
129.17846285896294
 20
62.86554467361844
 10
128.6845335173369
 20
62.635224026509356
 10
128.28804030445025
 20
62.4674386402098
 10
128.13894149718
 20
62.411946381316966
 10
128.02933282316963
 20
62.37802759137055
 10
127.96425798277737
 20
62.36766215495191
 10
127.9487606763616
 20
62.38282995664238
 10
127.97280493134149
 20
62.43100193499913
 10
128.02105734107366
 20
62.51522741639436
 10
128.1785768218526
 20
62.77322875351591
 10
128.39809951281416
 20
63.119613698438336
 10
128.65640580807397
 20
63.51716198159295
 10
128.9385408101761
 20
63.954758878981316
 10
129.22294364353007
 20
64.4101870804808
 10
129.47648573504986
 20
64.82957243733638
 10
129.66603851164933
 20
65.15904080079306
 10
129.84883684735655
 20
65.45510766667542
 10
130.08398813446672
 20
65.78354835191773
 10
130.3411725772945
 20
66.10437843942955
 10
130.59007038015457
 20
66.37761351212046
 10
130.8618037508856
 20
66.67367731041458
 10
131.18116424484717
 20
67.05666481912323
 10
131.50833608763534
 20
67.47709848773685
 10
131.8035035048462
 20
67.88550076574586
 10
132.04728541382653
 20
68.23297130227805
 10
132.25914649146452
 20
68.50747303993415
 10
132.46688791796467
 20
68.72839068912235
 10
132.69831087353157
 20
68.91510896025085
 10
132.9812165383697
 20
69.08701256372782
 10
133.34340609268364
 20
69.26348620996148
 10
133.8126807166779
 20
69.46391460936002
 10
134.41684159055703
 20
69.7076824723316
 10
136.22503376597632
 20
70.40245248174293
 10
138.17558986660052
 20
71.10082447007824
 10
140.25457935217173
 20
71.79930221794173
 10
142.44807168243196
 20
72.49438950593765
 10
144.7421363171233
 20
73.18259011467022
 10
147.12284271598776
 20
73.86040782474367
 10
149.5762603387674
 20
74.52434641676221
 10
152.0884586452043
 20
75.1709096713301
 10
157.233475148018
 20
76.39792529053075
 10
162.4464479023652
 20
77.51348492717943
 10
165.04359152321902
 20
78.02072820355735
 10
167.61593258618237
 20
78.48961882610998
 10
170.1495405509973
 20
78.91666057544151
 10
172.63048487740588
 20
79.29835723215618
 10
172.9456077812014
 20
79.34419836607809
 10
173.22122836199244
 20
79.38364069805436
 10
173.65980417900676
 20
79.4426629007505
 10
173.95789557734034
 20
79.47409172940576
 10
174.12718580588466
 20
79.47659507318129
 10
174.1793581135313
 20
79.44884082123824
 10
174.12609574917172
 20
79.38949686273779
 10
173.97908196169746
 20
79.29723108684108
 10
173.75
 20
79.17071138270927
 10
173.20917300606104
 20
78.85948042384616
 10
172.80123488646706
 20
78.57756248650215
 10
172.49145811545415
 20
78.29777894760107
 10
172.2451151672583
 20
77.99295118406678
 10
172.0613967399293
 20
77.77526167382254
 10
171.93963963087592
 20
77.68319575929036
 10
171.77507551197584
 20
77.59095971489253
 10
171.5505480735386
 20
77.49003652293491
 10
171.24890100587365
 20
77.3719091657233
 10
170.8529779992905
 20
77.2280606255635
 10
170.3456227440986
 20
77.04997388476136
 10
168.70334321633882
 20
76.4781549139361
 10
167.4130816377451
 20
75.28944857155203
 10
167.01212948655123
 20
74.91822583629019
 10
166.70256640851764
 20
74.62514712893525
 10
166.47173965503802
 20
74.39496515227611
 10
166.30699647750595
 20
74.2124326091017
 10
166.19568412731505
 20
74.06230220220091
 10
166.12514985585898
 20
73.92932663436268
 10
166.05580455472582
 20
73.65385082702949
 10
166.01058972250993
 20
73.4108680292666
 10
165.94881991654444
 20
73.26985218139636
 10
165.84393992227572
 20
73.19667164345344
 10
165.66939452515012
 20
73.1571947754725
 10
165.5769270835871
 20
73.14287569590833
 10
165.43594077996673
 20
73.12116152932923
 10
165.03640626322002
 20
73.0598388604957
 10
164.52678032824204
 20
72.98180861971086
 10
163.96305232836482
 20
72.89565265771368
 10
163.11664716256047
 20
72.75430752203961
 10
162.3406599415552
 20
72.59986843201347
 10
161.63851229186773
 20
72.43340288925431
 10
161.01362584001683
 20
72.25597839538118
 10
160.4694222125213
 20
72.06866245201314
 10
160.00932303589983
 20
71.87252256076927
 10
159.63674993667124
 20
71.66862622326862
 10
159.35512454135423
 20
71.45804094113024
 10
159.20245351620204
 20
71.29458850514762
 10
159.06550252892444
 20
71.09891385982627
 10
158.95023010439738
 20
70.88079251987436
 10
158.8625947674969
 20
70.65
 10
158.77795520927168
 20
70.34827759440316
 10
158.68827586603098
 20
69.97893421084986
 10
158.5938799319578
 20
69.54465031749444
 10
158.49509060123515
 20
69.04810638249126
 10
158.39223106804604
 20
68.49198287399463
 10
158.2856245265735
 20
67.87896026015888
 10
158.17559417100057
 20
67.21171900913836
 10
158.06246319551025
 20
66.49293958908741
 10
157.94655479428553
 20
65.72530246816034
 10
157.82819216150946
 20
64.9114881145115
 10
157.70769849136505
 20
64.05417699629523
 10
157.5853969780353
 20
63.15604958166583
 10
157.33666319855195
 20
61.24806773578508
 10
157.0845763765235
 20
59.208986322103904
 10
156.8317220654141
 20
57.06024908585698
 10
156.58068581868793
 20
54.823299772278986
 10
156.33405318980905
 20
52.51958212660459
 10
156.0944097322417
 20
50.170539894068455
 10
155.64643254489795
 20
45.42225664934966
 10
155.44326992204984
 20
43.06590312763636
 10
155.2574386843698
 20
40.75
 10
155.18168649026887
 20
39.75985634370591
 10
155.1137850638051
 20
38.85590090267234
 10
155.05331804986326
 20
38.029651020951846
 10
154.9998690933281
 20
37.27262404259703
 10
154.95302183908427
 20
36.57633731166045
 10
154.9123599320166
 20
35.93230817219471
 10
154.84792673894856
 20
34.767092043886
 10
154.8032386732018
 20
33.709114410091544
 10
154.77496489385422
 20
32.69051402323197
 10
154.75977455998375
 20
31.643429635727912
 10
154.75433683066822
 20
30.5
 10
154.75400360177392
 20
29.895152963044342
 10
154.75518721954572
 20
29.360065898300483
 10
154.7585139913186
 20
28.890108206485735
 10
154.76461022442754
 20
28.480649288317412
 10
154.77410222620745
 20
28.127058544512828
 10
154.7876163039933
 20
27.8247053757893
 10
154.80577876512
 20
27.56895918286414
 10
154.82921591692258
 20
27.355189366454663
 10
154.894419521895
 20
27.035056466052012
 10
154.98823757759018
 20
26.827261880319867
 10
155.11568054268773
 20
26.69476081499674
 10
155.2817588758672
 20
26.600508475821144
 10
155.64959600845856
 20
26.47766334517639
 10
156.13413701744463
 20
26.416454676216585
 10
156.43444511132427
 20
26.410671820569387
 10
156.78105753718884
 20
26.42234744718445
 10
157.1796837493338
 20
26.452164678342108
 10
157.63603320205456
 20
26.500806636322704
 10
158.15581534964656
 20
26.568956443406574
 10
158.74473964640518
 20
26.657297221874064
 10
159.40851554662586
 20
26.766512094005506
 10
160.15285250460403
 20
26.897284182081243
 10
160.9834599746351
 20
27.05029660838162
 10
161.90604741101453
 20
27.226232495186963
 10
162.92632426803766
 20
27.425774964777627
 10
164.05
 20
27.649607139433943
 10
164.97046983939782
 20
27.83394094246623
 10
165.80543799722878
 20
28.000314417494735
 10
166.562373552703
 20
28.150055253760616
 10
167.2487455850306
 20
28.284491140505033
 10
167.87202317342167
 20
28.40494976696914
 10
168.43967539708626
 20
28.5127588223941
 10
168.95917133523454
 20
28.60924599602107
 10
169.43798006707655
 20
28.695738977091203
 10
170.3034122286823
 20
28.84405311852561
 10
171.09572451558424
 20
28.968322760626585
 10
171.87466956146324
 20
29.079169417323396
 10
172.70000000000002
 20
29.187214602545307
 10
173.10534617260794
 20
29.23845102425906
 10
173.46728103060903
 20
29.283726207368552
 10
174.06999639750762
 20
29.357135871055288
 10
174.52630529012944
 20
29.40892962016659
 10
174.85436689790822
 20
29.44059348126352
 10
175.07234041027766
 20
29.453613480907148
 10
175.19838501667147
 20
29.449475645658545
 10
175.25065990652325
 20
29.429666002078775
 10
175.2473242692668
 20
29.395670576728914
 10
175.21345415598336
 20
29.35852348560839
 10
175.16494265469314
 20
29.328103231914117
 10
175.10826753391086
 20
29.307549006445015
 10
175.04990656215128
 20
29.3
 10
174.92760239707366
 20
29.286748432285247
 10
174.74465257699958
 20
29.248622717229296
 10
174.50811512593023
 20
29.18806633696461
 10
174.22504806786677
 20
29.107522773623664
 10
173.54755722676245
 20
28.896248026242844
 10
172.76864424569618
 20
28.63434633214657
 10
171.13240863171626
 20
28.0368535320466
 10
170.38801438282175
 20
27.740358140162375
 10
169.7680547620037
 20
27.471427229801634
 10
168.88610952400737
 20
27.06453924838803
 10
168.95088099854115
 20
26.593594375471866
 10
169.01565247307494
 20
26.122649502555717
 10
168.25782623653745
 20
25.704320178012566
 10
167.96384771547432
 20
25.536525480826512
 10
167.72362106293085
 20
25.388901435950647
 10
167.561899677161
 20
25.277405574286277
 10
167.50343695641865
 20
25.217995426734706
 10
167.53160779882333
 20
25.191236931093684
 10
167.61101159483084
 20
25.140950459551462
 10
167.7361118644154
 20
25.070047364887202
 10
167.90137212755116
 20
24.98143899988006
 10
168.3302267143731
 20
24.762751869953785
 10
168.85328351509034
 20
24.508179892005934
 10
169.37305458296336
 20
24.255958642696882
 10
169.79296286748672
 20
24.04367201153964
 10
169.95205424853745
 20
23.959477081365506
 10
170.07008287280505
 20
23.893633290046402
 10
170.14168305330753
 20
23.84892979902135
 10
170.161489103063
 20
23.82815576972937
 10
170.12041059240357
 20
23.81548159641066
 10
170.0175138748748
 20
23.793992525136723
 10
169.85966843831503
 20
23.76484999509359
 10
169.65374377056253
 20
23.72921544546729
 10
169.12513469283255
 20
23.643116044209265
 10
168.48664254439132
 20
23.544985834850856
 10
166.63895883627657
 20
23.254312165284233
 10
164.65231809420015
 20
22.91545027024216
 10
162.5435080696993
 20
22.53218823685483
 10
160.32931651431124
 20
22.108314152252422
 10
158.02653117957317
 20
21.64761610356513
 10
155.65193981702234
 20
21.153882177923137
 10
153.22233017819596
 20
20.630900462456626
 10
150.75449001463122
 20
20.08245904429579
 10
145.77126911943566
 20
18.924349448411874
 10
140.83657914373342
 20
17.709858087312885
 10
138.42940262953536
 20
17.0909394626332
 10
136.08472209982227
 20
16.46928965804031
 10
133.81932530613142
 20
15.848696760664396
 10
131.65
 20
15.232948857635643
 10
130.5669288155662
 20
14.915778619337551
 10
129.5937948780123
 20
14.621631082838844
 10
128.6973183045317
 20
14.339230554304566
 10
127.84421921231795
 20
14.057301339899752
 10
126.13503394046465
 20
13.449754078138682
 10
125.21238799521201
 20
13.101584643112503
 10
124.2
 20
12.708783746875952
 10
123.65
 20
12.493142003809488
  0
LWPOLYLINE
  5
33
330
17
100
AcDbEntity
  8
C00_ED1C24
100
AcDbPolyline
 90
232
 70
1
 10
52.30805336195442
 20
15.15
 10
52.29991721845239
 20
17.45
 10
50.674958609226195
 20
17.451693857829536
 10
50.155611649081145
 20
17.453366701870475
 10
49.746661703714025
 20
17.459249860929
 10
49.422828126066776
 20
17.472463347590903
 10
49.15883026908134
 20
17.496127174441984
 10
48.70921912886369
 20
17.58728589905484
 10
48.47304455151534
 20
17.661020821988206
 10
48.19558310659658
 20
17.757686135453923
 10
47.50754108418715
 20
18.0414857378946
 10
46.8847612430804
 20
18.380209230025937
 10
46.32579445825931
 20
18.775357471377973
 10
45.8291916047069
 20
19.22843132148075
 10
45.39350355740618
 20
19.7409316398643
 10
45.01728119134016
 20
20.314359286058668
 10
44.69907538149185
 20
20.95021511959389
 10
44.43743700284426
 20
21.650000000000002
 10
44.3230530254875
 20
22.011231872194188
 10
44.236582892724606
 20
22.305382275559996
 10
44.12817098687162
 20
22.838040543637984
 10
44.09662262672716
 20
23.149349342265918
 10
44.07377493706779
 20
23.53917853989698
 10
44.054824624366304
 20
24.04392860348905
 10
44.04530995514753
 20
24.350774105944797
 10
44.03496839509553
 20
24.700000000000003
 10
44.02227355168032
 20
25.400409396610563
 10
44.02856947001677
 20
26.03901453550369
 10
44.055396767271354
 20
26.62968495617745
 10
44.10429606061055
 20
27.186290198129893
 10
44.27447310420869
 20
28.252783303863097
 10
44.55142553814297
 20
29.34945016868778
 10
44.79683663211374
 20
30.09878809858775
 10
45.092051408320714
 20
30.833323858898474
 10
45.436258357995996
 20
31.552220527299212
 10
45.8286459723717
 20
32.25464118146923
 10
46.26840274267994
 20
32.9397488990878
 10
46.75471716015281
 20
33.60670675783418
 10
47.28677771602242
 20
34.25467783538764
 10
47.86377290152088
 20
34.882825209427445
 10
48.484891207880295
 20
35.490311957632855
 10
49.14932112633278
 20
36.07630115768313
 10
49.85625114811043
 20
36.63995588725756
 10
50.604869764445354
 20
37.18043922403538
 10
51.394365466569674
 20
37.69691424569588
 10
52.22392674571548
 20
38.188544029918305
 10
53.092742093114886
 20
38.65449165438193
 10
54.0
 20
39.09392019676602
 10
54.52860169181505
 20
39.32296457727454
 10
55.16451213747778
 20
39.576568420085565
 10
56.58316377273455
 20
40.09645404647894
 10
57.2783572035227
 20
40.33223560699321
 10
57.90576387054679
 20
40.53157618367382
 10
58.421609894403865
 20
40.679225664986724
 10
58.62401832783136
 20
40.728900585025904
 10
58.78212139569099
 20
40.75993393939789
 10
59.214242791381984
 20
40.827839158546716
 10
59.143396505346175
 20
39.23891957927336
 10
59.11105323172511
 20
38.58753855633844
 10
59.07536175237218
 20
37.98855763337203
 10
59.040657300583504
 20
37.508432049780914
 10
59.02502997043079
 20
37.333707272565704
 10
59.01127510965519
 20
37.213617044971855
 10
58.96457637002418
 20
36.960928918002054
 10
58.874394497237745
 20
36.801390699065244
 10
58.68108415324623
 20
36.674802914649526
 10
58.52711663640806
 20
36.6050530999146
 10
58.325
 20
36.52096609124299
 10
58.08232421875
 20
36.416162561414325
 10
57.88359375
 20
36.32024809359365
 10
57.74931640625
 20
36.243835221886755
 10
57.7
 20
36.19753648039946
 10
57.732333979984126
 20
36.15687829223502
 10
57.820372044297336
 20
36.09582336274382
 10
57.95066837948089
 20
36.02263864940237
 10
58.109777172076036
 20
35.94559110968716
 10
58.51955434415206
 20
35.76080735111764
 10
58.18477717207603
 20
35.4837225818595
 10
58.076707187411934
 20
35.40732286746704
 10
57.896976973230885
 20
35.29595730657672
 10
57.65516276402774
 20
35.15493007164067
 10
57.36084079429734
 20
34.989545335111046
 10
56.652978511234124
 20
34.606920047079626
 10
55.85
 20
34.190514822099566
 10
55.18310747972198
 20
33.84628257284877
 10
54.567409722675364
 20
33.51669875796971
 10
54.00036856775925
 20
33.19966086984145
 10
53.479445853872754
 20
32.89306640084304
 10
53.002103419914974
 20
32.59481284335354
 10
52.56580310478503
 20
32.302797689752
 10
51.80617618660506
 20
31.729072563729055
 10
51.18025981052569
 20
31.15507096180668
 10
50.667748687739795
 20
30.56397282301733
 10
50.248337529440235
 20
29.938958086393473
 10
49.901721046819866
 20
29.26320669096757
 10
49.63435003449706
 20
28.5880814309584
 10
49.465645413413505
 20
27.939085985480787
 10
49.37826806657762
 20
27.223849220004674
 10
49.359658646942684
 20
26.812524362726535
 10
49.35487887699782
 20
26.35
 10
49.36491784979209
 20
25.876443957714542
 10
49.39377483252798
 20
25.46052153383741
 10
49.443912605739364
 20
25.09341243116428
 10
49.51779394996013
 20
24.766296352490826
 10
49.74663847356537
 20
24.196762078325673
 10
50.10001064761479
 20
23.68135633370737
 10
50.330349946101954
 20
23.45157508996696
 10
50.618320899290154
 20
23.241713550713488
 10
50.947610967770146
 20
23.057815048141972
 10
51.30190761213271
 20
22.905922914447412
 10
51.6648982929686
 20
22.79208048182482
 10
52.02027047086861
 20
22.722331082469204
 10
52.351711606423486
 20
22.70271804857557
 10
52.64290916022401
 20
22.73928471233893
 10
52.789571476486806
 20
22.79254198363175
 10
52.86611402237672
 20
22.914568799168723
 10
52.885212271819505
 20
23.0282240824128
 10
52.89532684713427
 20
23.191295707378767
 10
52.89930650447609
 20
23.41452499262023
 10
52.900000000000006
 20
23.70865325669081
 10
52.900000000000006
 20
24.61349610773864
 10
52.47823981986145
 20
24.58174805386932
 10
52.0564796397229
 20
24.55
 10
51.23438911378605
 20
25.85
 10
50.9147015590384
 20
26.359010482724226
 10
50.6519813247528
 20
26.78392763865653
 10
50.550476646248654
 20
26.95096951958803
 10
50.47340503001847
 20
27.080330029436332
 10
50.42416355344841
 20
27.166456488406368
 10
50.40614929392461
 20
27.203796216703065
 10
50.449306120330576
 20
27.2333691819879
 10
50.57538273214294
 20
27.29723587519667
 10
50.77548345263759
 20
27.391404401445772
 10
51.040712605090356
 20
27.511882865851614
 10
51.36217451277712
 20
27.654679373530595
 10
51.73097349897374
 20
27.815802029599123
 10
52.575
 20
28.177058207370422
 10
53.63538791232193
 20
28.62507606981721
 10
54.58346579276059
 20
29.025019585390556
 10
55.425389976030765
 20
29.379357927894574
 10
56.16731679684721
 20
29.690560271133396
 10
56.815402589924695
 20
29.96109578891114
 10
57.37580368997799
 20
30.193433655031935
 10
57.85467643172187
 20
30.390043043299904
 10
58.258177149871095
 20
30.553393127519165
 10
58.59246217914044
 20
30.68595308149385
 10
58.863687854244674
 20
30.79019207902808
 10
59.078010509898554
 20
30.868579293925976
 10
59.24158648081686
 20
30.923583899991666
 10
59.36057210171436
 20
30.95767507102927
 10
59.44112370730582
 20
30.97332198084292
 10
59.5115502114297
 20
30.959159712014824
 10
59.55351848083093
 20
30.823972229187575
 10
59.57624572327408
 20
30.69506119094337
 10
59.602010273854326
 20
30.51069418709823
 10
59.63221855980323
 20
30.25993789186674
 10
59.668277008352355
 20
29.93185897946348
 10
59.71159204673325
 20
29.515524124103038
 10
59.76357010217748
 20
29.0
 10
59.791055069109355
 20
28.735156250000003
 10
59.825302595072166
 20
28.420625000000005
 10
59.86194690705462
 20
28.095781250000005
 10
59.89662223204544
 20
27.8
 10
59.92393420659335
 20
27.542321473168364
 10
59.940529792122376
 20
27.32122276149807
 10
59.94510520293411
 20
27.160234168226033
 10
59.936356653330144
 20
27.082885996589177
 10
59.850847093719665
 20
27.031574507564706
 10
59.64641975451366
 20
26.94147787190065
 10
59.353691270016434
 20
26.82529925749015
 10
59.003278274532285
 20
26.695741832226375
 10
58.108612320085
 20
26.375711671274395
 10
58.057169009691464
 20
25.9628558356372
 10
58.050804330864075
 20
25.8904494397828
 10
58.04241212975842
 20
25.76052239287297
 10
58.03212988528624
 20
25.576285631737502
 10
58.020095076359276
 20
25.340950093206192
 10
58.00644518188928
 20
25.05772671410884
 10
57.991317680788
 20
24.729826431275228
 10
57.957179774338556
 20
23.952838901718426
 10
57.91878118830491
 20
23.035674999174148
 10
57.87722175398104
 20
22.00402221828075
 10
57.8336013026609
 20
20.88356805367658
 10
57.78901966563847
 20
19.700000000000003
 10
57.74423798709969
 20
18.52342790015061
 10
57.700044211050894
 20
17.42302434005594
 10
57.65757836851661
 20
16.423070928896244
 10
57.617980490521354
 20
15.547849275851796
 10
57.59961329792103
 20
15.164600861491618
 10
57.58239060808966
 20
14.821640990102848
 10
57.56645492490531
 20
14.52200486283302
 10
57.55194875224604
 20
14.268727680829667
 10
57.53901459398993
 20
14.064844645240317
 10
57.527794954015036
 20
13.913390957212508
 10
57.51843233619942
 20
13.81740181789377
 10
57.51106924442115
 20
13.779912428431636
 10
57.45766423534503
 20
13.759380251995399
 10
57.357528409504496
 20
13.75528683409696
 10
57.22499063937844
 20
13.767153472035883
 10
57.07437979744573
 20
13.794501463111727
 10
56.826368409916086
 20
13.841217875091683
 10
56.68782291995752
 20
13.812183529453687
 10
56.61094826134457
 20
13.669242385749474
 10
56.58070153559724
 20
13.54313300198245
 10
56.54794936785177
 20
13.374238403530775
 10
56.5163517197484
 20
13.228928648409841
 10
56.48221823263923
 20
13.109932531037165
 10
56.44965625204278
 20
13.029529749028601
 10
56.42277312347758
 20
13.0
 10
56.343769760884385
 20
13.0433984375
 10
56.16929625199386
 20
13.1615625
 10
55.925133703009465
 20
13.3364453125
 10
55.637063220134635
 20
13.55
 10
55.34819489748056
 20
13.763554687500001
 10
55.101860012463604
 20
13.938437500000001
 10
54.92417144624489
 20
14.056601562500001
 10
54.84124207998557
 20
14.100000000000001
 10
54.76962629235609
 20
14.071846008113349
 10
54.622742024386916
 20
13.995189099511078
 10
54.42199750077926
 20
13.881736874779719
 10
54.18880094623435
 20
13.743196934505796
 10
53.60143974596008
 20
13.386393869011602
 10
53.18509520314258
 20
13.618196934505796
 10
53.019354251355104
 20
13.701066482385349
 10
52.879179135949855
 20
13.753373139310918
 10
52.77858875081638
 20
13.771042460207477
 10
52.73160198984425
 20
13.75
 10
52.70225416810107
 20
13.679609375000004
 10
52.64980824364958
 20
13.561875000000004
 10
52.581689047936855
 20
13.413203125000003
 10
52.50532141240995
 20
13.25
 10
52.316189505456464
 20
12.850000000000001
  0
LWPOLYLINE
  5
34
330
17
100
AcDbEntity
  8
C00_ED1C24
100
AcDbPolyline
 90
261
 70
1
 10
64.1611105314235
 20
14.082022782523701
 10
64.1327977970671
 20
14.13967254020535
 10
64.07453130984564
 20
14.267880012321989
 10
63.98986401544791
 20
14.45851732476652
 10
63.88234885956268
 20
14.703456603431844
 10
63.75553878787874
 20
14.994569974210863
 10
63.61298674608484
 20
15.323729562996482
 10
63.29486853492231
 20
16.063675898159115
 10
62.97522413869647
 20
16.802372181067682
 10
62.83088336267614
 20
17.13006667148127
 10
62.701706570838326
 20
17.419241533009867
 10
62.591326040273586
 20
17.66183386951007
 10
62.503374048072516
 20
17.84978078483849
 10
62.4414828713257
 20
17.975019382851723
 10
62.409284787123696
 20
18.02948676740638
 10
62.35202992579997
 20
18.02074629344737
 10
62.2539890851817
 20
17.938188757702765
 10
62.12890320690192
 20
17.795674864036567
 10
61.99051323259362
 20
17.607065316312788
 10
61.853804360747326
 20
17.411980302223704
 10
61.733295741646245
 20
17.251835188255928
 10
61.64202924461245
 20
17.14318344646499
 10
61.59304673896804
 20
17.10257854890641
 10
61.55964557383628
 20
17.12662739637485
 10
61.51080351879236
 20
17.194013079162428
 10
61.45308307383628
 20
17.29440335357086
 10
61.393046738968046
 20
17.41746597590186
 10
61.24036414494055
 20
17.683459739769358
 10
61.07230266563653
 20
17.841166044310288
 10
60.89189566544931
 20
17.888797456357043
 10
60.70217650877223
 20
17.824566542742016
 10
60.59424042223567
 20
17.767197117763587
 10
60.52389603243787
 20
17.76688641905861
 10
60.47385547961265
 20
17.83309815403697
 10
60.426830903993846
 20
17.975296030108552
 10
60.40580871732388
 20
18.12733516317052
 10
60.38851596141953
 20
18.409165500714302
 10
60.37485635818874
 20
18.805192637923962
 10
60.36473362953946
 20
19.29982216998359
 10
60.35805149737964
 20
19.877459692077252
 10
60.354713683617234
 20
20.52251079938903
 10
60.35768589891644
 20
21.952476150403236
 10
60.37288005070068
 20
23.464962984498825
 10
60.39952591423353
 20
24.935216063148403
 10
60.41690254267556
 20
25.615518932141132
 10
60.436853264778584
 20
26.23848014782459
 10
60.45928180245056
 20
26.788505305382856
 10
60.48409187759944
 20
27.25
 10
60.560964258976014
 20
28.402302655402877
 10
60.65414780041143
 20
29.687926170835247
 10
60.759955014497656
 20
31.062307215717997
 10
60.874698413826664
 20
32.48088245947202
 10
60.99469051099041
 20
33.899088571518206
 10
61.11624381858087
 20
35.27236222127745
 10
61.23567084919001
 20
36.55614007817063
 10
61.34928411540979
 20
37.70585881161865
 10
61.599863890844944
 20
40.150000000000006
 10
61.924931945422465
 20
40.432361865982
 10
62.08039152601288
 20
40.565476010517976
 10
62.26337163529475
 20
40.7191843959488
 10
62.45104604207372
 20
40.87445875916152
 10
62.62058851515542
 20
41.01227083704319
 10
62.99117703031083
 20
41.30981794212238
 10
63.229368473894965
 20
40.841134883302566
 10
63.46755991747912
 20
40.37245182448274
 10
64.33925004453795
 20
41.63725205813612
 10
65.21094017159677
 20
42.90205229178951
 10
65.69796999761193
 20
42.376026145894755
 10
66.18499982362708
 20
41.85
 10
66.67093482768685
 20
42.325
 10
66.86616173345062
 20
42.50943359375
 10
67.0385011081479
 20
42.66046875000001
 10
67.16928550541158
 20
42.76251953125001
 10
67.23984747887458
 20
42.800000000000004
 10
67.26758665659133
 20
42.74673828125
 10
67.28177433276377
 20
42.60171875
 10
67.281550560246
 20
42.387089843750005
 10
67.26605539189214
 20
42.125
 10
67.2514046377358
 20
41.950627441406255
 10
67.23146011333233
 20
41.712988281250006
 10
67.2071071527992
 20
41.422644042968756
 10
67.17923109025384
 20
41.09015625000001
 10
67.11645099559641
 20
40.34099609375001
 10
67.05020250229977
 20
39.550000000000004
 10
66.97743628303351
 20
38.68618482190519
 10
66.89690990479544
 20
37.73875488154801
 10
66.8184163820176
 20
36.8224835698194
 10
66.7829922584363
 20
36.41189908434421
 10
66.75174872913206
 20
36.05214427761025
 10
66.7001805402133
 20
35.42918005167156
 10
66.66279941932518
 20
34.91417748473875
 10
66.65052714358518
 20
34.71387704523316
 10
66.6431193958839
 20
34.560625286679375
 10
66.64101542989837
 20
34.46110829781083
 10
66.64465449930562
 20
34.42201216736098
 10
66.6718608218314
 20
34.423973516830074
 10
66.73527616781013
 20
34.44347083902563
 10
66.95169688789888
 20
34.52656835696106
 10
67.25584257511674
 20
34.65429463189717
 10
67.6096391450086
 20
34.809639574563874
 10
68.31388859499371
 20
35.135145106008686
 10
68.58819330617672
 20
35.271285516246586
 10
68.7598525622132
 20
35.3670042371347
 10
68.87952929666282
 20
35.50480015058633
 10
68.92207077263052
 20
35.646959013825395
 10
68.95751933633969
 20
35.87583226859887
 10
68.98920374922496
 20
36.21982525530092
 10
69.02045277272101
 20
36.70734331432571
 10
69.03695425139641
 20
37.01380091483231
 10
69.0545951682625
 20
37.36679178606742
 10
69.0737916184986
 20
37.76986659558029
 10
69.09495969728405
 20
38.226576010920205
 10
69.14572286228325
 20
39.3195382941801
 10
69.1694895644036
 20
39.82365785638808
 10
69.19134712791487
 20
40.28218170320781
 10
69.21067113904985
 20
40.682093837809084
 10
69.22683718404133
 20
41.01037826336168
 10
69.23922084912213
 20
41.25401898303539
 10
69.24719772052504
 20
41.400000000000006
 10
69.25869352186069
 20
41.627988281250005
 10
69.2700469228811
 20
41.91609375
 10
69.27994893895576
 20
42.22740234375001
 10
69.28709058545418
 20
42.525000000000006
 10
69.3
 20
43.2
 10
69.72500000000001
 20
43.2009768915704
 10
70.0464109261219
 20
43.23039585985618
 10
70.36555935085883
 20
43.31356663959049
 10
70.67463068518028
 20
43.445066236488174
 10
70.96581034005568
 20
43.61947165626405
 10
71.23128372645449
 20
43.83135990463294
 10
71.46323625534617
 20
44.07530798730967
 10
71.65385333770017
 20
44.345892910009084
 10
71.79532038448592
 20
44.637691678446
 10
71.90436335009532
 20
44.9244964126988
 10
72.13656916547703
 20
44.673942191449285
 10
72.24334914197644
 20
44.571382079123644
 10
72.36243257609922
 20
44.477352115306736
 10
72.47928942131708
 20
44.40226701094227
 10
72.57938963110169
 20
44.356541476973966
 10
72.83870632359793
 20
44.35182769800922
 10
73.1271185658716
 20
44.474422408703084
 10
73.41463570839188
 20
44.70588843307807
 10
73.67126710162803
 20
45.02778859515668
 10
73.78718756411402
 20
45.20838230839158
 10
73.8747220559051
 20
45.34187567105453
 10
73.93873427082505
 20
45.43288960305588
 10
73.98408790269765
 20
45.48604502430594
 10
74.03827419259589
 20
45.49726401419354
 10
74.07619047619002
 20
45.4125
 10
74.1101180604695
 20
45.34413556676237
 10
74.16641355161204
 20
45.25963927576879
 10
74.23724784278858
 20
45.1697503900983
 10
74.3147918271701
 20
45.08520817282991
 10
74.41782862326039
 20
44.9957616017915
 10
74.50784321904536
 20
44.95478626998196
 10
74.60034827801225
 20
44.95917239714371
 10
74.7108564636483
 20
45.00581020301918
 10
74.79320151982775
 20
45.04606211087738
 10
74.86492475571275
 20
45.07405214341114
 10
74.91832087384199
 20
45.087244162541445
 10
74.9456845767542
 20
45.08310203018928
 10
74.94615382649792
 20
44.99528819502985
 10
74.92632247312875
 20
44.780661221368106
 10
74.8896690511961
 20
44.47147914456963
 10
74.83967209524933
 20
44.1
 10
74.80137794828232
 20
43.81464359137025
 10
74.7606832690099
 20
43.48350013918182
 10
74.67382561698781
 20
42.703210302451225
 10
74.5825657460612
 20
41.797846886452724
 10
74.4903702631082
 20
40.80612628783084
 10
74.31703888863558
 20
38.71847912929504
 10
74.24283621087224
 20
37.69998536267016
 10
74.18156434859505
 20
36.75
 10
74.1600689938934
 20
36.349120909891724
 10
74.14056168465534
 20
35.90549383205814
 10
74.10741416411422
 20
34.901069207404724
 10
74.08192771006024
 20
33.758873114419146
 10
74.06390824558197
 20
32.50105254148078
 10
74.05316169376798
 20
31.14975447696902
 10
74.04949397770685
 20
29.72712590926325
 10
74.06261874519741
 20
26.756465217787223
 10
74.10172993276221
 20
23.7662463740878
 10
74.13054524179387
 20
22.319170116102775
 10
74.1652749251098
 20
20.933645285200058
 10
74.20572490579858
 20
19.631818869759037
 10
74.25170110694874
 20
18.435837858159093
 10
74.30300945164889
 20
17.36784923877962
 10
74.33060252879538
 20
16.888773010041117
 10
74.35945586298759
 20
16.45
 10
74.41590877043042
 20
15.65
 10
72.97133233764909
 20
17.149733672893934
 10
71.52675590486776
 20
18.649467345787865
 10
71.46337795243387
 20
18.324733672893935
 10
71.43419721763357
 20
18.174973801465587
 10
71.40159577509402
 20
18.00726551641259
 10
71.36955455147046
 20
17.842107891376784
 10
71.34205447341809
 20
17.7
 10
71.30628178981102
 20
17.571672998130232
 10
71.25599991417565
 20
17.478666864616926
 10
71.19249531816149
 20
17.42266627186577
 10
71.1170544734181
 20
17.405355892282454
 10
70.97722941616124
 20
17.44449334020734
 10
70.72000975156658
 20
17.547096447848972
 10
70.38204882954315
 20
17.697579277707344
 10
70.0
 20
17.880355892282456
 10
69.05
 20
18.35
 10
68.96882518245091
 20
23.597841484215678
 10
68.9517185540305
 20
24.65282246159441
 10
68.93421246328505
 20
25.63857399504821
 10
68.91680068362969
 20
26.53341090491192
 10
68.89997698847955
 20
27.315648011520405
 10
68.88423515124981
 20
27.96360013520851
 10
68.87692423354733
 20
28.230442709812067
 10
68.87006894535561
 20
28.455582096311094
 10
68.86373100835156
 20
28.636307647247456
 10
68.85797214421207
 20
28.76990871516301
 10
68.85285407461404
 20
28.853674652599608
 10
68.84843852123436
 20
28.884894812099105
 10
68.81393432687598
 20
28.884299260097148
 10
68.73027115129696
 20
28.867365554959143
 10
68.60296077747219
 20
28.835635451256298
 10
68.43751498837656
 20
28.79065070355982
 10
68.01426429627234
 20
28.667084294470797
 10
67.50461333878344
 20
28.509000364261738
 10
66.2
 20
28.093894072756644
 10
66.2
 20
22.046947036378324
 10
66.19960822268763
 20
21.304311384788658
 10
66.19842973514523
 20
20.611595343437973
 10
66.19645980396491
 20
19.96852189475552
 10
66.19369369573882
 20
19.37481402117054
 10
66.19012667705901
 20
18.830194705112287
 10
66.18575401451764
 20
18.334386929010005
 10
66.18057097470678
 20
17.887113675292944
 10
66.17457282421859
 20
17.488097926390346
 10
66.16775482964512
 20
17.13706266473146
 10
66.16011225757853
 20
16.833730872745534
 10
66.1516403746109
 20
16.57782553286182
 10
66.14233444733435
 20
16.369069627509557
 10
66.132189742341
 20
16.207186139117997
 10
66.12120152622293
 20
16.091898050116384
 10
66.10936506557228
 20
16.022928342933973
 10
66.09667562698115
 20
16.0
 10
66.0177830788816
 20
16.01964808596154
 10
65.87935738851667
 20
16.073145349718196
 10
65.70091257517615
 20
16.15232130007805
 10
65.5019626581498
 20
16.249005445849175
 10
65.30740068248846
 20
16.339597697789166
 10
65.14090323425071
 20
16.402186808509803
 10
65.0201596442379
 20
16.431135549600423
 10
64.96285924325139
 20
16.420806692650356
 10
64.94706777762562
 20
16.38213272153908
 10
64.92033771535486
 20
16.30127212750299
 10
64.83983363128016
 20
16.032878593798994
 10
64.73289065183079
 20
15.655401137823608
 10
64.6110524378103
 20
15.208614805862068
 10
64.50392325261237
 20
14.811628887195463
 10
64.41939252632342
 20
14.508011890712432
 10
64.35343052190319
 20
14.287673914713944
 10
64.30200750231141
 20
14.140525057500973
 10
64.26109373050782
 20
14.056475417374493
 10
64.22665946945216
 20
14.025435092635473
  0
LWPOLYLINE
  5
35
330
17
100
AcDbEntity
  8
C00_ED1C24
100
AcDbPolyline
 90
221
 70
1
 10
82.37865883061602
 20
16.6
 10
82.29358309519112
 20
16.778723144531252
 10
82.18837507066455
 20
16.99970703125
 10
81.93416349454978
 20
17.53359375
 10
81.6492267827586
 20
18.131933593750002
 10
81.36676761577787
 20
18.725
 10
81.10841550683868
 20
19.258886718750002
 10
80.88911682436847
 20
19.696093750000003
 10
80.80135563158471
 20
19.86434326171875
 10
80.73204953164876
 20
19.991503906250003
 10
80.68409576997078
 20
20.071936035156252
 10
80.660391591961
 20
20.1
 10
80.60679821167646
 20
20.043421946874766
 10
80.49891660050015
 20
19.889372792325865
 10
80.35241272671418
 20
19.661380043593486
 10
80.18295255860069
 20
19.382971207917834
 10
79.75697358684342
 20
18.665942415835662
 10
78.9748782505312
 20
20.30207292174248
 10
78.66246803091411
 20
20.947879479792974
 10
78.38999657203001
 20
21.496782544808998
 10
78.277892822008
 20
21.716750450977987
 10
78.18675969514341
 20
21.890718704147044
 10
78.12025916909431
 20
22.01142937773573
 10
78.08205322151876
 20
22.071624545163605
 10
78.01920015144847
 20
22.11888568132907
 10
77.94488747683155
 20
22.126408364788496
 10
77.77160674059174
 20
22.03090993480488
 10
77.58165786606712
 20
21.802472377644033
 10
77.39448770652545
 20
21.45843881573724
 10
77.2172215858199
 20
21.066877631474473
 10
77.15683731969189
 20
21.508438815737236
 10
77.1332478486884
 20
21.704525430289785
 10
77.10977186874335
 20
21.94490948018849
 10
77.06393247737351
 20
22.54063047966638
 10
77.02086333627228
 20
23.259723001454965
 10
76.9821086361296
 20
24.066308232838292
 10
76.92371932147947
 20
25.798441573525366
 10
76.90717308835185
 20
26.652232057397214
 10
76.90111805894242
 20
27.450000000000003
 10
76.94983276919939
 20
30.45620357810528
 10
77.0157223931796
 20
32.03061464476501
 10
77.11296473056133
 20
33.70870647135831
 10
77.17420204197316
 20
34.59979077311338
 10
77.24430818196986
 20
35.53258498903182
 10
77.32362670062957
 20
36.51235236050698
 10
77.41250114803049
 20
37.54435612893218
 10
77.51127507425072
 20
38.63385953570076
 10
77.62029202936847
 20
39.78612582220603
 10
77.73989556346187
 20
41.00641822984134
 10
77.8704292266091
 20
42.300000000000004
 10
77.93925594010038
 20
42.97781235585128
 10
78.00126031504922
 20
43.59840446476264
 10
78.0567811329458
 20
44.166546740911166
 10
78.10615717528029
 20
44.687009598473956
 10
78.18783005922363
 20
45.603978714550685
 10
78.24898921880056
 20
46.38747512640951
 10
78.29234490593244
 20
47.07566214746715
 10
78.32060737254055
 20
47.70670309114031
 10
78.34269365187086
 20
48.95
 10
78.34295763906145
 20
49.49535121175189
 10
78.33939319929289
 20
49.95453394656879
 10
78.33163142659362
 20
50.33439415927524
 10
78.31930341499208
 20
50.641777804695764
 10
78.3020402585167
 20
50.883530837654895
 10
78.27947305119591
 20
51.06649921297715
 10
78.25123288705815
 20
51.19752888548706
 10
78.21695086013186
 20
51.28346581000916
 10
78.04311399210863
 20
51.49155852601537
 10
77.79088069339586
 20
51.64554589919518
 10
77.46190358568478
 20
51.74585680143971
 10
77.05783529066666
 20
51.792920104640096
 10
76.58032843003272
 20
51.78716468068747
 10
76.03103562547425
 20
51.72901940147295
 10
75.41160949868248
 20
51.618913138887656
 10
74.72370267134865
 20
51.457274764822735
 10
73.96896776516402
 20
51.2445331511693
 10
73.14905740181985
 20
50.98111716981848
 10
72.26562420300736
 20
50.66745569266141
 10
71.32032079041784
 20
50.303977591589216
 10
70.31479978574252
 20
49.891111738493024
 10
69.25071381067265
 20
49.42928700526395
 10
68.12971548689947
 20
48.91893226379314
 10
66.95345743611425
 20
48.36047638597171
 10
66.19496654099801
 20
47.99688086292895
 10
65.86322215804853
 20
47.84041126381548
 10
65.57382812185857
 20
47.70575591198213
 10
65.3347966601934
 20
47.59661141168502
 10
65.15414000081839
 20
47.516674367180286
 10
65.03987037149882
 20
47.46964138272405
 10
65.0
 20
47.459209062572455
 10
65.01100436034237
 20
47.49001435935279
 10
65.04254317299824
 20
47.561169568878505
 10
65.15837854502314
 20
47.806168202307504
 10
65.32981489561998
 20
48.15748191514234
 10
65.53916100433405
 20
48.57838765966588
 10
66.0384137779157
 20
49.48102912171254
 10
66.60049106313835
 20
50.339701744075875
 10
67.1831712100006
 20
51.09488239449467
 10
67.46904309092115
 20
51.41506225139323
 10
67.74423256850108
 20
51.68704794070771
 10
68.05638973621275
 20
51.92826290243566
 10
68.49989157767126
 20
52.203161319611254
 10
69.06834095072091
 20
52.509663552571794
 10
69.75534071320602
 20
52.84568996165461
 10
70.55449372297089
 20
53.20916090719702
 10
71.45940283785984
 20
53.59799674953634
 10
72.4636709157172
 20
54.01011784900991
 10
73.56090081438727
 20
54.44344456595503
 10
74.74469539171436
 20
54.89589726070904
 10
76.00865750554279
 20
55.36539629360925
 10
77.34639001371687
 20
55.849862024992994
 10
78.75149577408092
 20
56.34721481519758
 10
80.21757764447926
 20
56.85537502456034
 10
81.7382384827562
 20
57.37226301341859
 10
83.30708114675605
 20
57.895799142109645
 10
84.91770849432311
 20
58.423903770970846
 10
88.23872867153618
 20
59.48549997055293
 10
91.65012187714993
 20
60.54041449486342
 10
95.10071097391885
 20
61.57201022660089
 10
98.53931882459747
 20
62.563650048463906
 10
101.91476829194032
 20
63.498696843151045
 10
103.56281577647161
 20
63.93979875614697
 10
105.17588223870187
 20
64.36051349336088
 10
106.74757053647546
 20
64.75876141513012
 10
108.27148352763668
 20
65.13246288179201
 10
109.74122407002983
 20
65.47953825368384
 10
111.15039502149924
 20
65.79790789114297
 10
112.04002647615256
 20
65.99261138204268
 10
112.43262567344318
 20
66.07758640677001
 10
112.77762094509484
 20
66.15158175748705
 10
113.06541761189632
 20
66.21255103904737
 10
113.28642099463644
 20
66.25844785630451
 10
113.43103641410399
 20
66.28722581411205
 10
113.48966919108776
 20
66.29683851732354
 10
113.45799492312297
 20
66.2662705898705
 10
113.32715459925434
 20
66.18537815571949
 10
113.11808131554947
 20
66.0664659023705
 10
112.85170816807593
 20
65.92183851732352
 10
112.34373340512671
 20
65.60211979772602
 10
111.97683853554919
 20
65.2671026350657
 10
111.85232586189626
 20
65.10082921730651
 10
111.77031892293198
 20
64.9390976844451
 10
111.73322963910493
 20
64.78469686836924
 10
111.7434699308637
 20
64.64041560096678
 10
111.75130602405736
 20
64.52091971533146
 10
111.68435751556471
 20
64.42552102175888
 10
111.51210485245294
 20
64.32983972359939
 10
111.2040284817892
 20
64.20949602420335
 10
110.81587050906549
 20
64.0414063227081
 10
110.42954940192674
 20
63.82354142613213
 10
110.0526074278371
 20
63.562664614947415
 10
109.69258685426075
 20
63.265539169625946
 10
109.05347897850447
 20
62.58959549846065
 10
108.78947621125289
 20
62.2243038335608
 10
108.57256391437119
 20
61.84981665641212
 10
108.43018285208338
 20
61.66511412353077
 10
108.28226675460279
 20
61.58288698903413
 10
108.03519476534198
 20
61.49200099557196
 10
107.65296274863412
 20
61.380899932948104
 10
107.39991043759167
 20
61.31415743501423
 10
107.09956656881239
 20
61.238027590966375
 10
106.74743062533794
 20
61.15106587453001
 10
106.33900209020996
 20
61.051827759430616
 10
105.8697804464701
 20
60.93886871939367
 10
105.33526517716001
 20
60.81074422814466
 10
103.40433051680589
 20
60.341062430138734
 10
101.56967151229156
 20
59.880003093697866
 10
99.83209343011285
 20
59.42783601161554
 10
98.19240153676549
 20
58.98483097668521
 10
96.65140109874528
 20
58.55125778170037
 10
95.20989738254801
 20
58.127386219454486
 10
93.86869565466944
 20
57.713486082741035
 10
92.62860118160536
 20
57.30982716435349
 10
91.49041922985154
 20
56.916679257085335
 10
90.45495506590376
 20
56.534312153730035
 10
89.52301395625778
 20
56.162995647081075
 10
88.69540116740943
 20
55.80299952993192
 10
87.97292196585443
 20
55.45459359507605
 10
87.35638161808859
 20
55.11804763530694
 10
86.84658539060769
 20
54.793631443418064
 10
86.4443385499075
 20
54.481614812202906
 10
86.18764216740317
 20
54.19743826482044
 10
85.94037659381029
 20
53.804163701643056
 10
85.70260417552973
 20
53.3021607152445
 10
85.47438725896237
 20
52.69179889819855
 10
85.25578819050907
 20
51.97344784307896
 10
85.04686931657072
 20
51.1474771424595
 10
84.84769298354819
 20
50.21425638891393
 10
84.65832153784235
 20
49.17415517501602
 10
84.4788173258541
 20
48.02754309333953
 10
84.30924269398429
 20
46.77478973645822
 10
84.14965998863381
 20
45.41626469694586
 10
84.00013155620353
 20
43.95233756737621
 10
83.86071974309432
 20
42.38337794032304
 10
83.73148689570706
 20
40.7097554083601
 10
83.61249536044264
 20
38.93183956406117
 10
83.5038074837019
 20
37.050000000000004
 10
83.45089559201767
 20
35.95660325084483
 10
83.40455581718446
 20
34.78559349115149
 10
83.36482062591959
 20
33.55199352426064
 10
83.33172248494043
 20
32.27082615351292
 10
83.26634975822779
 20
26.97093869876648
 10
83.26692386943736
 20
25.677276358844235
 10
83.27432983123673
 20
24.42618343510904
 10
83.28860011034322
 20
23.232682730901537
 10
83.3097671734742
 20
22.11179704956239
 10
83.33786348734701
 20
21.078549194432245
 10
83.37292151867898
 20
20.147961968851753
 10
83.41497373418748
 20
19.33505817616157
 10
83.46405260058987
 20
18.654860619702344
 10
83.53275200487417
 20
17.85972123940469
 10
83.2413760024371
 20
18.089843199390636
 10
83.12964745805614
 20
18.18051864845268
 10
83.04720690051633
 20
18.237918184082496
 10
82.9877752078367
 20
18.24447892742679
 10
82.94507325803637
 20
18.182637999632263
 10
82.91282192913441
 20
18.034832521845615
 10
82.88474209914988
 20
17.783499615213557
 10
82.85455464610186
 20
17.411076400882784
 10
82.81598044800944
 20
16.900000000000002
 10
82.73563408324033
 20
15.850000000000001
  0
LWPOLYLINE
  5
36
330
17
100
AcDbEntity
  8
C00_ED1C24
100
AcDbPolyline
 90
297
 70
1
 10
94.275
 20
18.06353718688072
 10
94.14485391883363
 20
18.122726722364902
 10
94.11944752002134
 20
18.222818729654193
 10
94.20796778848963
 20
18.40488470634215
 10
94.29782135574354
 20
18.539492776208608
 10
94.41960170916502
 20
18.709996150022313
 10
94.66343646934406
 20
19.059210659241934
 10
94.91825495915262
 20
19.44955668538818
 10
95.45115995895101
 20
20.334120357541032
 10
95.99895037114558
 20
21.32464130464185
 10
96.54225985832173
 20
22.382073664851625
 10
97.06172208306486
 20
23.467371576331338
 10
97.5379707079604
 20
24.541489177241985
 10
97.95163939559372
 20
25.565380605744544
 10
98.28336180855023
 20
26.5
 10
98.3957781250263
 20
26.864264242635183
 10
98.51509733110015
 20
27.280681019840525
 10
98.74752402290238
 20
28.162193566440003
 10
98.8471713140613
 20
28.573400030073294
 10
98.9268011056791
 20
28.928980416755067
 10
98.9796833004711
 20
29.20199007360489
 10
98.99908780115253
 20
29.36548434774235
 10
98.98762485873293
 20
29.4794991756607
 10
98.93419662965822
 20
29.53726340818619
 10
98.81209419037855
 20
29.54941559878409
 10
98.59460861734404
 20
29.52659430091967
 10
98.44638832864092
 20
29.5060193850823
 10
98.33910656398741
 20
29.497963841316995
 10
98.27015658078346
 20
29.514703787619496
 10
98.23693163642899
 20
29.568515341985545
 10
98.23682498832393
 20
29.671674622410876
 10
98.26722989386822
 20
29.836457746891238
 10
98.32553961046177
 20
30.075140833422367
 10
98.40914739550453
 20
30.400000000000002
 10
98.4440346800296
 20
30.544734614324323
 10
98.47268812789315
 20
30.680082574118266
 10
98.4921449373262
 20
30.790885054613305
 10
98.49944230655973
 20
30.861983231040906
 10
98.47814561568991
 20
30.909189752057802
 10
98.41689212343117
 20
31.000999403002115
 10
98.31998177312576
 20
31.13198693992083
 10
98.19171450811594
 20
31.296727118860932
 10
97.85830900735202
 20
31.70576442699327
 10
97.45107516787746
 20
32.184709375775036
 10
97.0036167577219
 20
32.70449071815673
 10
96.6298601022061
 20
33.146109434493695
 10
96.32646904633114
 20
33.51390004755335
 10
96.09010743509815
 20
33.81219708010311
 10
95.91743911350827
 20
34.045335054910396
 10
95.80512792656258
 20
34.21764849474262
 10
95.74983771926222
 20
34.3334719223672
 10
95.7482323366083
 20
34.397139860551555
 10
95.80202103776766
 20
34.42411953957388
 10
95.93695013331417
 20
34.47032787912519
 10
96.14400643174618
 20
34.53324914882639
 10
96.41417674156203
 20
34.61036761829838
 10
96.73844787126006
 20
34.69916755716207
 10
97.10780662933863
 20
34.797133235038345
 10
97.94573426463074
 20
35.010498886312305
 10
98.30561181579321
 20
35.10003254474571
 10
98.6231231693611
 20
35.17963787485105
 10
99.14193416059516
 20
35.312958021737735
 10
99.52394099209715
 20
35.41824827029271
 10
99.79091741763129
 20
35.5032975638363
 10
99.96463719096175
 20
35.57589484568884
 10
100.06687406585277
 20
35.6438290591707
 10
100.14399413537326
 20
35.796864054303676
 10
100.18814644772988
 20
36.05633553949096
 10
100.23379142047652
 20
36.39443432824555
 10
100.28045375948453
 20
36.803868127272125
 10
100.32765817062517
 20
37.27734464327537
 10
100.37492935976977
 20
37.807571582959966
 10
100.42179203278961
 20
38.38725665303061
 10
100.51239065394029
 20
39.66583201114876
 10
100.59565168104763
 20
41.05473237126729
 10
100.66777276108206
 20
42.49561938702369
 10
100.72495154101401
 20
43.93015471205543
 10
100.76338566781392
 20
45.300000000000004
 10
100.77558862726453
 20
46.35615687031708
 10
100.77239346783587
 20
47.519125750328904
 10
100.7559647501735
 20
48.71466136661394
 10
100.72846703492299
 20
49.86851844575064
 10
100.69206488272988
 20
50.90645171431746
 10
100.67120106798158
 20
51.35874527169294
 10
100.64892285423974
 20
51.754215898892866
 10
100.62550081158501
 20
52.083582936739546
 10
100.60120551009813
 20
52.3375657260553
 10
100.57630751985974
 20
52.50688360766243
 10
100.55107741095058
 20
52.58225592238323
 10
100.4707428564273
 20
52.58254682285996
 10
100.27192173754234
 20
52.559396883865276
 10
99.97799303335577
 20
52.51666698273043
 10
99.61233572292761
 20
52.45821799678665
 10
98.75935119958673
 20
52.309606279797315
 10
97.9
 20
52.1444487515472
 10
97.74117476119743
 20
52.14774601776094
 10
97.52862632845763
 20
52.221599712526405
 10
97.23926473148903
 20
52.37653509470889
 10
96.85000000000001
 20
52.62307742317371
 10
96.58705461368164
 20
52.79815243583921
 10
96.3884320718301
 20
52.936218178649646
 10
96.2442882185519
 20
53.04913034471137
 10
96.14477889795364
 20
53.14874462713073
 10
96.0402872312232
 20
53.35550231346776
 10
95.99620382449127
 20
53.6513367825115
 10
95.95197872641435
 20
53.93022732348142
 10
95.88002313694848
 20
54.180014056756484
 10
95.77583806266492
 20
54.406334256009224
 10
95.63492451013488
 20
54.61482519491214
 10
95.45278348592963
 20
54.81112414713777
 10
95.22491599662038
 20
55.000868386358604
 10
94.9468230487784
 20
55.189695186247185
 10
94.61400564897491
 20
55.38324182047601
 10
94.41319726461063
 20
55.50066928852117
 10
94.26155864093882
 20
55.60432643316258
 10
94.17383082000275
 20
55.6829855657719
 10
94.16475484384576
 20
55.72541899772079
 10
94.26268013555429
 20
55.76914099538229
 10
94.44780985598392
 20
55.83857996431494
 10
94.70986810379826
 20
55.93050265313971
 10
95.03857897766093
 20
56.041675810477614
 10
95.42366657623555
 20
56.16886618494962
 10
95.85485499818573
 20
56.30884052517673
 10
96.81443070686728
 20
56.61420809738017
 10
98.83465234593653
 20
57.23608777017168
 10
99.73088385494214
 20
57.50086784869554
 10
100.11456412713535
 20
57.610401568662965
 10
100.44158620934034
 20
57.700386740595356
 10
102.26317005213247
 20
58.17279564678491
 10
103.99404669958905
 20
58.59003830675213
 10
105.62123473993128
 20
58.949703950927606
 10
107.13175276138031
 20
59.24938180974195
 10
108.5126193521573
 20
59.48666111362576
 10
109.15037666986291
 20
59.58114794197827
 10
109.75085310048343
 20
59.659131093009634
 10
110.31242596754653
 20
59.72030922052366
 10
110.83347259457986
 20
59.76438097832418
 10
111.31237030511105
 20
59.79104502021502
 10
111.74749642266775
 20
59.800000000000004
 10
112.42148142122406
 20
59.76917030216563
 10
113.12428855069632
 20
59.6792555279205
 10
113.84332618993645
 20
59.534117156151595
 10
114.56600271779631
 20
59.33761666574588
 10
115.27972651312777
 20
59.09361553559032
 10
115.97190595478273
 20
58.8059752445719
 10
116.62994942161305
 20
58.47855727157757
 10
117.2412652924706
 20
58.11522309549432
 10
117.78422241179456
 20
57.723940222629324
 10
118.31763469364064
 20
57.266259063118795
 10
118.83349226165942
 20
56.75198350826906
 10
119.32378523950149
 20
56.190917449386426
 10
119.78050375081742
 20
55.5928647777772
 10
120.19563791925779
 20
54.9676293847477
 10
120.5611778684732
 20
54.32501516160424
 10
120.86911372211421
 20
53.67482599965313
 10
121.12607282822438
 20
53.012865165674334
 10
121.34296503807354
 20
52.333613638128874
 10
121.51998939355309
 20
51.64069016444325
 10
121.65734493655438
 20
50.93771349204398
 10
121.8138457526877
 20
49.51607554081055
 10
121.81405982160447
 20
48.09764976384063
 10
121.7560569305851
 20
47.39868830927077
 10
121.65957947843573
 20
46.7113861405463
 10
121.52482650704772
 20
46.039362005093764
 10
121.35199705831245
 20
45.38623465033964
 10
121.1412901741213
 20
44.75562282371045
 10
120.89290489636564
 20
44.15114527263271
 10
120.60704026693683
 20
43.576420744532925
 10
120.28389532772627
 20
43.03506798683759
 10
120.06279496645178
 20
42.73045605150414
 10
119.76105296510393
 20
42.36074029226709
 10
119.03885203712389
 20
41.55633548530579
 10
118.6799971079596
 20
41.186815529193375
 10
118.36370853365771
 20
40.882529932401
 10
118.12078831295217
 20
40.67606324073457
 10
118.03646695980238
 20
40.61969465488794
 10
117.98203844457692
 20
40.6
 10
117.9177579469377
 20
40.57855452661046
 10
117.91923309307583
 20
40.50690987717045
 10
117.99568695861174
 20
40.37410370777286
 10
118.1563426191659
 20
40.16917367451059
 10
118.41042315035874
 20
39.88115743347653
 10
118.7671516278107
 20
39.4990926407636
 10
118.98689105751525
 20
39.26936630505658
 10
119.23575112714225
 20
39.01201695246468
 10
119.51488472114426
 20
38.7256742899995
 10
119.82544472397382
 20
38.40896802467267
 10
120.15764256802193
 20
38.06987453548471
 10
120.52074525107574
 20
37.6971908110534
 10
121.32885535406149
 20
36.86250897019274
 10
122.22815547265313
 20
35.92783512955463
 10
123.19702604657276
 20
34.91608191660299
 10
127.33582168997273
 20
30.55652789093992
 10
128.3282511363635
 20
29.50306722837969
 10
129.26053367641475
 20
28.510002958289554
 10
130.11104974984855
 20
27.60024770813344
 10
130.49888924899705
 20
27.18377116161312
 10
130.858179796387
 20
26.79671410537528
 10
131.1862189469836
 20
26.441940617852918
 10
131.48030425575215
 20
26.12231477747902
 10
131.7377332776579
 20
25.840700662686572
 10
131.95580356766612
 20
25.59996235190858
 10
132.13181268074206
 20
25.402963923578028
 10
132.26305817185096
 20
25.252569456127905
 10
132.34683759595814
 20
25.151643027991206
 10
132.3804485080288
 20
25.103048717600927
 10
132.33926044232174
 20
25.081849363668837
 10
132.20460618687486
 20
25.087509986745587
 10
131.9975306828851
 20
25.117815653995788
 10
131.73907887154948
 20
25.17055143258406
 10
131.0672607270414
 20
25.323793913340864
 10
130.4978493477184
 20
24.689144663066145
 10
129.9284379683954
 20
24.054495412791425
 10
129.1892189841977
 20
24.64260316530348
 10
128.87805335618802
 20
24.893504974849005
 10
128.57727503643557
 20
25.141905000127117
 10
128.32117837841048
 20
25.359128479833764
 10
128.14405773558295
 20
25.516500652664902
 10
127.83811547116589
 20
25.802290387514258
 10
127.60998057164188
 20
25.396379108597785
 10
127.47285352568748
 20
25.168528832113026
 10
127.35601787666616
 20
25.053685572996542
 10
127.20514914123694
 20
25.022143845548936
 10
126.96592283605892
 20
25.044198164070806
 10
126.76221427532627
 20
25.06711502892965
 10
126.51502600350221
 20
25.08979321452201
 10
126.25555962652469
 20
25.1096153961786
 10
126.0150167503316
 20
25.12396424923013
 10
125.48003350066318
 20
25.150000000000002
 10
125.23171078795757
 20
24.483241426127268
 10
124.98338807525195
 20
23.816482852254538
 10
124.516694037626
 20
23.760441522015334
 10
124.29181582868699
 20
23.733866206026374
 10
124.02451915666742
 20
23.702935254759254
 10
123.74827708220133
 20
23.671490017092594
 10
123.4965626659227
 20
23.643371841905015
 10
122.94312533184537
 20
23.582343492033885
 10
121.95801717016104
 20
25.06093452825203
 10
121.01861199317679
 20
26.437987366390757
 10
119.9880568897561
 20
27.890195231146862
 10
117.78176411298502
 20
30.852907046173634
 10
116.67016004432446
 20
32.279826499275515
 10
115.59567325860712
 20
33.6147319846572
 10
115.08236972258493
 20
34.234619411770346
 10
114.5903705581779
 20
34.815831253734295
 10
114.12368411567911
 20
35.353143479476
 10
113.6863187453817
 20
35.84133205792241
 10
113.23808644771367
 20
36.33266411584483
 10
112.50156949022522
 20
35.77152517280598
 10
112.13953095967753
 20
35.51509836857893
 10
111.70355002162108
 20
35.23795220156043
 10
110.69228714185809
 20
34.66522751360037
 10
109.63283328868866
 20
34.140802577828396
 10
109.13661363387416
 20
33.924031101045
 10
108.69024089986522
 20
33.7521288631471
 10
107.93048179973044
 20
33.48488712740309
 10
107.86621258719975
 20
32.067443563701545
 10
107.78606344590597
 20
30.924338676985975
 10
107.64852312459564
 20
29.732277859923585
 10
107.45638319333077
 20
28.50431855908203
 10
107.21243522217326
 20
27.25351822102897
 10
106.91947078118507
 20
25.99293429233205
 10
106.58028144042815
 20
24.73562421955893
 10
106.19765876996446
 20
23.494645449277265
 10
105.77439433985592
 20
22.28305542805471
 10
105.26700427149831
 20
20.916110856109412
 10
104.40850213574916
 20
20.42230494501631
 10
104.06924388460281
 20
20.23385598612318
 10
103.78015375237632
 20
20.0857898489091
 10
103.57186227789896
 20
19.992942827594323
 10
103.47500000000001
 20
19.9701512163991
 10
103.44587890625002
 20
20.025311421904824
 10
103.42203125
 20
20.14470944606293
 10
103.40591796875
 20
20.31076597614872
 10
103.4
 20
20.505901699437494
 10
103.39737727409234
 20
20.69775080520278
 10
103.39023618870014
 20
20.854858624209765
 10
103.37966738231972
 20
20.96101255597124
 10
103.36676149344731
 20
21.0
 10
103.27327757468915
 20
20.981846866384082
 10
103.09267763473731
 20
20.93024941172529
 10
102.83688121489874
 20
20.84950055530707
 10
102.51780785648033
 20
20.74389321641288
 10
102.14737710078902
 20
20.61772031432616
 10
101.73750848913168
 20
20.47527476833036
 10
100.84713586314666
 20
20.15873742174533
 10
99.94204630898055
 20
19.828624530925367
 10
99.11759615708868
 20
19.51927945013807
 10
98.76540971026287
 20
19.383127136715295
 10
98.46914173792635
 20
19.26504553365103
 10
98.24071178138603
 20
19.169327560228723
 10
98.09203938194884
 20
19.10026613573183
 10
97.00190657711418
 20
18.61427587032749
 10
95.89436857861264
 20
18.250161047013258
 10
95.38469161606422
 20
18.127555321470055
 10
94.93140613629198
 20
18.05191653084553
 10
94.55475973302693
 20
18.02874403327174
  0
LWPOLYLINE
  5
37
330
17
100
AcDbEntity
  8
C00_ED1C24
100
AcDbPolyline
 90
98
 70
1
 10
145.99819060977708
 20
23.299076917986863
 10
146.33040164976993
 20
23.52204847569825
 10
146.63451780832864
 20
23.835995307933747
 10
146.9091492986443
 20
24.237700324222764
 10
147.15290633390802
 20
24.723946434094714
 10
147.36439912731086
 20
25.291516547079
 10
147.54223789204394
 20
25.937193572705038
 10
147.68503284129832
 20
26.657760420502235
 10
147.79139418826512
 20
27.450000000000003
 10
147.8158253412794
 20
27.7008837890625
 10
147.84467467975855
 20
28.0316015625
 10
147.87687766641542
 20
28.4280029296875
 10
147.9113697639629
 20
28.8759375
 10
147.98296314258116
 20
29.8698046875
 10
148.05093851731633
 20
30.900000000000002
 10
148.14731701635367
 20
32.37289363253729
 10
148.25507459118498
 20
33.89803774051041
 10
148.37394388928612
 20
35.47268883253919
 10
148.50365755813314
 20
37.09410341724345
 10
148.6439482452019
 20
38.75953800324303
 10
148.79454859796837
 20
40.46624909915775
 10
149.12560889049826
 20
43.99252685521193
 10
149.49469961553032
 20
47.65098875436462
 10
149.89968195287216
 20
51.41968686557445
 10
150.3384170823313
 20
55.27667325780003
 10
150.8087661837153
 20
59.2
 10
150.91646700557047
 20
60.080135166484936
 10
151.01722516956625
 20
60.911724037363975
 10
151.11104132810064
 20
61.69477266434958
 10
151.19791613357165
 20
62.42928709915419
 10
151.2778502383773
 20
63.115273393490256
 10
151.35084429491565
 20
63.752737599070215
 10
151.41689895558468
 20
64.34168576760652
 10
151.47601487278246
 20
64.88212395081163
 10
151.52819269890693
 20
65.37405820039797
 10
151.5734330863562
 20
65.817494568078
 10
151.61173668752824
 20
66.21243910556417
 10
151.64310415482106
 20
66.5588978645689
 10
151.6675361406327
 20
66.85687689680468
 10
151.6850332973612
 20
67.10638225398392
 10
151.69559627740455
 20
67.3074199878191
 10
151.69922573316077
 20
67.45999615002263
 10
151.68868174289497
 20
67.79025970679582
 10
151.64542484010497
 20
68.03555781838908
 10
151.55350587949698
 20
68.2501523509088
 10
151.39697571577713
 20
68.48830517046143
 10
151.0976402660052
 20
68.83548366078362
 10
150.7755597617492
 20
69.0846639171771
 10
150.43367777137328
 20
69.23581343379719
 10
150.07493786324153
 20
69.28889970479926
 10
149.702283605718
 20
69.24389022433868
 10
149.31865856716686
 20
69.10075248657081
 10
148.9270063159522
 20
68.85945398565099
 10
148.5302704204381
 20
68.51996221573458
 10
148.1830397218831
 20
68.14363856673141
 10
147.94811638853153
 20
67.7615916653774
 10
147.8567650939608
 20
67.53396190322357
 10
147.77428477287543
 20
67.2635492177677
 10
147.69427346933696
 20
66.93656957227172
 10
147.61032922740688
 20
66.53923892999751
 10
147.50633901583393
 20
65.9894670979497
 10
147.39526254360536
 20
65.33941387602479
 10
147.27768941516527
 20
64.59488117384375
 10
147.15420923495782
 20
63.761670901027514
 10
147.02541160742717
 20
62.845584967197055
 10
146.89188613701748
 20
61.85242528197332
 10
146.75422242817288
 20
60.78799375497726
 10
146.61301008533755
 20
59.65809229582983
 10
146.46883871295557
 20
58.468522814151996
 10
146.32229791547118
 20
57.2250872195647
 10
146.17397729732846
 20
55.933587421688905
 10
146.0244664629716
 20
54.599825330145556
 10
145.72423256339195
 20
51.82872190454003
 10
145.42631305228548
 20
48.95819221971577
 10
144.85628453770477
 20
43.10451518028157
 10
144.59360920533692
 20
40.214198379606906
 10
144.35211560365497
 20
37.41011642758405
 10
144.13652056821215
 20
34.73868460118064
 10
144.0399090239408
 20
33.46721725913861
 10
143.95154093456165
 20
32.2463181773643
 10
143.87200590451886
 20
31.081789265478676
 10
143.80189353825662
 20
29.97943243310268
 10
143.74179344021906
 20
28.945049589857277
 10
143.6922952148503
 20
27.984442645363416
 10
143.6573346793104
 20
27.189774309138045
 10
143.63681770533242
 20
26.54002532843056
 10
143.6320058348382
 20
26.011938096655733
 10
143.6441606097495
 20
25.58225500722834
 10
143.67454357198812
 20
25.227718453563163
 10
143.72441626347592
 20
24.92507082907497
 10
143.88767700188606
 20
24.38241194128865
 10
144.06518923358044
 20
24.065163643504004
 10
144.34126605631218
 20
23.725614984842817
 10
144.65566428448787
 20
23.42870102956533
 10
144.9481407325142
 20
23.239356841931794
 10
145.22411602021438
 20
23.139805845561952
 10
145.4596386153053
 20
23.114785289706315
 10
145.7019247383164
 20
23.166980528977188
  0
LWPOLYLINE
  5
38
330
17
100
AcDbEntity
  8
C00_ED1C24
100
AcDbPolyline
 90
176
 70
1
 10
86.40045504346254
 20
23.61430111958157
 10
86.40268595448082
 20
23.78534721599863
 10
86.40879060058384
 20
24.07542600166306
 10
86.41851706892658
 20
24.47638204761284
 10
86.43161344666397
 20
24.98005992488595
 10
86.44782782095099
 20
25.57830420452037
 10
86.46690827894258
 20
26.262959457554086
 10
86.48860290779372
 20
27.025870255025072
 10
86.51265979465936
 20
27.85888116797132
 10
86.53882702669443
 20
28.753836767430798
 10
86.56685269105395
 20
29.702581624441496
 10
86.62747166536603
 20
31.72881739526848
 10
86.69250141483528
 20
33.87234504875611
 10
86.75992663670137
 20
36.06792115320824
 10
86.82773202820395
 20
38.25030227692872
 10
86.8939022865827
 20
40.35424498822141
 10
86.92574445873805
 20
41.356413366802286
 10
86.95642210907731
 20
42.31450585539015
 10
86.98568332475544
 20
43.220367025023
 10
87.0132761929274
 20
44.0658414467388
 10
87.03894880074817
 20
44.842773691575545
 10
87.06244923537268
 20
45.543008330571205
 10
87.08352558395592
 20
46.15838993476377
 10
87.10192593365282
 20
46.680763075191216
 10
87.11739837161835
 20
47.10197232289153
 10
87.12969098500746
 20
47.41386224890269
 10
87.13855186097513
 20
47.60827742426267
 10
87.14372908667629
 20
47.67706242000946
 10
87.23250487692896
 20
47.71321371802543
 10
87.33801270527749
 20
47.74841861656379
 10
87.48998815278159
 20
47.79674417667256
 10
87.69272196719687
 20
47.85946626976434
 10
87.95050489627891
 20
47.93786076725175
 10
88.26762768778329
 20
48.0332035405474
 10
88.64838108946559
 20
48.146770461063895
 10
89.09705584908141
 20
48.27983740021386
 10
89.61794271438634
 20
48.433680229409894
 10
90.21533243313596
 20
48.60957482006462
 10
90.89351575308586
 20
48.80879704359065
 10
91.65678342199163
 20
49.03262277140059
 10
92.50942618760885
 20
49.282327874907054
 10
93.45573479769311
 20
49.559188225522654
 10
94.5
 20
49.86447969466
 10
95.04921172748568
 20
50.02490009348227
 10
95.53875859855285
 20
50.16765594270832
 10
95.97198417593442
 20
50.29366546710802
 10
96.35223202236337
 20
50.40384689145126
 10
96.68284570057263
 20
50.499118440507914
 10
96.96716877329517
 20
50.580398339047875
 10
97.20854480326393
 20
50.64860481184101
 10
97.41031735321188
 20
50.70465608365721
 10
97.7084262639771
 20
50.78396592343835
 10
97.88824400745446
 20
50.825673656550336
 10
97.97651908550755
 20
50.83712508115223
 10
98.0
 20
50.8256659954031
 10
97.9867333984375
 20
50.77998767903924
 10
97.9487109375
 20
50.667508902657666
 10
97.8885986328125
 20
50.49568719923797
 10
97.80906250000001
 20
50.27198010175976
 10
97.60238281250001
 20
49.69873985654616
 10
97.35000000000001
 20
49.00744843085366
 10
97.0976171875
 20
48.312136724082556
 10
96.8909375
 20
47.727950169001495
 10
96.8114013671875
 20
47.49669509331012
 10
96.7512890625
 20
47.316220829499734
 10
96.71326660156251
 20
47.19419388555649
 10
96.7
 20
47.13828076946655
 10
96.73591470080663
 20
47.08261445545668
 10
96.83370225250783
 20
47.00380868186001
 10
96.9784278290256
 20
46.912349004318486
 10
97.15515660428196
 20
46.81872097847404
 10
97.32145502803371
 20
46.737673401499535
 10
97.43920953303159
 20
46.67026259894106
 10
97.50696436540949
 20
46.60303499470274
 10
97.52326377130133
 20
46.5225370126887
 10
97.48665199684103
 20
46.415315076803076
 10
97.39567328816251
 20
46.26791561094998
 10
97.24887189139969
 20
46.06688503903354
 10
97.04479205268647
 20
45.798769784957884
 10
96.62489144485744
 20
45.24753956991575
 10
94.10106305546037
 20
44.552285777144995
 10
93.11818785723555
 20
44.274163706662215
 10
92.68615839710998
 20
44.146519566991365
 10
92.30773892269626
 20
44.030854963295695
 10
91.9934328537849
 20
43.930446099771316
 10
91.75374361016638
 20
43.848569180614355
 10
91.5991746116312
 20
43.788500410020916
 10
91.54022927796984
 20
43.753515992187126
 10
91.52520493789044
 20
43.68512928308878
 10
91.50621328464545
 20
43.55732768751514
 10
91.4840146771906
 20
43.37883899318956
 10
91.45936947448153
 20
43.15839098783538
 10
91.40578071912354
 20
42.62652819493464
 10
91.35152989021691
 20
42.03156161059969
 10
91.3026998594071
 20
41.44331353661731
 10
91.26537349833956
 20
40.931606274774296
 10
91.25292509134835
 20
40.72627491771341
 10
91.24563367865974
 20
40.56626212685741
 10
91.24425961922944
 20
40.460295689929644
 10
91.24956327201312
 20
40.41710339465345
 10
91.30819738602
 20
40.420380087938184
 10
91.45805571101363
 20
40.44795991398618
 10
91.68905400823711
 20
40.49748570530434
 10
91.99110803893358
 20
40.566600294399535
 10
92.35413356434611
 20
40.652946513778666
 10
92.76804634571786
 20
40.75416719594861
 10
93.70819672131141
 20
40.99180327868851
 10
94.64678038545267
 20
41.2306362149257
 10
95.05885693446635
 20
41.333259644944576
 10
95.41945289372826
 20
41.4214618759971
 10
95.71856546245303
 20
41.492823527908385
 10
95.94619183985533
 20
41.54492522050351
 10
96.09232922514977
 20
41.57534757360757
 10
96.14697481755101
 20
41.58167120704568
 10
96.14328537340316
 20
41.543673387427226
 10
96.12223286925784
 20
41.447069183684974
 10
96.08553733464102
 20
41.29834591912907
 10
96.03491879907864
 20
41.103990917069666
 10
95.89879284322092
 20
40.60433499368095
 10
95.72761523789227
 20
40.0
 10
95.60001218518582
 20
39.5497847096986
 10
95.49884972734988
 20
39.17356588911304
 10
95.42137483581931
 20
38.85632811902389
 10
95.36483448202898
 20
38.583055980211704
 10
95.30354527340853
 20
38.10834691954048
 10
95.29295787296748
 20
37.62931535334386
 10
95.30464398601023
 20
36.80863070668772
 10
93.87732199300513
 20
36.35997698248466
 10
93.27491215643221
 20
36.17180108597623
 10
92.68981040638461
 20
35.99110046363456
 10
92.18889741602521
 20
35.83840673253383
 10
91.990911916092
 20
35.77897858153449
 10
91.83905385851692
 20
35.7342515097482
 10
91.22810771703382
 20
35.5571797612148
 10
91.16450861956456
 20
34.4535898806074
 10
91.1397783990114
 20
33.975770216027804
 10
91.11945817091915
 20
33.49058577742842
 10
91.10564970252037
 20
33.05475592026668
 10
91.10045476104766
 20
32.725
 10
91.1011733015616
 20
32.48988514879883
 10
91.1125819811781
 20
32.31648262172067
 10
91.14797496096801
 20
32.19812626781811
 10
91.22064640200225
 20
32.12814993614373
 10
91.34389046535168
 20
32.0998874757501
 10
91.5310013120872
 20
32.10667273568983
 10
91.79527310327968
 20
32.141839565015474
 10
92.15
 20
32.19872181277963
 10
92.4184765625
 20
32.24062364102503
 10
92.7059375
 20
32.28285124374151
 10
92.97792968750001
 20
32.32048638728823
 10
93.2
 20
32.348610838024335
 10
93.80023566432617
 20
32.423807321003714
 10
94.46111434384471
 20
32.51382227044515
 10
95.04803010119892
 20
32.59968307367534
 10
95.27168752864043
 20
32.6351267290008
 10
95.42637699903207
 20
32.662417118020976
 10
95.70275399806414
 20
32.716495932606676
 10
95.67637699903207
 20
29.436297156179922
 10
95.65
 20
26.156098379753168
 10
93.95
 20
25.638743121810524
 10
93.551357421875
 20
25.51798375999361
 10
93.068984375
 20
25.372784581329764
 10
92.521337890625
 20
25.20865038014733
 10
91.92687500000001
 20
25.031085950774646
 10
90.671328125
 20
24.6576855847719
 10
89.45
 20
24.296621837948262
 10
88.35294921875001
 20
23.9727015095797
 10
87.86588134765626
 20
23.82832419651075
 10
87.43578125
 20
23.700434213627908
 10
87.07464599609375
 20
23.592605633013086
 10
86.79447265625001
 20
23.508412526748202
 10
86.60725830078125
 20
23.451428966915163
 10
86.525
 20
23.42522902559589
 10
86.47263710438123
 20
23.4218579102675
 10
86.43340974305967
 20
23.4537879609031
 10
86.40884127107391
 20
23.51870656738151
  0
LWPOLYLINE
  5
39
330
17
100
AcDbEntity
  8
C00_ED1C24
100
AcDbPolyline
 90
259
 70
1
 10
10.703512923998304
 20
35.511891893201685
 10
10.715457563065609
 20
35.614833087794466
 10
10.745383226981305
 20
35.793024493627996
 10
10.78877477926397
 20
36.021426625947946
 10
10.841117083432179
 20
36.275
 10
10.97520831886775
 20
36.9
 10
10.712604159433875
 20
36.89782520404099
 10
10.624134749672598
 20
36.8933950780081
 10
10.47255395065369
 20
36.88154273153481
 10
10.266116584124832
 20
36.86307955705957
 10
10.013077471833702
 20
36.838816947020845
 10
9.40021329695533
 20
36.776138990006714
 10
8.700000000000001
 20
36.7
 10
8.015163935049342
 20
36.62386100999329
 10
7.444168461173786
 20
36.56118305297916
 10
7.219999721346868
 20
36.536920442940435
 10
7.046657659837962
 20
36.5184572684652
 10
6.931597786830147
 20
36.50660492199191
 10
6.882275612506501
 20
36.502174795959014
 10
6.8262537485192505
 20
36.55985458525926
 10
6.723783050348352
 20
36.718511196752885
 10
6.589446929156885
 20
36.95387918582997
 10
6.437828796107926
 20
37.241693107880586
 10
6.061106367202848
 20
37.983386215761186
 10
5.105553183601424
 20
38.15081839512444
 10
4.717027605877603
 20
38.21984667246633
 10
4.3655370682200845
 20
38.28402361481595
 10
4.08971379919302
 20
38.33618470962123
 10
3.9281900273605643
 20
38.369165444330115
 10
3.8275138844815912
 20
38.42785097127362
 10
3.662993443072664
 20
38.56836810887156
 10
3.4417691101736194
 20
38.78311460478361
 10
3.170981292824292
 20
39.06448820666948
 10
2.8577703980645195
 20
39.40488666218885
 10
2.5092768329341357
 20
39.79670771900141
 10
2.132641004472978
 20
40.232349124766856
 10
1.7350033197208816
 20
40.704208627144865
 10
1.6798289676757838
 20
40.81109660866781
 10
1.6244963042883092
 20
40.988132185842126
 10
1.5754343251398493
 20
41.21070598366781
 10
1.539072025811796
 20
41.454208627144865
 10
1.48704975806201
 20
41.804954575383306
 10
1.3848407588517462
 20
42.059439612739155
 10
1.2938921944911295
 20
42.18466383801144
 10
1.165168098716027
 20
42.32671829337349
 10
0.9902588553433161
 20
42.49923479809543
 10
0.7607548481898747
 20
42.715845171447405
 10
0.4458392446584222
 20
43.02172550009757
 10
0.2517769176337704
 20
43.2376083976887
 10
0.17201484383970223
 20
43.37187342235295
 10
0.2
 20
43.43290013222245
 10
0.2648024875649553
 20
43.45072675384846
 10
0.39227992202145373
 20
43.48193245651957
 10
0.5748497610119447
 20
43.52479205407193
 10
0.8049294621788772
 20
43.57758036034168
 10
1.3772882816118641
 20
43.70604235437785
 10
2.048696041460008
 20
43.85351694931717
 10
5.065052364394895
 20
44.57079789204806
 10
6.523343110956722
 20
44.9636417262689
 10
7.943930933736633
 20
45.37748168699688
 10
9.323482347350998
 20
45.810963187684685
 10
10.658663866416187
 20
46.262731641784995
 10
11.946142005548571
 20
46.731432462750476
 10
13.18258327936452
 20
47.21571106403381
 10
14.364654202480406
 20
47.71421285908767
 10
15.4890212895126
 20
48.22558326136472
 10
16.552351055077466
 20
48.74846768431764
 10
17.551310013791383
 20
49.281511541399105
 10
18.48256468027072
 20
49.82336024606179
 10
19.342781569131844
 20
50.37265921175837
 10
20.12862719499113
 20
50.92805385194151
 10
20.836768072464942
 20
51.4881895800639
 10
21.611535506757807
 20
52.20390525884441
 10
22.2755813324498
 20
52.95100618756629
 10
22.82486341938411
 20
53.72087491501116
 10
23.255339637403925
 20
54.5048939899606
 10
23.562967856352444
 20
55.2944459611962
 10
23.743705946072858
 20
56.08091337749956
 10
23.793511776408355
 20
56.85567878765228
 10
23.70834321720213
 20
57.610124740435936
 10
23.58626953610068
 20
58.03372392219606
 10
23.484004514838226
 20
58.21269849266808
 10
23.32890745305433
 20
58.39560551927004
 10
23.101968410713777
 20
58.60180685430342
 10
22.784177447781346
 20
58.850664350069685
 10
22.356524624221827
 20
59.16153985887033
 10
22.095559408445904
 20
59.346284947002744
 10
21.8
 20
59.55379523300681
 10
20.65408860989375
 20
60.388944615210704
 10
19.654083587401054
 20
61.19020019836121
 10
18.788231644155495
 20
61.97081916214524
 10
18.04477949179065
 20
62.744058686249694
 10
17.411973841940103
 20
63.523175950361484
 10
16.878061406237435
 20
64.3214281341675
 10
16.43128889631623
 20
65.15207241735466
 10
16.05990302381006
 20
66.02836597960986
 10
15.851253547347484
 20
66.67833521916484
 10
15.689150941189038
 20
67.37790384483503
 10
15.57447198154545
 20
68.1112835711052
 10
15.508093444627443
 20
68.8626861124601
 10
15.490892106645742
 20
69.6163231833845
 10
15.523744743811072
 20
70.35640649836314
 10
15.607528132334156
 20
71.0671477718808
 10
15.74311904842572
 20
71.73275871842223
 10
16.11444304709599
 20
72.89667488455999
 10
16.6315579793527
 20
74.03215251416819
 10
17.296323538442127
 20
75.14143688861911
 10
18.11059941761056
 20
76.22677328928505
 10
19.07624531010428
 20
77.29040699753827
 10
20.19512090916957
 20
78.33458329475104
 10
21.46908590805272
 20
79.36154746229565
 10
22.900000000000002
 20
80.37354478154437
 10
24.3828817968748
 20
81.30488225649589
 10
26.016343173693823
 20
82.226002273565
 10
27.791743743106682
 20
83.133054846682
 10
29.700443117762987
 20
84.02218998977719
 10
31.73380091031234
 20
84.88955771678084
 10
33.883176733404355
 20
85.73130804162325
 10
36.139930199688635
 20
86.54359097823473
 10
38.4954209218148
 20
87.32255654054556
 10
39.14128371839382
 20
87.5235798429177
 10
39.87732689923991
 20
87.74645288110665
 10
40.685527198473714
 20
87.98620171363052
 10
41.54786135021589
 20
88.23785239900738
 10
45.17807116468124
 20
89.26399483940611
 10
46.04072559077499
 20
89.500545666819
 10
46.849374274101
 20
89.71915469819332
 10
47.58599394877993
 20
89.91484799204716
 10
48.232561348932414
 20
90.08265160689858
 10
48.77105320867911
 20
90.21759160126565
 10
49.18344626214067
 20
90.31469403366647
 10
49.45171724343774
 20
90.36898496261908
 10
49.526174686437294
 20
90.37852175658922
 10
49.55784288669097
 20
90.37549044664159
 10
49.558611115023695
 20
90.31299214572539
 10
49.52915605404249
 20
90.17437027640227
 10
49.474648426500934
 20
89.98012404709249
 10
49.400258955152644
 20
89.75075266621621
 10
49.32250215772229
 20
89.51809326733986
 10
49.258826068076104
 20
89.31489451377243
 10
49.21580168318003
 20
89.163022908548
 10
49.20000000000002
 20
89.0843449547007
 10
49.25917968750001
 20
89.05159539025831
 10
49.42031250000001
 20
89.02477633044333
 10
49.658789062500006
 20
89.00665534408185
 10
49.95
 20
89.0
 10
50.7
 20
89.0
 10
50.7
 20
88.60000000000001
 10
50.707509229397886
 20
88.39020295281202
 10
50.73877461172769
 20
88.26972643905223
 10
50.80690268819365
 20
88.21553825885559
 10
50.925000000000004
 20
88.20460621235702
 10
51.022243652343754
 20
88.20826394571141
 10
51.213574218750004
 20
88.21695841921985
 10
51.48760986328126
 20
88.23012163694618
 10
51.832968750000006
 20
88.24718560295422
 10
52.23826904296875
 20
88.26758232130781
 10
52.692128906250005
 20
88.29074379607079
 10
53.7
 20
88.3430890310802
 10
54.69214305186795
 20
88.39329616827966
 10
55.12756918289387
 20
88.41395172890151
 10
55.50847933170642
 20
88.43103280795329
 10
55.82430920909958
 20
88.44408254824637
 10
56.06449452586735
 20
88.45264409259211
 10
56.21847099280373
 20
88.45626058380192
 10
56.2756743207027
 20
88.45447516468715
 10
56.24867199107951
 20
88.44012901338861
 10
56.161312626170094
 20
88.40774608556453
 10
56.01995364784944
 20
88.35939369030244
 10
55.830952477992554
 20
88.2971391366899
 10
55.335453251170094
 20
88.13919279076363
 10
54.725674320702694
 20
87.95044552048606
 10
52.37851242078281
 20
87.21245804992225
 10
50.11403058505917
 20
86.4582789503184
 10
47.93020343998107
 20
85.6871260786206
 10
45.825005611997845
 20
84.89821729177486
 10
43.796411727558805
 20
84.09077044672728
 10
41.84239641311328
 20
83.26400340042387
 10
39.96093429511056
 20
82.41713400981074
 10
38.15
 20
81.54938013183391
 10
36.99990009591743
 20
80.96719780490626
 10
35.91237385512385
 20
80.38910642739323
 10
34.887384761214435
 20
79.81507641809499
 10
33.92489629778436
 20
79.24507819581174
 10
33.024871948428796
 20
78.67908217934367
 10
32.187275196742924
 20
78.11705878749095
 10
31.41206952632193
 20
77.55897843905377
 10
30.699218420760978
 20
77.00481155283231
 10
30.048685363655256
 20
76.45452854762677
 10
29.46043383859994
 20
75.9080998422373
 10
28.9344273291902
 20
75.36549585546413
 10
28.470629319021224
 20
74.82668700610742
 10
28.069003291688183
 20
74.29164371296734
 10
27.729512730786254
 20
73.7603363948441
 10
27.45212111991062
 20
73.23273547053788
 10
27.236791942656453
 20
72.70881135884883
 10
27.149505633137565
 20
72.41164826094618
 10
27.081525795620426
 20
72.0760441991681
 10
27.005588844525
 20
71.33557321347737
 10
27.013187705237407
 20
70.57951846076018
 10
27.108528993624873
 20
69.9
 10
27.27180913044072
 20
69.36792391672556
 10
27.51802261464839
 20
68.8339256141151
 10
27.849267385965646
 20
68.29551278516156
 10
28.26764138411024
 20
67.75019312285787
 10
28.775242548799934
 20
67.19547432019694
 10
29.37416881975248
 20
66.6288640701717
 10
30.06651813668563
 20
66.04787006577507
 10
30.854388439317145
 20
65.45
 10
31.629967639197528
 20
64.88029405659107
 10
32.33505571548949
 20
64.34708619632184
 10
32.973891920341075
 20
63.845294546792694
 10
33.55071550590034
 20
63.36983723560399
 10
34.069765724315324
 20
62.91563239035609
 10
34.53528182773408
 20
62.47759813864935
 10
34.951503068304646
 20
62.05065260808415
 10
35.32266869817508
 20
61.62971392626084
 10
35.946790134407706
 20
60.78552961924135
 10
36.44156015361635
 20
59.9043902383938
 10
36.84089277298537
 20
58.945640804521084
 10
37.17870200969916
 20
57.868626338426104
 10
37.26460122125457
 20
57.4265952187492
 10
37.32304243885244
 20
56.84870770981689
 10
37.354484494758964
 20
56.17622226652512
 10
37.35938622124038
 20
55.45039734376984
 10
37.291404014992764
 20
54.00376287945255
 10
37.219437746796174
 20
53.36547024768244
 10
37.12276647823936
 20
52.83887195603261
 10
36.70960326643544
 20
51.394040091491036
 10
36.17521218566979
 20
50.045150595803285
 10
35.50608771958674
 20
48.774318366879555
 10
35.11677999319002
 20
48.16258463305113
 10
34.68872435183056
 20
47.56365830263004
 10
34.2202326059639
 20
46.97530373785505
 10
33.70961656604557
 20
46.395285300964936
 10
33.15518804253111
 20
45.821367354198486
 10
32.55525884587605
 20
45.251314259794455
 10
31.908140786535938
 20
44.68289037999163
 10
31.212145674966305
 20
44.11386007702878
 10
30.46558532162269
 20
43.54198771314469
 10
29.66677153696063
 20
42.965037650578125
 10
28.826998021848333
 20
42.393658310440834
 10
27.938848332450995
 20
41.82503316467466
 10
26.04224004236578
 20
40.70741148558396
 10
24.02658588983414
 20
39.63490467196263
 10
21.941525097985235
 20
38.63024478246724
 10
19.836696889948215
 20
37.716163875754376
 10
17.76174048885223
 20
36.91539401048063
 10
16.75097647313499
 20
36.56460448671362
 10
15.766295117826441
 20
36.250667245302594
 10
14.813901325817731
 20
35.97642379357965
 10
13.9
 20
35.74471563887685
 10
12.825048650754502
 20
35.54238413976205
 10
12.288473588119793
 20
35.47229270306887
 10
11.7887958844495
 20
35.42556124978372
 10
11.353238252972915
 20
35.40417261103051
 10
11.009023406919326
 20
35.41010961793316
 10
10.783374059518025
 20
35.44535510161558
 10
10.723518545696137
 20
35.47458815697543
  0
LWPOLYLINE
  5
3A
330
17
100
AcDbEntity
  8
C00_ED1C24
100
AcDbPolyline
 90
56
 70
1
 10
110.66693638457456
 20
42.347547156594786
 10
111.48967202456235
 20
43.06444528169672
 10
112.2214317937083
 20
43.82520386940512
 10
112.86123327192693
 20
44.62812735369198
 10
113.40809403913279
 20
45.471520168529274
 10
113.8610316752404
 20
46.353686747888986
 10
114.2190637601643
 20
47.272931525743104
 10
114.48120787381902
 20
48.2275589360636
 10
114.64648159611907
 20
49.21587341282247
 10
114.67392118055254
 20
49.64259395643186
 10
114.6579418321034
 20
50.064333008190026
 10
114.60018545834231
 20
50.478946748845004
 10
114.50229396683991
 20
50.88429135914484
 10
114.19267326089376
 20
51.6585979116712
 10
113.74221497483015
 20
52.37010211175342
 10
113.16405436921427
 20
53.00165340537579
 10
112.4713267046113
 20
53.53610123852262
 10
111.67716724158645
 20
53.956295057178195
 10
111.24615535459243
 20
54.11818716294186
 10
110.79471124070488
 20
54.24508430732682
 10
110.48506102729083
 20
54.299826218890246
 10
110.08984040312282
 20
54.34327378549538
 10
109.1857012761593
 20
54.392714532285574
 10
108.74828945018102
 20
54.396922036698044
 10
108.36832056708316
 20
54.38626384460704
 10
108.08154796527435
 20
54.35984711812627
 10
107.92372498316318
 20
54.31677901936943
 10
107.89060702045704
 20
54.26891742800716
 10
107.86745847138462
 20
54.1650629875393
 10
107.85437328917007
 20
53.99230897981061
 10
107.85144542703752
 20
53.737748686665846
 10
107.85876883821109
 20
53.38847538994976
 10
107.87643747591495
 20
52.931582371507105
 10
107.90454529337323
 20
52.35416291318265
 10
107.94318624381006
 20
51.643310296821134
 10
107.97580398897716
 20
51.04276935145384
 10
108.01269472658336
 20
50.328642158133555
 10
108.05258903147899
 20
49.52756143487458
 10
108.09421747851437
 20
48.66615989969121
 10
108.1775990984058
 20
46.86892526560855
 10
108.21681342096254
 20
45.98635760273786
 10
108.25268418506039
 20
45.150000000000006
 10
108.28641535828027
 20
44.363900367496385
 10
108.31949755195701
 20
43.62537349012955
 10
108.35109130657197
 20
42.95095239811555
 10
108.38035716260644
 20
42.3571701216704
 10
108.40645566054177
 20
41.86055969101016
 10
108.42854734085927
 20
41.477654136350864
 10
108.44579274404028
 20
41.224986487908545
 10
108.4573524105661
 20
41.11908977589924
 10
108.53102226457862
 20
41.08381924706861
 10
108.69487329696875
 20
41.12046614022718
 10
108.93274751036746
 20
41.22004713029715
 10
109.22848690740577
 20
41.3735788922007
 10
109.56593349071463
 20
41.57207810086005
 10
109.92892926292507
 20
41.80656143119737
  0
LWPOLYLINE
  5
3B
330
17
100
AcDbEntity
  8
C00_ED1C24
100
AcDbPolyline
 90
190
 70
1
 10
173.35754506999712
 20
48.00845732895343
 10
173.41537542752118
 20
48.222341567670725
 10
173.48535727756024
 20
48.47750989389949
 10
173.65106352528306
 20
49.07344747753099
 10
173.83323995336525
 20
49.71976741712719
 10
174.01046270200655
 20
50.3399670499673
 10
174.41677693793557
 20
51.75
 10
175.07111671784514
 20
52.41212618596146
 10
175.71523196477173
 20
53.12947922903498
 10
175.97697664601642
 20
53.47434905860236
 10
176.19576034478027
 20
53.80549079484938
 10
176.36951879531188
 20
54.1195117137705
 10
176.49618773185995
 20
54.413019091360134
 10
176.57370288867313
 20
54.682620203612714
 10
176.60000000000002
 20
54.924922326522676
 10
176.57205783806936
 20
55.02860949135821
 10
176.49597769419873
 20
55.16671823921733
 10
176.3833790812702
 20
55.321228071057014
 10
176.24588151216582
 20
55.47411848783421
 10
175.8917630243316
 20
55.82823697566843
 10
176.63107581363707
 20
56.78911848783421
 10
177.23027047501077
 20
57.58733558192044
 10
177.76524199240998
 20
58.34017586212574
 10
178.2330522137119
 20
59.042621751567154
 10
178.63076298679368
 20
59.689655673361706
 10
178.95543615953255
 20
60.27626005062643
 10
179.20413357980564
 20
60.79741730647838
 10
179.37391709549016
 20
61.24810986403456
 10
179.46184855446327
 20
61.62332014641203
 10
179.45930501679493
 20
61.998473103566454
 10
179.33858761368518
 20
62.27336827767829
 10
179.10417318411572
 20
62.442409349553984
 10
178.76053856706838
 20
62.5
 10
178.42107713413677
 20
62.5
 10
179.13042568583236
 20
63.675000000000004
 10
179.94600766929656
 20
65.14526737645882
 10
180.65287818700426
 20
66.67573165107912
 10
181.2544605674455
 20
68.27458010015987
 10
181.75417813911037
 20
69.95
 10
182.04007873386269
 20
71.16569799160538
 10
182.2778406060648
 20
72.4343404360491
 10
182.46498240258023
 20
73.7263196795398
 10
182.59902277027248
 20
75.0120280682861
 10
182.67748035600502
 20
76.26185794849664
 10
182.6978738066414
 20
77.44620166638005
 10
182.6577217690451
 20
78.53545156814496
 10
182.55454289007963
 20
79.5
 10
182.39569160985354
 20
80.36944307152606
 10
182.18958067550207
 20
81.20666581794764
 10
181.93890336575487
 20
82.00837422117206
 10
181.64635295934153
 20
82.77127426310673
 10
181.31462273499167
 20
83.49207192565898
 10
180.94640597143487
 20
84.16747319073617
 10
180.54439594740077
 20
84.79418404024568
 10
180.11128594161897
 20
85.36891045609487
 10
179.64976923281907
 20
85.8883584201911
 10
179.16253909973068
 20
86.34923391444171
 10
178.6522888210834
 20
86.74824292075408
 10
178.12171167560686
 20
87.08209142103559
 10
177.57350094203068
 20
87.34748539719355
 10
177.01034989908442
 20
87.54113083113538
 10
176.43495182549773
 20
87.65973370476841
 10
175.8500000000002
 20
87.7
 10
175.19606253675065
 20
87.65349112533957
 10
174.54833062021265
 20
87.51152314402137
 10
173.90072146144786
 20
87.27043402004006
 10
173.24715227151805
 20
86.9265617173903
 10
172.58154026148492
 20
86.47624420006676
 10
171.89780264241014
 20
85.91581943206408
 10
171.1898566253555
 20
85.24162537737695
 10
170.45161942138267
 20
84.45
 10
170.18549294634818
 20
84.15
 10
170.24474840720424
 20
84.97094799695347
 10
170.32141265835892
 20
85.6231309288836
 10
170.45775227537962
 20
86.26308413095674
 10
170.656210346846
 20
86.89602168519265
 10
170.91922996133772
 20
87.52715767361104
 10
171.2492542074345
 20
88.16170617823168
 10
171.64872617371594
 20
88.8048812810743
 10
172.12008894876178
 20
89.46189706415863
 10
172.66578562115163
 20
90.13796760950443
 10
172.92616026668884
 20
90.44816102145334
 10
173.2032307762133
 20
90.78417890899121
 10
173.463882302919
 20
91.10553766641651
 10
173.675
 20
91.3717536880277
 10
173.93554195737542
 20
91.76697555512222
 10
174.07291485034443
 20
92.11137787981085
 10
174.09524555583812
 20
92.39460353929783
 10
174.01066095078747
 20
92.60629541078744
 10
173.82728791212355
 20
92.73609637148391
 10
173.55325331677744
 20
92.77364929859148
 10
173.1966840416802
 20
92.70859706931441
 10
172.76570696376282
 20
92.53058256085694
 10
172.65159171084107
 20
92.47788331346497
 10
172.55104056494582
 20
92.44182781624576
 10
172.47493281303846
 20
92.42563378226447
 10
172.4341477420805
 20
92.43251892458622
 10
172.43891794769104
 20
92.49309481998343
 10
172.4868468399058
 20
92.62308848001945
 10
172.5698699273113
 20
92.80339076994588
 10
172.67992271849388
 20
93.0148925550143
 10
172.75465236684192
 20
93.15197907985176
 10
172.8550352463384
 20
93.33707880513766
 10
173.1152011810906
 20
93.81874968803545
 10
173.42530148737862
 20
94.39476886566909
 10
173.7502171298304
 20
95.0
 10
174.0358085808687
 20
95.5304054054524
 10
174.29492101522217
 20
96.00538152051233
 10
174.53105050727606
 20
96.4295370261607
 10
174.74769313141567
 20
96.8074806033784
 10
175.1365020734928
 20
97.44316669644539
 10
175.4893164365355
 20
97.94930924756052
 10
175.83410481562566
 20
98.36277770457099
 10
176.1988358058452
 20
98.720441515324
 10
176.61147800227602
 20
99.05917012766675
 10
177.10000000000002
 20
99.41583298944644
 10
178.01901048579253
 20
100.01627769779756
 10
178.98361927434786
 20
100.55729267349827
 10
179.97634714488566
 20
101.0325182579602
 10
180.97971487662565
 20
101.43559479259507
 10
181.9762432487874
 20
101.76016261881452
 10
182.9484530405906
 20
101.99986207803023
 10
183.87886503125492
 20
102.14833351165387
 10
184.75
 20
102.19921726109712
 10
185.49593807332798
 20
102.15938981764705
 10
186.29957141057534
 20
102.0441286978835
 10
187.1413859386158
 20
101.85968924298672
 10
188.00186758432298
 20
101.61232679413708
 10
188.8615022745705
 20
101.30829669251487
 10
189.7007759362321
 20
100.9538542793004
 10
190.50017449618136
 20
100.55525489567401
 10
191.24018388129196
 20
100.118753882816
 10
191.59877418778052
 20
99.87416403002139
 10
191.9910036331018
 20
99.58291805072241
 10
192.81379014711524
 20
98.91405430316084
 10
193.583363837078
 20
98.21935582123042
 10
193.90907725233586
 20
97.89581642397036
 10
194.17454511673566
 20
97.60601578603026
 10
195.0261266689572
 20
96.52668255123241
 10
195.7689345375201
 20
95.39971341019613
 10
196.40575030925484
 20
94.21774753273813
 10
196.93935557099195
 20
92.97342408867515
 10
197.37253190956196
 20
91.65938224782386
 10
197.70806091179537
 20
90.26826118000102
 10
197.94872416452276
 20
88.79270005502333
 10
198.0973032545746
 20
87.2253380427075
 10
198.1444559798961
 20
86.02957970281015
 10
198.13322899107618
 20
84.82672385487992
 10
198.06362703407424
 20
83.6167856709875
 10
197.93565485484964
 20
82.3997803232036
 10
197.74931719936177
 20
81.17572298359893
 10
197.50461881357
 20
79.9446288242442
 10
197.20156444343374
 20
78.70651301721014
 10
196.84015883491236
 20
77.46139073456743
 10
196.42040673396522
 20
76.2092771483868
 10
195.94231288655175
 20
74.95018743073895
 10
195.4058820386313
 20
73.68413675369459
 10
194.81111893616324
 20
72.41114028932444
 10
194.15802832510698
 20
71.13121320969918
 10
193.4466149514219
 20
69.84437068688956
 10
192.6768835610674
 20
68.55062789296626
 10
191.84883890000282
 20
67.25
 10
191.13053007803686
 20
66.1893656468978
 10
190.33790318071235
 20
65.07726673801025
 10
189.48680060967413
 20
63.9337933993457
 10
188.59306476656707
 20
62.77903575691246
 10
186.7410628707258
 20
60.516028064773224
 10
185.81448162128132
 20
59.44795826708388
 10
184.90863670634738
 20
58.448964669659155
 10
184.08364794168563
 20
57.565750721618315
 10
183.30481684833066
 20
56.74129648413501
 10
182.56331313876274
 20
55.9665837597277
 10
181.8503065254622
 20
55.23259435091481
 10
180.47446343758443
 20
53.850712690146096
 10
179.10664528453978
 20
52.52350592197643
 10
178.24886909573607
 20
51.71138575512687
 10
177.30851908314077
 20
50.831779177019854
 10
176.34383817147904
 20
49.93792842349494
 10
175.41306928547607
 20
49.08307573039166
 10
174.9786027660732
 20
48.686911855198005
 10
174.57445534985698
 20
48.32046333354959
 10
174.20790740241802
 20
47.99038544492637
 10
173.88623928934695
 20
47.703333468808275
 10
173.61673137623444
 20
47.46596268467526
 10
173.40666402867114
 20
47.28492837200727
 10
173.26331761224768
 20
47.16688581028424
 10
173.19397249255468
 20
47.11849027898612
 10
173.18119173172738
 20
47.17896592158394
 10
173.20777172449024
 20
47.3669203399958
 10
173.26834524564592
 20
47.65315149039465
  0
LWPOLYLINE
  5
3C
330
17
100
AcDbEntity
  8
C00_ED1C24
100
AcDbPolyline
 90
485
 70
1
 10
42.63035382719423
 20
48.970615584378585
 10
42.614430042197775
 20
49.08458469989941
 10
42.59999520574355
 20
49.26390000200659
 10
42.58733516505781
 20
49.49941753118292
 10
42.57673576736683
 20
49.78199332791121
 10
42.562862289874204
 20
50.451743885954876
 10
42.56066155107581
 20
51.2
 10
42.63674699802662
 20
53.18703333081225
 10
42.74072198448654
 20
54.25938633579256
 10
42.81435304779083
 20
54.85023639711467
 10
42.904379064222084
 20
55.490855297253674
 10
43.01227446358835
 20
56.19123288590625
 10
43.139513675697685
 20
56.961359012769094
 10
43.28757113035815
 20
57.811223527538885
 10
43.457921257377805
 20
58.750816279912314
 10
43.6520384865647
 20
59.790127119586074
 10
43.87139724772688
 20
60.939145896256846
 10
44.117471970672426
 20
62.207862459621325
 10
44.39173708520937
 20
63.60626665937619
 10
44.567827448185724
 20
64.5036495490428
 10
44.72680233719793
 20
65.32142603819551
 10
44.86945581292967
 20
66.06459324745343
 10
44.99658193606464
 20
66.73814829743566
 10
45.10897476728654
 20
67.34708830876127
 10
45.20742836727905
 20
67.89641040204941
 10
45.29273679672586
 20
68.39111169791914
 10
45.36569411631068
 20
68.8361893169896
 10
45.42709438671717
 20
69.23664037987986
 10
45.477731668629055
 20
69.59746200720903
 10
45.54989350970371
 20
70.22020543766052
 10
45.588532125004186
 20
70.7443965732969
 10
45.6
 20
71.21001237907095
 10
45.595384402242885
 20
71.57414360880831
 10
45.578092123889306
 20
71.85750455687875
 10
45.5429549373159
 20
72.06868733601769
 10
45.4848046148993
 20
72.21628405896053
 10
45.39847292901618
 20
72.30888683844267
 10
45.278791652043154
 20
72.35508778719952
 10
45.12059255635688
 20
72.3634790179665
 10
44.918707414334
 20
72.342652643479
 10
44.65977399324953
 20
72.29047047722793
 10
44.33812076312462
 20
72.19925950608989
 10
43.95122834194988
 20
72.06802565813359
 10
43.496577347715906
 20
71.8957748614277
 10
42.97164839841333
 20
71.68151304404091
 10
42.373922112032744
 20
71.42424613404191
 10
41.70087910656476
 20
71.12298005949938
 10
40.95
 20
70.77672074848202
 10
40.30903584985015
 20
70.47212777198057
 10
39.54955762504808
 20
70.1024984383462
 10
38.71346009865561
 20
69.68895229516437
 10
37.842638043734524
 20
69.25260889002051
 10
36.978986233346625
 20
68.81458777050005
 10
36.1643994405537
 20
68.39600848418846
 10
35.44077243841757
 20
68.01799057867115
 10
35.126160975427595
 20
67.8507920023308
 10
34.85
 20
67.70165360153358
 10
34.3311081560552
 20
67.41948457382763
 10
33.878044127264786
 20
67.17507556934517
 10
33.491842840900816
 20
66.9689647208915
 10
33.17353922423536
 20
66.80169016127195
 10
32.92416820454049
 20
66.67379002329184
 10
32.744764709088265
 20
66.58580243975646
 10
32.636363665150746
 20
66.53826554347114
 10
32.6
 20
66.5317174672412
 10
32.64684405650535
 20
66.58375991622334
 10
32.78110046725514
 20
66.71653115501418
 10
32.993355594099974
 20
66.92110302925593
 10
33.274195798890446
 20
67.18854738459083
 10
33.61420744347715
 20
67.50993606666114
 10
34.00397688971069
 20
67.87634092110905
 10
34.434090499441666
 20
68.27883379357681
 10
34.89513463452067
 20
68.70848652970665
 10
35.355496399825206
 20
69.13796049993451
 10
35.78365431819298
 20
69.53994102419513
 10
36.17033187841491
 20
69.905535872379
 10
36.506252569281926
 20
70.22585281437662
 10
36.78213987958495
 20
70.49199962007843
 10
36.988717298114906
 20
70.69508405937493
 10
37.11670831366271
 20
70.8262139021566
 10
37.1568364150193
 20
70.8764969183139
 10
37.10385807101703
 20
70.88018461207531
 10
36.977238828396004
 20
70.87020255833382
 10
36.79178110676915
 20
70.84865431901616
 10
36.5622873257494
 20
70.81764345604908
 10
36.030401263982924
 20
70.73564810687358
 10
35.5
 20
70.6410450062212
 10
35.37453482659491
 20
70.62242014095939
 10
35.3447779295926
 20
70.64341860614469
 10
35.41763206779399
 20
70.71960644765934
 10
35.6
 20
70.8665497113856
 10
35.893404720772324
 20
71.11028915081964
 10
36.22775979647678
 20
71.41146717618625
 10
36.95446229378565
 20
72.12008572521931
 10
37.65039005413364
 20
72.86029883948912
 10
37.94627670863701
 20
73.20097007140166
 10
38.185825639727796
 20
73.5
 10
38.656922813509716
 20
74.18543365933124
 10
39.104115141453335
 20
74.94430919926397
 10
39.47281821087438
 20
75.67684908077686
 10
39.61067864467511
 20
76.0020626686817
 10
39.708447609088594
 20
76.2832757648486
 10
39.801070776276106
 20
76.53624201588867
 10
39.95413363889575
 20
76.72334438479476
 10
40.080998266109425
 20
76.81547014099677
 10
40.256174789321314
 20
76.91905815972433
 10
40.49073053257812
 20
77.04341785199715
 10
40.795732819926585
 20
77.1978586288349
 10
41.33937450987538
 20
77.46141232624093
 10
41.99867664343921
 20
77.76533632544347
 10
42.7610084115236
 20
78.10456135884203
 10
43.613739005034056
 20
78.47401815883616
 10
44.5442376148761
 20
78.86863745782539
 10
45.53987343195524
 20
79.28334998820924
 10
46.588015647176995
 20
79.71308648238727
 10
47.67603345144687
 20
80.15277767275899
 10
52.174244377117894
 20
81.90970404417358
 10
53.272177990211105
 20
82.32312970150683
 10
54.33420233778551
 20
82.71609444943097
 10
55.34768661074664
 20
83.08352902034555
 10
56.300000000000004
 20
83.42036414665012
 10
60.216828183859704
 20
84.76405201157505
 10
64.02913260425838
 20
86.02733013010709
 10
67.75343262736956
 20
87.21514014779898
 10
71.40624761936674
 20
88.33242371020343
 10
75.00409694642343
 20
89.38412246287318
 10
78.56349997471315
 20
90.37517805136096
 10
82.10097607040942
 20
91.3105321212195
 10
85.6330445996857
 20
92.1951263180015
 10
88.53549103106877
 20
92.88151805564658
 10
91.4614115612931
 20
93.533983337724
 10
94.39246235107657
 20
94.14994834800336
 10
97.31029956113701
 20
94.7268392702543
 10
100.19657935219232
 20
95.26208228824642
 10
103.0329578849603
 20
95.75310358574932
 10
105.80109132015886
 20
96.19732934653261
 10
108.48263581850583
 20
96.59218575436593
 10
111.05924754071907
 20
96.93509899301888
 10
113.51258264751645
 20
97.22349524626108
 10
114.68728902035852
 20
97.34644518578114
 10
115.82429729961582
 20
97.45480069786213
 10
116.92131450537808
 20
97.54824005547522
 10
117.97604765773504
 20
97.62644153159164
 10
118.98620377677642
 20
97.68908339918258
 10
119.94948988259196
 20
97.73584393121925
 10
120.86361299527138
 20
97.76640140067283
 10
121.72628013490444
 20
97.78043408051454
 10
122.53519832158085
 20
97.77762024371557
 10
123.28807457539034
 20
97.75763816324715
 10
123.98261591642266
 20
97.72016611208045
 10
124.61652936476753
 20
97.66488236318668
 10
126.10185665664613
 20
97.46500189357774
 10
127.56093948728481
 20
97.18884691427095
 10
128.96852244980718
 20
96.8448784984228
 10
130.2993501373368
 20
96.44155771918975
 10
131.52816714299732
 20
95.98734564972825
 10
132.62971805991228
 20
95.49070336319483
 10
133.12487642044132
 20
95.22911497388753
 10
133.5787474812053
 20
94.96009193274593
 10
133.98817431634473
 20
94.68469187391456
 10
134.35
 20
94.40397243153801
 10
134.75462245111567
 20
94.04638889056983
 10
135.1166791915463
 20
93.68836071317295
 10
135.43648959594958
 20
93.32853783288267
 10
135.71437303898324
 20
92.96557018323425
 10
135.950648895305
 20
92.59810769776298
 10
136.1456365395725
 20
92.22480031000414
 10
136.29965534644353
 20
91.84429795349301
 10
136.41302469057575
 20
91.45525056176488
 10
136.48606394662687
 20
91.05630806835502
 10
136.51909248925463
 20
90.64612040679872
 10
136.51242969311667
 20
90.22333751063125
 10
136.46639493287077
 20
89.7866093133879
 10
136.3813075831746
 20
89.33458574860396
 10
136.25748701868588
 20
88.8659167498147
 10
136.09525261406228
 20
88.3792522505554
 10
135.89492374396156
 20
87.87324218436135
 10
135.60885619616434
 20
87.27099679892031
 10
135.27029782017206
 20
86.6862199445157
 10
134.88034812465978
 20
86.11967384837946
 10
134.4401066183026
 20
85.5721207377436
 10
133.95067280977557
 20
85.04432283984005
 10
133.4131462077538
 20
84.53704238190079
 10
132.82862632091238
 20
84.05104159115778
 10
132.19821265792635
 20
83.587082694843
 10
131.52300472747083
 20
83.14592792018841
 10
130.80410203822086
 20
82.72833949442598
 10
130.04260409885157
 20
82.33507964478767
 10
129.239610418038
 20
81.96691059850545
 10
128.39622050445524
 20
81.62459458281128
 10
127.51353386677839
 20
81.30889382493714
 10
126.59265001368252
 20
81.020570552115
 10
125.63466845384269
 20
80.76038699157681
 10
125.25637570650495
 20
80.66969224157887
 10
124.82840640848258
 20
80.57456626459565
 10
123.93291079924315
 20
80.39207688654754
 10
123.5201208074557
 20
80.31524161391981
 10
123.16712690384281
 20
80.25503137118108
 10
122.90129724811932
 20
80.21671022254989
 10
122.75
 20
80.20554223224484
 10
122.7574658203125
 20
80.22052419572684
 10
122.8176953125
 20
80.26155888716626
 10
122.92556152343751
 20
80.325813400924
 10
123.07593750000001
 20
80.41045483136092
 10
123.4837109375
 20
80.62956681971579
 10
124.0
 20
80.89623160711785
 10
124.53218032128623
 20
81.17603907426906
 10
124.74898784423526
 20
81.29744772082631
 10
124.92826697265356
 20
81.4036554151845
 10
125.06651272949017
 20
81.49250898670354
 10
125.16022013769411
 20
81.5618552647433
 10
125.20588422021437
 20
81.60954107866367
 10
125.2
 20
81.63341325782454
 10
125.11163928151066
 20
81.66264556363305
 10
124.98193806780208
 20
81.70424521524868
 10
124.82834277151336
 20
81.75266829104211
 10
124.66829980528367
 20
81.80237086938406
 10
124.52280010943242
 20
81.85072535150978
 10
124.40880282655041
 20
81.89547786829857
 10
124.33770667268374
 20
81.93164509258733
 10
124.32091036387851
 20
81.95424369721292
 10
124.36035235665877
 20
81.97361570301335
 10
124.46007060728486
 20
82.01581279478461
 10
124.61338330279614
 20
82.07818636269103
 10
124.8136086302319
 20
82.15808779689695
 10
125.32806992903417
 20
82.35987982486463
 10
125.95000000000624
 20
82.6000000000024
 10
126.57226218314307
 20
82.84045228730595
 10
127.08762774774046
 20
83.04314858107158
 10
127.28847660754494
 20
83.12367354764815
 10
127.44250408406425
 20
83.18676189656485
 10
127.54301110108163
 20
83.22974775472984
 10
127.58329858238031
 20
83.24996524905134
 10
127.58195830719019
 20
83.28780840429266
 10
127.54983402258131
 20
83.36237167778177
 10
127.49243866819833
 20
83.46287390938122
 10
127.41528518368591
 20
83.5785339389536
 10
127.20875208543399
 20
83.86858292928824
 10
128.079376042717
 20
84.1104892091873
 10
128.95000000000002
 20
84.35239548908638
 10
129.0
 20
85.10119774454319
 10
129.01708235570766
 20
85.34763761372908
 10
129.03367076986413
 20
85.53341844468719
 10
129.05382187671535
 20
85.66755873534825
 10
129.08159231050726
 20
85.75907698364303
 10
129.17621769589675
 20
85.85032134485672
 10
129.35
 20
85.87929951177426
 10
129.5380848613028
 20
85.90029874019079
 10
129.67586673604103
 20
85.92500815916867
 10
129.76519444745412
 20
85.95865314551321
 10
129.80791681878137
 20
86.00645907602969
 10
129.8058826732622
 20
86.0736513275234
 10
129.760940834136
 20
86.16545527679965
 10
129.6749401246421
 20
86.28709630066375
 10
129.5497293680199
 20
86.44379977592098
 10
129.185358910355
 20
86.8884659003284
 10
129.6176794551775
 20
87.10830837036883
 10
130.25779023335974
 20
87.47059111516725
 10
130.8404495716905
 20
87.87529409612266
 10
131.36127001886805
 20
88.31731310019498
 10
131.81586412359067
 20
88.79154391434416
 10
132.1998444345566
 20
89.29288232553013
 10
132.50882350046416
 20
89.81622412071282
 10
132.73841387001158
 20
90.35646508685217
 10
132.88422809189717
 20
90.90850101090811
 10
132.92867313277767
 20
91.2917049675638
 10
132.9155710175097
 20
91.65162736534923
 10
132.84360043137184
 20
91.98898009858667
 10
132.71144005964265
 20
92.30447506159842
 10
132.51776858760076
 20
92.59882414870678
 10
132.26126470052472
 20
92.87273925423405
 10
131.94060708369307
 20
93.1269322725025
 10
131.55447442238443
 20
93.36211509783443
 10
131.1015454018774
 20
93.57899962455214
 10
130.5804987074505
 20
93.77829774697793
 10
129.9900130243823
 20
93.96072135943406
 10
129.32876703795145
 20
94.12698235624285
 10
128.59543943343647
 20
94.27779263172658
 10
127.78870889611596
 20
94.41386408020756
 10
126.9072541112685
 20
94.53590859600807
 10
125.94975376417266
 20
94.6446380734504
 10
123.90490630224218
 20
94.82236391114306
 10
121.9342015603566
 20
94.92974655791672
 10
120.05816811246348
 20
94.9675733677954
 10
118.29733453251039
 20
94.93663169480314
 10
117.46653287236997
 20
94.8956187253629
 10
116.67222939444491
 20
94.83770889296395
 10
115.91699017047864
 20
94.76300061685926
 10
115.20338127221463
 20
94.67159231630185
 10
114.53396877139629
 20
94.56358241054474
 10
113.9113187397671
 20
94.4390693188409
 10
113.3379972490705
 20
94.29815146044335
 10
112.81657037104992
 20
94.1409272546051
 10
112.35809311674318
 20
93.97107780800202
 10
111.96962169987496
 20
93.7868195483362
 10
111.64119272047144
 20
93.57787058053802
 10
111.36284277855871
 20
93.33394900953789
 10
111.12460847416291
 20
93.0447729402662
 10
110.91652640731019
 20
92.70006047765334
 10
110.72863317802663
 20
92.28952972662971
 10
110.55096538633839
 20
91.8028987921257
 10
110.36856497596068
 20
91.21600009598419
 10
110.1978437506683
 20
90.58495774373452
 10
110.03861911676186
 20
89.90800374883786
 10
109.89070848054205
 20
89.18337012475534
 10
109.75392924830948
 20
88.4092888849481
 10
109.6280988263648
 20
87.58399204287726
 10
109.51303462100869
 20
86.70571161200398
 10
109.40855403854175
 20
85.77267960578939
 10
109.31447448526467
 20
84.78312803769462
 10
109.23061336747806
 20
83.73528892118082
 10
109.15678809148258
 20
82.62739426970913
 10
109.0928160635789
 20
81.45767609674067
 10
109.03851469006761
 20
80.2243664157366
 10
108.99370137724941
 20
78.92569724015802
 10
108.95819353142493
 20
77.5599005834661
 10
108.9318085588948
 20
76.12520845912198
 10
108.86890103095526
 20
71.90041691824393
 10
108.33409953628819
 20
71.73183559804951
 10
107.79929804162111
 20
71.56325427785508
 10
107.51917713469912
 20
71.83162713892754
 10
107.28940477612136
 20
72.0255032708332
 10
107.12020780670515
 20
72.07961777755978
 10
106.97070121761115
 20
71.98933018023835
 10
106.80000000000001
 20
71.75
 10
106.708212116099
 20
71.6141015625
 10
106.61819943161373
 20
71.5028125
 10
106.5403024259935
 20
71.4276171875
 10
106.48486157868763
 20
71.4
 10
106.41208320099513
 20
71.42367187500001
 10
106.28698004828256
 20
71.48812500000001
 10
106.12710226610062
 20
71.583515625
 10
105.95
 20
71.7
 10
105.77367725968226
 20
71.816484375
 10
105.61592194869131
 20
71.911875
 10
105.49396005334141
 20
71.976328125
 10
105.42501755994681
 20
72.0
 10
105.37024804667195
 20
71.94279296875
 10
105.28687594867776
 20
71.78703125
 10
105.18623353777328
 20
71.55650390625
 10
105.0796530857675
 20
71.275
 10
104.82323599820364
 20
70.55
 10
104.07167880486469
 20
70.57750639435415
 10
103.6871645060756
 20
70.58049200034992
 10
103.36914627532315
 20
70.55487607427911
 10
103.08373949572884
 20
70.49590895541698
 10
102.7970595504142
 20
70.39884098303881
 10
102.58968140414795
 20
70.32307129196843
 10
102.41170250231153
 20
70.26917661272532
 10
102.28206684972288
 20
70.24214092674546
 10
102.2197184512
 20
70.24694821546491
 10
102.21614354432397
 20
70.28603047504575
 10
102.21547793951048
 20
70.39057975738157
 10
102.21757162359798
 20
70.55678850474382
 10
102.22227458342492
 20
70.78084915940394
 10
102.22943680582975
 20
71.05895416363335
 10
102.2389082776509
 20
71.3872959597035
 10
102.25053898572683
 20
71.76206698988582
 10
102.26417891689597
 20
72.17945969645174
 10
102.2968863958677
 20
73.1268799078202
 10
102.33583060927367
 20
74.19909613198033
 10
102.37981145182142
 20
75.36564790710366
 10
102.42762881821854
 20
76.59607477136167
 10
102.52997270139109
 20
79.12671191996778
 10
102.58209900758168
 20
80.36600128065885
 10
102.63326141645186
 20
81.5473238831706
 10
102.68225982270924
 20
82.64021926567455
 10
102.72789412106138
 20
83.61422696634217
 10
102.74907469686909
 20
84.04712904166595
 10
102.76896420621583
 20
84.43888652334498
 10
102.78741263594003
 20
84.78569185365066
 10
102.80426997288015
 20
85.08373747485446
 10
102.83365784732227
 20
85.55296889916926
 10
102.86331899988151
 20
85.93698286146466
 10
102.89700034550853
 20
86.25689074641967
 10
102.93844879915395
 20
86.5338039387133
 10
103.05963469030257
 20
87.04309178403254
 10
103.14686595770705
 20
87.31768920641615
 10
103.25685199293248
 20
87.63373747485446
 10
103.38027494773563
 20
87.98042543514076
 10
103.4878538835555
 20
88.2860243260708
 10
103.6577685171497
 20
88.79315123511415
 10
103.77117353152371
 20
89.19351087248852
 10
103.83264656448621
 20
89.52549590869796
 10
103.84676525384582
 20
89.82749901424651
 10
103.8181072374112
 20
90.13791285963822
 10
103.75125015299099
 20
90.49513011537712
 10
103.65077163839383
 20
90.93754345196726
 10
103.57365129565235
 20
91.26054870815685
 10
103.50518239368027
 20
91.52606693442699
 10
103.44269646073458
 20
91.74103706149324
 10
103.38352502507226
 20
91.91239802007118
 10
103.26445175862565
 20
92.15204815462428
 10
103.1266148203963
 20
92.30052878381079
 10
103.01194227576435
 20
92.37797971697175
 10
102.88717452001538
 20
92.44140533024442
 10
102.76737300390879
 20
92.48426047434756
 10
102.66759917820403
 20
92.5
 10
102.57197405401591
 20
92.48952678285197
 10
102.40007068229457
 20
92.45927264638881
 10
102.15923869252713
 20
92.41098586308198
 10
101.85682771420073
 20
92.3464147054029
 10
101.50018737680249
 20
92.26730744582302
 10
101.09666730981955
 20
92.17541235681375
 10
100.17838650504807
 20
91.96025178039285
 10
99.16078233578332
 20
91.71491915591167
 10
98.10265183792238
 20
91.45340066314172
 10
97.06279204736225
 20
91.18968248185445
 10
96.10000000000001
 20
90.93775079182136
 10
94.33630994988317
 20
90.45549072544173
 10
92.44595962916945
 20
89.91685635478939
 10
90.44657095441862
 20
89.32772502876558
 10
88.35576584219052
 20
88.6939740962716
 10
86.19116620904498
 20
88.02148090620874
 10
83.9703939715418
 20
87.31612280747824
 10
79.43081934970178
 20
85.83032127961953
 10
74.87801730914906
 20
84.28358830390567
 10
72.64071079825497
 20
83.50206589535628
 10
70.45296318236217
 20
82.72294267154693
 10
68.33239637803044
 20
81.95209598137892
 10
66.29663230181963
 20
81.19540317375352
 10
64.36329287028954
 20
80.45874159757201
 10
62.550000000000004
 20
79.74798860173567
 10
61.48628095527954
 20
79.32261098804291
 10
60.51289569648339
 20
78.92941785116861
 10
59.62579842563803
 20
78.56648176351182
 10
58.820943344769944
 20
78.23187529747163
 10
58.0942846559056
 20
77.92367102544709
 10
57.44177656107148
 20
77.63994151983728
 10
56.85937326229407
 20
77.37875935304126
 10
56.343028961599835
 20
77.13819709745812
 10
55.88869786101527
 20
76.91632732548688
 10
55.492334162566834
 20
76.71122260952664
 10
55.14989206828102
 20
76.52095552197648
 10
54.85732578018431
 20
76.34359863523544
 10
54.61058950030317
 20
76.1772245217026
 10
54.405637430664086
 20
76.01990575377702
 10
54.10490273021799
 20
75.72472454434394
 10
53.943704461550276
 20
75.50129779042534
 10
53.78510321113263
 20
75.22550752306319
 10
53.629400341878885
 20
74.8986639657067
 10
53.47689721670289
 20
74.52207734180516
 10
53.32789519851847
 20
74.09705787480782
 10
53.18269565023947
 20
73.62491578816392
 10
53.041599934779725
 20
73.10696130532271
 10
52.90490941505308
 20
72.54450464973345
 10
52.77292545397338
 20
71.93885604484541
 10
52.645949414454456
 20
71.29132571410781
 10
52.40822655175429
 20
69.87586076888101
 10
52.1941517302633
 20
68.30859160164707
 10
52.0061358532922
 20
66.60000000000001
 10
51.87441172700713
 20
65.15237527387289
 10
51.756369896046365
 20
63.642347926650736
 10
51.56601751993615
 20
60.52817616889832
 10
51.444447524638356
 20
57.44366632669674
 10
51.41238366969311
 20
55.97071637391315
 10
51.40102870982976
 20
54.575
 10
51.400000000000006
 20
52.300000000000004
 10
50.51213203435597
 20
52.300000000000004
 10
49.62426406871193
 20
52.300000000000004
 10
49.5
 20
52.0
 10
49.3962146499074
 20
51.8030682635702
 10
49.268050183938364
 20
51.7183175369776
 10
49.072216690639365
 20
51.736908041896214
 10
48.93539596141191
 20
51.78219382544533
 10
48.7654242585569
 20
51.85
 10
48.45154547247868
 20
51.96388216535151
 10
48.24543266556557
 20
51.98256124227687
 10
48.10847386198364
 20
51.89870125923285
 10
48.00205708589894
 20
51.70496624467619
 10
47.80156928258101
 20
51.36862419877233
 10
47.49408106485871
 20
51.02141158990669
 10
47.12958696213145
 20
50.71216783813894
 10
46.75808150379862
 20
50.489732363528766
 10
46.52127022375436
 20
50.403704828402795
 10
46.24171618827692
 20
50.34594195198359
 10
45.89697963822589
 20
50.31319024046706
 10
45.464620814460886
 20
50.302196200049096
 10
44.57924162892178
 20
50.300000000000004
 10
43.964620814460886
 20
49.71081578061351
 10
43.70075299552304
 20
49.461120642445685
 10
43.43664880098619
 20
49.21680186802779
 10
43.20296386637003
 20
49.0058939459974
 10
43.03035382719423
 20
48.85643136499209
 10
42.71070765438846
 20
48.59123116875716
  0
LWPOLYLINE
  5
3D
330
17
100
AcDbEntity
  8
C00_ED1C24
100
AcDbPolyline
 90
395
 70
1
 10
57.25187856292353
 20
56.300000000000004
 10
57.28876207975647
 20
56.99145532765648
 10
57.3291292161649
 20
57.80895083605534
 10
57.409974184924955
 20
59.583428798889315
 10
57.44528193588494
 20
60.421094455228996
 10
57.47373314363714
 20
61.146166696120176
 10
57.484579718592876
 20
61.44783703607017
 10
57.49274276748573
 20
61.69898712251515
 10
57.49789916022872
 20
61.89215965557413
 10
57.49972576673488
 20
62.019897335366174
 10
57.5
 20
62.489794670732344
 10
57.153211863089645
 20
62.34489733536617
 10
56.9822179164993
 20
62.27625783054064
 10
56.85044465329677
 20
62.23307571857931
 10
56.752830655174435
 20
62.21842213764721
 10
56.684314503824716
 20
62.23536822590936
 10
56.63983478094001
 20
62.2869851215308
 10
56.614330068212716
 20
62.376343962676536
 10
56.60273894733525
 20
62.50651588751161
 10
56.6
 20
62.68057203420105
 10
56.58695009755906
 20
62.92336068502622
 10
56.54436692682415
 20
63.12960765917683
 10
56.46710029267717
 20
63.316193812289285
 10
56.35
 20
63.5
 10
56.225378133368885
 20
63.694839677736816
 10
56.14894722966123
 20
63.892871615419594
 10
56.11054271112296
 20
64.13286754600672
 10
56.1
 20
64.45359920245656
 10
56.1
 20
65.0683424733152
 10
55.7
 20
65.18818538829589
 10
55.54481717928536
 20
65.24031937222554
 10
55.41798276644847
 20
65.29367653995727
 10
55.33256783544987
 20
65.34199532269392
 10
55.301643460250105
 20
65.3790141516383
 10
55.33204503393586
 20
65.40455227904194
 10
55.41853862451497
 20
65.45017989257254
 10
55.55507442729994
 20
65.51333933288348
 10
55.735602637603264
 20
65.59147294062808
 10
56.204437062014975
 20
65.78243202103178
 10
56.776643460250106
 20
66.0025958590105
 10
58.25
 20
66.55519171802096
 10
58.314369047423114
 20
68.3025958590105
 10
58.34311180897135
 20
68.90538675079407
 10
58.38531422784722
 20
69.55040622611929
 10
58.499037312600144
 20
70.85767926079149
 10
58.565027615986374
 20
71.46520698683682
 10
58.63341685171856
 20
72.00551162982056
 10
58.70143983855127
 20
72.4512302730919
 10
58.766331395239106
 20
72.775
 10
58.784502309462
 20
72.86236328125
 10
58.793060886711835
 20
72.93390624999999
 10
58.79157176464591
 20
72.98224609374999
 10
58.77959958092151
 20
73.0
 10
58.69483884265372
 20
72.97687220612421
 10
58.49516306217756
 20
72.9139004901258
 10
58.210405384980255
 20
72.82070235044814
 10
57.870398956549025
 20
72.70689528553463
 10
57.530609497030156
 20
72.5984621082469
 10
57.24644257677245
 20
72.51989584081765
 10
57.04764111656691
 20
72.4785792957469
 10
56.96394803720452
 20
72.48189528553462
 10
56.94306583238512
 20
72.5622140692276
 10
56.91528408009367
 20
72.7305585966711
 10
56.884226327548824
 20
72.96229071656299
 10
56.853516121969236
 20
73.23277227760106
 10
56.829266242084785
 20
73.45532999530586
 10
56.805207612581306
 20
73.62702815337009
 10
56.73557906280901
 20
73.85956976178223
 10
56.60046038883585
 20
74.01384504524839
 10
56.35568150684533
 20
74.17330194617944
 10
56.15764251679453
 20
74.30977705716955
 10
56.00168555322669
 20
74.45567521167087
 10
55.88449862055387
 20
74.61469366402619
 10
55.80276972318815
 20
74.79052966857839
 10
55.73357715873825
 20
74.95172216981769
 10
55.63845554882984
 20
75.12488042943193
 10
55.5299452734927
 20
75.28922011639995
 10
55.42058671275661
 20
75.42395689970054
 10
55.32455435483429
 20
75.53320969096046
 10
55.252328295079174
 20
75.62816227088709
 10
55.210907324232146
 20
75.6986276120801
 10
55.207290233034115
 20
75.73441868713914
 10
55.2799466004121
 20
75.77807925457694
 10
55.43668740931412
 20
75.85919043615596
 10
55.66811993635807
 20
75.97341786416419
 10
55.96485145816188
 20
76.11642717088958
 10
56.31748925134348
 20
76.28388398862012
 10
56.716640592520775
 20
76.47145394964376
 10
57.61691302533417
 20
76.88959583072229
 10
59.56234063809791
 20
77.77652513306737
 10
60.457212243934976
 20
78.17596267094147
 10
60.852312964880035
 20
78.3495043745618
 10
61.2
 20
78.49981554435496
 10
62.052938178459456
 20
78.85805764159457
 10
62.855461417332975
 20
79.18169151156566
 10
63.6036083941785
 20
79.4693286814889
 10
64.29341778655397
 20
79.71958067858496
 10
64.92092827201733
 20
79.93105903007455
 10
65.4821785281265
 20
80.10237526317832
 10
65.97320723243942
 20
80.23214090511698
 10
66.39005306251404
 20
80.31896748311118
 10
66.8368706872112
 20
80.36843006703621
 10
67.28346977172491
 20
80.36528688393447
 10
67.72708052614507
 20
80.31168493955114
 10
68.16493316056155
 20
80.20977123963138
 10
68.59425788506421
 20
80.0616927899204
 10
69.01228490974296
 20
79.86959659616336
 10
69.41624444468766
 20
79.63562966410545
 10
69.80336669998822
 20
79.36193899949185
 10
70.17088188573449
 20
79.05067160806774
 10
70.51602021201636
 20
78.70397449557831
 10
70.8360118889237
 20
78.32399466776873
 10
71.1280871265464
 20
77.9128791303842
 10
71.38947613497436
 20
77.47277488916987
 10
71.61740912429742
 20
77.00582894987093
 10
71.8091163046055
 20
76.51418831823258
 10
71.96182788598844
 20
76.0
 10
72.05306254594088
 20
75.48165662293385
 10
72.0940375363961
 20
74.87418401673716
 10
72.08741139041959
 20
74.2036511487279
 10
72.03584264107683
 20
73.4961269862241
 10
71.9419898214333
 20
72.77768049654377
 10
71.80851146455448
 20
72.07438064700492
 10
71.63806610350585
 20
71.41229640492556
 10
71.4333122713529
 20
70.8174967376237
 10
71.16787273222883
 20
70.15400237484481
 10
72.70893636611441
 20
68.68114809651615
 10
73.01600249819636
 20
68.38696351487168
 10
73.28232681893647
 20
68.13198321411825
 10
73.51086783906712
 20
67.91590697149739
 10
73.70458406932066
 20
67.73843456425064
 10
73.86643402042947
 20
67.59926576961955
 10
73.99937620312589
 20
67.49810036484564
 10
74.10636912814228
 20
67.43463812717044
 10
74.19037130621102
 20
67.40857883383552
 10
74.25434124806445
 20
67.41962226208238
 10
74.30123746443493
 20
67.46746818915258
 10
74.3556427636565
 20
67.67236664872911
 10
74.37725528973463
 20
68.0208724304974
 10
74.3897431285282
 20
68.51058375238976
 10
74.39285476077767
 20
68.60847411599215
 10
74.39780717805364
 20
68.7479010591607
 10
74.41280308644824
 20
69.14092740478218
 10
74.4338682912381
 20
69.66878823042614
 10
74.46014022994942
 20
70.31060897726451
 10
74.49075634010832
 20
71.04551508646915
 10
74.524854059241
 20
71.85263199921201
 10
74.6000440745322
 20
73.60000000000001
 10
74.7894451453058
 20
77.95
 10
75.09654423275896
 20
78.73609994342229
 10
75.26851231891254
 20
79.21542916871503
 10
75.3683062563234
 20
79.6760722689387
 10
75.40023451965337
 20
79.96382692792193
 10
75.42503516628132
 20
80.32423854256467
 10
75.44634683636849
 20
80.78308327517584
 10
75.4678081700761
 20
81.36613728806435
 10
75.48733694535723
 20
81.8882606314283
 10
75.50661211907372
 20
82.30720713467664
 10
75.52695599446584
 20
82.63439757482924
 10
75.54969087477383
 20
82.8812527289059
 10
75.57613906323799
 20
83.05919337392649
 10
75.60762286309857
 20
83.17964028691082
 10
75.69098650997005
 20
83.29373602485009
 10
75.73035198221349
 20
83.30908151276127
 10
75.82147735771947
 20
83.3413673826796
 10
75.96099683405735
 20
83.38948220437544
 10
76.14554460879653
 20
83.45231454761908
 10
76.37175487950634
 20
83.52875298218086
 10
76.63626184375619
 20
83.61768607783111
 10
77.26670264315347
 20
83.82859053147827
 10
78.00994058754335
 20
84.07613646672311
 10
78.83904925748082
 20
84.35143244172825
 10
80.64717309621855
 20
84.94970874366965
 10
82.47566280380656
 20
85.55228790260307
 10
83.33022880980691
 20
85.83296244884822
 10
84.10910702468482
 20
86.08803838382912
 10
84.78537102899529
 20
86.30862426570832
 10
85.33209440329328
 20
86.48582865264842
 10
85.54846384811104
 20
86.5553842099421
 10
85.72235072813382
 20
86.61076010281198
 10
85.85038924093097
 20
86.65084490102836
 10
85.92921358407187
 20
86.67452717436157
 10
86.02710033833374
 20
86.65984414689046
 10
86.05587399710727
 20
86.58817838151427
 10
86.07267500946102
 20
86.45033504754952
 10
86.07860874975884
 20
86.22884309437512
 10
86.0747805923646
 20
85.90623147136998
 10
86.06229591164215
 20
85.46502912791298
 10
86.04226008195536
 20
84.88776501338306
 10
86.01104476535285
 20
84.1681227643356
 10
85.97496543868799
 20
83.56723674278771
 10
85.95649807331839
 20
83.33096071867926
 10
85.93849026751666
 20
83.14793383306953
 10
85.92150054197728
 20
83.02600944649977
 10
85.90608741739476
 20
82.97304091951125
 10
85.82908232688948
 20
82.93555400949397
 10
85.63556825882507
 20
82.85800038161211
 10
85.33848106676089
 20
82.74512225806825
 10
84.9507566042563
 20
82.60166186106491
 10
84.48533072487064
 20
82.43236141280465
 10
83.95513928216323
 20
82.24196313549004
 10
83.37311812969345
 20
82.03520925132361
 10
82.75220312102064
 20
81.81684198250792
 10
81.93863050662969
 20
81.53018230952883
 10
81.26741192472937
 20
81.28905706158135
 10
80.7272788702818
 20
81.08891753444112
 10
80.30696283824909
 20
80.92521502388381
 10
79.99519532359334
 20
80.79340082568505
 10
79.78070782127666
 20
80.68892623562051
 10
79.65223182626117
 20
80.60724254946584
 10
79.59849883350898
 20
80.54380106299668
 10
79.57894394156978
 20
80.46567752026407
 10
79.55673776939575
 20
80.33638539325558
 10
79.50698208713409
 20
79.95486777980724
 10
79.45445279230569
 20
79.46039300944416
 10
79.40437089049227
 20
78.9141058689588
 10
79.36195738727554
 20
78.37715114514364
 10
79.3324332882372
 20
77.91067362479116
 10
79.32413632952921
 20
77.72297156178608
 10
79.32101959895896
 20
77.57581809469384
 10
79.32373572222416
 20
77.47685632186351
 10
79.33293732502253
 20
77.43372934164415
 10
79.39675172547555
 20
77.43829945371813
 10
79.55847886079619
 20
77.47256429449165
 10
79.80727160465368
 20
77.53362864806515
 10
80.1322828307173
 20
77.61859729853902
 10
80.52266541265635
 20
77.7245750300137
 10
80.96757222414007
 20
77.84866662658959
 10
81.97757003041869
 20
78.13961055144674
 10
82.98853404025479
 20
78.43485551701781
 10
83.43457327100701
 20
78.56398806106411
 10
83.82645418593803
 20
78.67663559948748
 10
84.1532794352649
 20
78.76967934744034
 10
84.40415166920464
 20
78.8400005200751
 10
84.56817353797429
 20
78.88448033254419
 10
84.63444769179085
 20
78.9
 10
84.64772672113126
 20
78.8547750592165
 10
84.65660738709974
 20
78.72687186544624
 10
84.66143502098892
 20
78.52794786155962
 10
84.66255495409142
 20
78.26966049042709
 10
84.65505304310683
 20
77.62162541790576
 10
84.63686430448698
 20
76.87602619084551
 10
84.61075138857278
 20
76.12612235220953
 10
84.57947694570524
 20
75.46517344496108
 10
84.5627674798955
 20
75.19720069778317
 10
84.5458036262253
 20
74.98643901206336
 10
84.52893071598723
 20
74.84454583067203
 10
84.51249408047393
 20
74.7831785964796
 10
84.44687393169123
 20
74.75110307746134
 10
84.28307255078991
 20
74.68512196480295
 10
84.03201032364693
 20
74.58925768167079
 10
83.70460763613922
 20
74.46753265123124
 10
83.31178487414373
 20
74.32396929665067
 10
82.8644624235374
 20
74.16259004109547
 10
81.85000000000001
 20
73.80247351972659
 10
80.83543801718902
 20
73.44216182219178
 10
80.38799888015683
 20
73.2805538143728
 10
79.99502172735711
 20
73.13668779180225
 10
79.66743211977756
 20
73.01459632294227
 10
79.41615561840588
 20
72.91831197625498
 10
79.25211778422978
 20
72.85186732020252
 10
79.18624417823695
 20
72.81929492324699
 10
79.17025128608086
 20
72.76342576921643
 10
79.14938094917393
 20
72.63184717866673
 10
79.12454703135094
 20
72.43540045376957
 10
79.09666339644663
 20
72.18492689669664
 10
79.03540243073311
 20
71.56526449471009
 10
78.97290896271147
 20
70.85959039008046
 10
78.91649390305976
 20
70.15463500018113
 10
78.87346816245608
 20
69.53712874238548
 10
78.85926094638414
 20
69.2882722934557
 10
78.85114265157848
 20
69.09380203406687
 10
78.85002714187388
 20
68.96455926639064
 10
78.85682828110508
 20
68.9113852925987
 10
78.92878818563791
 20
68.92449713405124
 10
79.12063308183424
 20
68.97707100270469
 10
79.4192464450658
 20
69.06507156479822
 10
79.8115117507043
 20
69.18446348657099
 10
80.28431247412145
 20
69.3312114342622
 10
80.82453209068899
 20
69.50128007411102
 10
81.41905407577863
 20
69.69063407235662
 10
82.05476190476209
 20
69.89523809523816
 10
82.69078442208074
 20
70.09955900239882
 10
83.28620831297317
 20
70.28810158286066
 10
83.82785381400689
 20
70.45688739693115
 10
84.30254116174942
 20
70.60193800491778
 10
84.69709059276826
 20
70.71927496712803
 10
84.99832234363096
 20
70.80491984386938
 10
85.193056650905
 20
70.85489419544935
 10
85.26811375115794
 20
70.86521958217537
 10
85.2752594213454
 20
70.82954385888954
 10
85.27535762044134
 20
70.74767770856944
 10
85.2562816437389
 20
70.46643733686982
 10
85.21462589781083
 20
70.0636248871631
 10
85.15413045941739
 20
69.58136677953591
 10
85.11622369063288
 20
69.30041406534265
 10
85.07222556167314
 20
68.973362785061
 10
84.97227673335425
 20
68.22817292066989
 10
84.86692699471337
 20
67.44021397523737
 10
84.76881936600314
 20
66.70390273763819
 10
84.54997758743185
 20
65.05780547527637
 10
81.49998879371593
 20
64.11844859195918
 10
80.88636713546846
 20
63.92885164948029
 10
80.31208871903186
 20
63.75023465908372
 10
79.78985281575315
 20
63.58663130477711
 10
79.33235869697934
 20
63.44207527056806
 10
78.95230563405744
 20
63.32060024046424
 10
78.66239289833446
 20
63.22623989847325
 10
78.47531976115742
 20
63.163027928602745
 10
78.40378549387331
 20
63.134998014860344
 10
78.39540584979036
 20
63.10256192994229
 10
78.40675326009605
 20
63.04684135627403
 10
78.43536678729036
 20
62.975651869429655
 10
78.47878549387332
 20
62.896809044983264
 10
78.52585081383032
 20
62.818516154994946
 10
78.56439323882529
 20
62.74882401444728
 10
78.59043541787595
 20
62.695319513298145
 10
78.60000000000001
 20
62.665589541505405
 10
78.57769011727659
 20
62.65672036541879
 10
78.51374935291616
 20
62.645717220040005
 10
78.27890848214331
 20
62.61905285592074
 10
77.9313439933995
 20
62.58908411817728
 10
77.50692249240274
 20
62.55929867583931
 10
77.14789189483942
 20
62.53739418783596
 10
76.86938801399613
 20
62.52481178426985
 10
76.65213135669123
 20
62.52422976661817
 10
76.47684242974313
 20
62.538326436358105
 10
76.17504979419088
 20
62.62126904392159
 10
76.00998709922351
 20
62.69547158469952
 10
75.80977416188648
 20
62.79506601877782
 10
75.57144628129451
 20
62.91346616617424
 10
75.36908262439748
 20
63.010425643015985
 10
75.2240755251514
 20
63.07593880304419
 10
75.15781731751231
 20
63.1
 10
75.1337988374357
 20
63.0520472544596
 10
75.10380089739441
 20
62.921482848285244
 10
75.07165079612042
 20
62.7282475271472
 10
75.04117583234581
 20
62.49228203671572
 10
75.01361467456476
 20
62.26576436065594
 10
74.9793199300468
 20
62.09245160080409
 10
74.92365785237088
 20
61.9608092038111
 10
74.831994695116
 20
61.85930261632792
 10
74.6896967118611
 20
61.776397285005494
 10
74.48213015618518
 20
61.700558656494756
 10
74.19466128166718
 20
61.62025217744666
 10
73.8126563418861
 20
61.52394329451213
 10
73.17531268377222
 20
61.365169318751875
 10
72.51155826124668
 20
62.05758465937594
 10
72.3741711743342
 20
62.20151947418449
 10
72.20534990020735
 20
62.37940991149973
 10
71.78935852820634
 20
62.820015438726905
 10
71.29549162103515
 20
63.34531681121071
 10
70.75565665448539
 20
63.92122959910435
 10
69.66571244641621
 20
65.08855170173412
 10
69.17941815647988
 20
65.61179215677669
 10
68.77478571033114
 20
66.04930630784203
 10
68.31472131804767
 20
66.54861261568406
 10
67.68236065902384
 20
65.89271744834893
 10
66.90717202813168
 20
65.18654848892939
 10
66.07213987117152
 20
64.60541365236514
 10
65.20686046631833
 20
64.16705857294332
 10
64.77212688286156
 20
64.00696895287555
 10
64.34093009174715
 20
63.88922888495107
 10
63.82060969120878
 20
63.772786281800656
 10
63.7588267645313
 20
61.91139314090033
 10
63.73024961331165
 20
61.10777017916012
 10
63.69811249625871
 20
60.295690485139474
 10
63.66635054651813
 20
59.56986383377417
 10
63.65183998849798
 20
59.26889220375471
 10
63.63889889723555
 20
59.025000000000006
 10
63.5807539566173
 20
58.0
 10
62.83233245531457
 20
58.0
 10
62.083910954011834
 20
58.0
 10
61.92341829877903
 20
57.59142544404216
 10
61.76292564354624
 20
57.18285088808432
 10
61.306462821773124
 20
57.24521295337613
 10
61.10752764800653
 20
57.2737003800887
 10
60.903304703895856
 20
57.30516507955507
 10
60.71779511328054
 20
57.33578373656691
 10
60.575
 20
57.36173303591588
 10
60.41810830290103
 20
57.383706261159524
 10
60.33623515813425
 20
57.34400494218271
 10
60.30499443430035
 20
57.203855108066584
 10
60.300000000000004
 20
56.92448278789229
 10
60.300000000000004
 20
56.43307452262075
 10
59.519040825426195
 20
56.47828355215079
 10
59.09905817020186
 20
56.49357920699313
 10
58.798388172212896
 20
56.475010701173495
 10
58.55179450083059
 20
56.41296892006499
 10
58.294040825426194
 20
56.29784474904073
 10
58.095919035981034
 20
56.181737001306075
 10
57.88472800658462
 20
56.032408295142325
 10
57.685728724180684
 20
55.869111243217674
 10
57.52418217571293
 20
55.711098458200325
 10
57.19836435142586
 20
55.35
  0
LWPOLYLINE
  5
3E
330
17
100
AcDbEntity
  8
C00_ED1C24
100
AcDbPolyline
 90
185
 70
1
 10
86.80000000000001
 20
66.7565283723337
 10
86.80223734959856
 20
66.80951891703383
 10
86.8087806366556
 20
66.92311975516533
 10
86.81937671856318
 20
67.09368876347322
 10
86.83377245271336
 20
67.31758381870252
 10
86.85171469649822
 20
67.59116279759824
 10
86.87295030730982
 20
67.91078357690543
 10
86.92428905958151
 20
68.67358204373424
 10
86.98576356866494
 20
69.57684223314911
 10
87.05534869369662
 20
70.5914271591102
 10
87.13101929381307
 20
71.68819983557768
 10
87.21075022815083
 20
72.83802327651172
 10
87.37429253603631
 20
75.18027450762014
 10
87.45405362785706
 20
76.31442832571484
 10
87.5297744904452
 20
77.38508496411677
 10
87.59942998293724
 20
78.36310743678608
 10
87.66099496446968
 20
79.21935875768294
 10
87.68811065710621
 20
79.59271492807926
 10
87.71244429417905
 20
79.92470194076753
 10
87.73374273308025
 20
80.21167767249277
 10
87.75175283120187
 20
80.45
 10
87.82745897913811
 20
81.3159131031955
 10
87.91005361294806
 20
82.02693113260398
 10
87.95376624701315
 20
82.3231183750874
 10
87.99899956449563
 20
82.57909850566327
 10
88.04568641937851
 20
82.7943770765113
 10
88.09375966564478
 20
82.96845963981123
 10
88.13935559687123
 20
83.1356603111774
 10
88.1864706128135
 20
83.35329860240716
 10
88.28208545000433
 20
83.91846956394961
 10
88.37425927953495
 20
84.62113556342287
 10
88.45664720372301
 20
85.41845963981123
 10
88.5262185310919
 20
86.13496522464102
 10
88.59273745450048
 20
86.73191229083508
 10
88.62249582972312
 20
86.96607533672201
 10
88.64866338195982
 20
87.146977501684
 10
88.67029753721198
 20
87.26682836863235
 10
88.68645572148098
 20
87.31783752047839
 10
88.75126632508584
 20
87.34503605100981
 10
88.9123397108747
 20
87.39664499371193
 10
89.15895626364272
 20
87.46965884104257
 10
89.48039636818504
 20
87.56107208545953
 10
89.8659404092968
 20
87.66787921942061
 10
90.30486877177312
 20
87.78707473538361
 10
91.30000000000001
 20
88.05060888314665
 10
91.87666398975976
 20
88.20137008418052
 10
92.53917749988462
 20
88.3752473299739
 10
93.26413534164293
 20
88.56605889941935
 10
94.0281323263031
 20
88.76762307140945
 10
95.57962296940244
 20
89.178282338594
 10
96.32030625037838
 20
89.37501399157362
 10
97.00640791932966
 20
89.55777136266826
 10
98.24355717630768
 20
89.88479295075723
 10
98.79315821569683
 20
90.02782377110097
 10
99.27871301187209
 20
90.15259533778381
 10
99.68667367697293
 20
90.25565319741044
 10
100.00349232313886
 20
90.33354289658556
 10
100.21562106250937
 20
90.38280998191384
 10
100.30951200722396
 20
90.4
 10
100.34979410912366
 20
90.38435401511005
 10
100.3761712144593
 20
90.32873087050139
 10
100.38794109411063
 20
90.2201027812659
 10
100.38440151895742
 20
90.0454419624954
 10
100.36485025987942
 20
89.7917206292818
 10
100.32858508775638
 20
89.44591099671689
 10
100.2749037734681
 20
88.99498527989257
 10
100.2031040878943
 20
88.42591569390066
 10
99.95
 20
86.45183138780129
 10
96.95
 20
85.62220525145595
 10
95.75951171875
 20
85.29539201467144
 10
95.21998291015626
 20
85.14901048779555
 10
94.73578125
 20
85.01884074030652
 10
94.32054443359375
 20
84.90852906098628
 10
93.98791015625001
 20
84.82172173861677
 10
93.75151611328126
 20
84.76206506197995
 10
93.625
 20
84.73320531985776
 10
93.46123578101336
 20
84.69270097611432
 10
93.36149340273653
 20
84.63506528473928
 10
93.31132546588215
 20
84.54617722153468
 10
93.29628457116286
 20
84.41191576230247
 10
93.29372613852145
 20
84.3327861901704
 10
93.28783638124908
 20
84.20770631392159
 10
93.2675804503507
 20
83.84530717825987
 10
93.2385518935462
 20
83.37594141368938
 10
93.20378582591407
 20
82.85083207858219
 10
93.17152720473001
 20
82.34417525820277
 10
93.14932585360096
 20
81.9250514891782
 10
93.13917418710223
 20
81.63701050692444
 10
93.13923961514402
 20
81.55575535315411
 10
93.14306461980914
 20
81.52360204685746
 10
93.20334398892714
 20
81.53025656987789
 10
93.36520924619036
 20
81.56022576903064
 10
93.61756454721487
 20
81.61115465870051
 10
93.94931404761675
 20
81.68068825327234
 10
94.34936190301205
 20
81.76647156713092
 10
94.80661226901685
 20
81.86614961466107
 10
95.84833715531927
 20
82.09776996827527
 10
96.90119605869624
 20
82.3316045977809
 10
97.3714958234258
 20
82.43387784242633
 10
97.78880967312112
 20
82.52309492818087
 10
98.14146301498599
 20
82.59678577093
 10
98.41778125622417
 20
82.65248028655922
 10
98.60608980403944
 20
82.68770839095406
 10
98.69471406563561
 20
82.7
 10
98.77707024722639
 20
82.64062962213659
 10
98.79139358104425
 20
82.53930899273038
 10
98.78606790511884
 20
82.36613570782838
 10
98.75978384063148
 20
82.10303799604594
 10
98.71123200876349
 20
81.73194408599846
 10
98.63910303069616
 20
81.23478220630133
 10
98.54208752761082
 20
80.59348058556992
 10
98.41436799247386
 20
79.77355330977029
 10
98.35646930935819
 20
79.4134650430352
 10
98.30449669967535
 20
79.09828603189892
 10
98.25991417627355
 20
78.8367605324782
 10
98.22418575200102
 20
78.63763280088978
 10
98.19877543970595
 20
78.50964709325042
 10
98.18514725223659
 20
78.46154766567686
 10
98.12534317137151
 20
78.44025600547377
 10
97.96759142298063
 20
78.38910212871913
 10
97.7226353860491
 20
78.3114430846897
 10
97.40121843956207
 20
78.21063592266223
 10
97.01408396250469
 20
78.09003769191347
 10
96.5719753338621
 20
77.95300544172017
 10
95.56580913776195
 20
77.64306708010696
 10
94.55473052273665
 20
77.33040141652084
 10
94.10686439320038
 20
77.19017268740633
 10
93.7121120189732
 20
77.06534511337534
 10
93.38147212754878
 20
76.95941750940123
 10
93.1259434464207
 20
76.87588869045737
 10
92.95652470308264
 20
76.81825747151711
 10
92.8842146250282
 20
76.79002266755381
 10
92.85969659825983
 20
76.73521621270054
 10
92.82896807478664
 20
76.60391894724971
 10
92.79326051750905
 20
76.40701686893722
 10
92.75380538932744
 20
76.15539597549895
 10
92.66857827185372
 20
75.53154173418856
 10
92.58313842556865
 20
74.8194442052056
 10
92.50733755367534
 20
74.10619137043713
 10
92.45102735937698
 20
73.47887121177018
 10
92.43325992357687
 20
73.22465088031448
 10
92.42405954587667
 20
73.02457171109182
 10
92.42465768917678
 20
72.88951970183805
 10
92.43628581637759
 20
72.83038085028909
 10
92.51760077343296
 20
72.8236643979154
 10
92.69324069178408
 20
72.85113922003418
 10
92.93735556933716
 20
72.90763415837661
 10
93.22409540399838
 20
72.98797805467377
 10
94.08860972188134
 20
73.24647437798498
 10
95.04362420572035
 20
73.52721959353006
 10
96.97959716093757
 20
74.08553401391383
 10
97.83777737715137
 20
74.32814187504854
 10
98.21255817659234
 20
74.43266067441635
 10
98.54090124899233
 20
74.52307594100914
 10
98.81513295340356
 20
74.59720259084538
 10
99.02757964887824
 20
74.65285553994362
 10
99.17056769446862
 20
74.68784970432232
 10
99.23642344922689
 20
74.7
 10
99.31129432355195
 20
74.67338131996623
 10
99.34960786167531
 20
74.57276685324325
 10
99.35589736691762
 20
74.36701895989866
 10
99.33469614259951
 20
74.025
 10
99.32155782591644
 20
73.85181430737225
 10
99.30474328846837
 20
73.61757673914727
 10
99.28494643988243
 20
73.33261030981242
 10
99.26286118978581
 20
73.00723803385515
 10
99.21460112356911
 20
72.27656800002282
 10
99.1655143668355
 20
71.50815075354943
 10
99.05000000000001
 20
69.66630150709886
 10
93.2
 20
68.1986938827418
 10
92.01924560546875
 20
67.90250583736157
 10
90.90685546875001
 20
67.62352726489893
 10
89.88795166015626
 20
67.36805429329989
 10
88.98765625000001
 20
67.14238305051055
 10
88.58983734130861
 20
67.04269061740263
 10
88.23109130859376
 20
66.9528096644769
 10
87.91455841064453
 20
66.87352720772662
 10
87.64337890625
 20
66.80563026314505
 10
87.42069305419922
 20
66.74990584672543
 10
87.24964111328126
 20
66.70714097446101
 10
87.13336334228516
 20
66.67812266234507
 10
87.075
 20
66.66363792637087
 10
86.94187535566192
 20
66.63851802217859
 10
86.85736142725504
 20
66.6437030261365
 10
86.81291678522065
 20
66.68207809170231
  0
LWPOLYLINE
  5
3F
330
17
100
AcDbEntity
  8
C00_ED1C24
100
AcDbPolyline
 90
41
 70
1
 10
64.69169540433215
 20
70.2605653283555
 10
65.38328199997251
 20
70.68047112421185
 10
66.01230483588598
 20
71.145108859847
 10
66.57156913392167
 20
71.64570274501742
 10
67.05388011592868
 20
72.17347698947952
 10
67.45204300375609
 20
72.71965580298978
 10
67.75886301925301
 20
73.27546339530464
 10
67.96714538426852
 20
73.83212397618053
 10
68.06969532065173
 20
74.38086175537391
 10
68.08646596824033
 20
74.686257076288
 10
68.06731908793344
 20
74.91007734666667
 10
68.00277683327583
 20
75.0990743825555
 10
67.88336135781223
 20
75.3
 10
67.57376389102514
 20
75.64680791237504
 10
67.38456650516946
 20
75.77623008557195
 10
67.16376365344343
 20
75.87964520371102
 10
66.90485056267538
 20
75.95953886699418
 10
66.60132245969363
 20
76.01839667562334
 10
66.2466745713265
 20
76.05870422980043
 10
65.83440212440227
 20
76.08294712972736
 10
65.44417666502262
 20
76.09782139161848
 10
65.15294256530899
 20
76.09812320033267
 10
64.942448928261
 20
76.06878268915736
 10
64.79444485687834
 20
75.99472999138004
 10
64.69067945416064
 20
75.86089524028817
 10
64.61290182310758
 20
75.65220856916923
 10
64.54286106671877
 20
75.35360011131068
 10
64.4623062879939
 20
74.95
 10
64.3471921086566
 20
74.29457916645532
 10
64.23435259366718
 20
73.51671581601597
 10
64.04107033500856
 20
71.85235850312532
 10
63.97341398047767
 20
71.09521301000999
 10
63.94962901953585
 20
70.76369353195207
 10
63.93360506857129
 20
70.47432193867199
 10
63.92614127690514
 20
70.23518250950325
 10
63.92803679385855
 20
70.05435952377934
 10
63.94009076875267
 20
69.93993726083376
 10
63.96310235090863
 20
69.9
 10
64.0423383881485
 20
69.92845085794056
 10
64.206120549176
 20
70.00591606520443
 10
64.43054187442571
 20
70.12056457195496
  0
LWPOLYLINE
  5
41
330
17
100
AcDbEntity
  8
C01_120203
100
AcDbPolyline
 90
106
 70
1
 10
25.684066082363326
 20
0.711026348318569
 10
25.395109080174073
 20
0.9519968330595696
 10
25.150990597722664
 20
1.1564139476381996
 10
24.977432644258997
 20
1.3026812886321033
 10
24.900157229032974
 20
1.3692024526189244
 10
24.893528521702134
 20
1.3968140585814122
 10
24.912325465972867
 20
1.4371395336674782
 10
24.952892232168367
 20
1.4847626867025099
 10
25.011572990611832
 20
1.5342673265118947
 10
25.10725314227777
 20
1.6099251404437114
 10
25.248560830613677
 20
1.7287574309408245
 10
25.416454339652212
 20
1.8744724294707744
 10
25.59189195342603
 20
2.0307783675011026
 10
26.01095238369435
 20
2.409374290579149
 10
25.902955950270474
 20
4.779687145289574
 10
25.873952534567483
 20
5.459934666696048
 10
25.845948255910002
 20
6.2007755801563835
 10
25.793878813435114
 20
7.814560463584839
 10
25.712088313770472
 20
11.222802618896242
 10
25.686134071394903
 20
12.818551412163973
 10
25.677716192811914
 20
13.545865258003765
 10
25.672651710533298
 20
14.209579696762908
 10
25.67117605048495
 20
14.797275448527952
 10
25.673524638592745
 20
15.29653323338544
 10
25.679932900782585
 20
15.694933771421923
 10
25.690636262980345
 20
15.980057782723954
 10
25.75
 20
17.010115565447894
 10
26.5
 20
17.611249836164394
 10
26.931187155980766
 20
17.9428037814455
 10
27.46396522341807
 20
18.32926821451878
 10
28.080885184522778
 20
18.759027377056245
 10
28.764498021505766
 20
19.22046551072991
 10
30.26200625195006
 20
20.191915658173897
 10
31.816897772437915
 20
21.150692590226868
 10
33.48379554487583
 20
22.150000000000002
 10
33.73822719335717
 20
23.091924323895025
 10
33.992658841838505
 20
24.033848647790048
 10
33.596329420919254
 20
25.047529230604006
 10
33.44244213795295
 20
25.445912266619835
 10
33.31642176739503
 20
25.781272745728803
 10
33.23127286836941
 20
26.018357445755406
 10
33.208089145407435
 20
26.089029746682975
 10
33.2
 20
26.12191314452414
 10
33.22810075000597
 20
26.147209186839152
 10
33.30842509168895
 20
26.200937989621224
 10
33.435006162546564
 20
26.279708839546423
 10
33.601877100076415
 20
26.380131023290836
 10
34.03262112514327
 20
26.632366538941596
 10
34.55292226687043
 20
26.930518829982127
 10
35.67125630022923
 20
27.556070911866946
 10
36.173819391822676
 20
27.829219289528474
 10
36.575
 20
28.03978161621424
 10
36.7613079066426
 20
28.13053001745925
 10
36.85796813923787
 20
28.153444838779343
 10
36.8943943022142
 20
28.102283216448903
 10
36.9
 20
27.970802286742323
 10
36.88269503638938
 20
27.897334467288843
 10
36.833098513888125
 20
27.77777062150129
 10
36.754687984992145
 20
27.618376165064642
 10
36.65094100219737
 20
27.425416513663873
 10
36.38134788489505
 20
26.963863288709888
 10
36.05213958194849
 20
26.443234272119163
 10
35.7227624526138
 20
25.930934902626635
 10
35.45270965950224
 20
25.492061409870715
 10
35.348645709342634
 20
25.314740464717424
 10
35.269871827613805
 20
25.173273305686426
 10
35.21987434244076
 20
25.073492371757087
 10
35.202139581948494
 20
25.021230101908795
 10
35.22935543859585
 20
24.898609234837245
 10
35.30503966745974
 20
24.659931453367527
 10
35.41759952426162
 20
24.33962123822917
 10
35.55544226472295
 20
23.972103070151707
 10
35.91088452944589
 20
23.05174593648583
 10
35.6905166982474
 20
22.079815955816116
 10
35.47014886704891
 20
21.107885975146417
 10
34.26007443352446
 20
20.388664758320363
 10
33.557183404251816
 20
19.960945115713926
 10
32.77095898977636
 20
19.465741251965323
 10
31.107799664572063
 20
18.379214241588006
 10
30.310509583520748
 20
17.841057785232497
 10
29.589175776621673
 20
17.341750488281217
 10
28.9836206587136
 20
16.907875695870768
 10
28.736704612768307
 20
16.723782784223545
 10
28.5336666446353
 20
16.566016753137752
 10
27.717333289270602
 20
15.913208372278895
 10
27.64382813112123
 20
15.231604186139453
 10
27.63025211256136
 20
15.03405916452547
 10
27.62047628828184
 20
14.734621910251308
 10
27.614374860412816
 20
14.341398345045198
 10
27.611822031084447
 20
13.862494390635371
 10
27.612692002426886
 20
13.306015968750057
 10
27.616858976570285
 20
12.680069001117484
 10
27.624197155644797
 20
11.992759409465886
 10
27.634580741780574
 20
11.25219311552349
 10
27.663980943756552
 20
9.643714107679232
 10
27.704053199539445
 20
7.9194793514105495
 10
27.812188340690888
 20
4.38313208890329
 10
27.922625887805044
 20
1.3162641778065791
 10
27.286312943902523
 20
0.7116146700944
 10
27.030096647964353
 20
0.4765658060059222
 10
26.80286133896559
 20
0.2835579470477896
 10
26.6292901170505
 20
0.15254542738713983
 10
26.534066082363324
 20
0.10348258119111052
 10
26.43112871409448
 20
0.15034415801001286
 10
26.236555841338202
 20
0.28051199804346966
 10
25.978238089094482
 20
0.47405107143261155
  0
LWPOLYLINE
  5
42
330
17
100
AcDbEntity
  8
C01_120203
100
AcDbPolyline
 90
33
 70
1
 10
22.311347213943876
 20
1.4854314206652703
 10
21.857637677654132
 20
1.6436384569351663
 10
21.48978403889231
 20
1.77671789875774
 10
21.198927968728796
 20
1.8887319770919306
 10
20.97621113823398
 20
1.983742922896677
 10
20.812775218478244
 20
2.0658129671309178
 10
20.69976188053197
 20
2.139004340753593
 10
20.58956963434936
 20
2.275
 10
20.5596028168287
 20
2.362363281249998
 10
20.539458560188894
 20
2.4339062499999984
 10
20.530904226309424
 20
2.4822460937499993
 10
20.535707177069778
 20
2.5
 10
20.605145688117812
 20
2.480246909617809
 10
20.772579265912725
 20
2.4264637427356064
 10
21.012897118551006
 20
2.3468646557499477
 10
21.300988454129143
 20
2.249663805057389
 10
22.037007394929702
 20
1.9993276101147786
 10
22.326227326025492
 20
2.3502015311785955
 10
22.615447257121282
 20
2.701075452242424
 10
23.354278054993372
 20
2.0899357026499046
 10
23.67324463014932
 20
1.8249617336546877
 10
23.911927289279653
 20
1.6214094944826885
 10
24.078657922813697
 20
1.4683085961035032
 10
24.18176842118077
 20
1.3546886494867283
 10
24.229590674810193
 20
1.2695792656019598
 10
24.230456574131285
 20
1.202010055418794
 10
24.12464687156576
 20
1.0756106000356567
 10
23.984359104262015
 20
1.0076275613778671
 10
23.87513498524778
 20
1.007390811168391
 10
23.718961881905
 20
1.034379796016863
 10
23.500168173668445
 20
1.092136432657035
 10
23.203082239972893
 20
1.184202637822659
 10
22.81203246025311
 20
1.314120328247487
  0
LWPOLYLINE
  5
43
330
17
100
AcDbEntity
  8
C01_120203
100
AcDbPolyline
 90
101
 70
1
 10
42.19457806775472
 20
5.985909580380349
 10
42.00407288535749
 20
6.1164355220811295
 10
41.814017289560425
 20
6.260474234185752
 10
41.646435848609045
 20
6.40053015291832
 10
41.52335313074885
 20
6.519107714502934
 10
41.2967062614977
 20
6.76639626824516
 10
41.54559436745896
 20
6.879797278333445
 10
41.64606667343932
 20
6.941851019308898
 10
41.73564366287761
 20
7.026979493096353
 10
41.80456447414668
 20
7.123967325971708
 10
41.8430682456194
 20
7.22159914421086
 10
41.84825419424474
 20
7.278587732364674
 10
41.853759028468524
 20
7.400146073933348
 10
41.85953445408655
 20
7.582824549337497
 10
41.8655321768946
 20
7.823173538997739
 10
41.87170390268845
 20
8.117743423334687
 10
41.878001337263896
 20
8.46308458276896
 10
41.884376186416716
 20
8.855747397721174
 10
41.8907801559427
 20
9.292282248611942
 10
41.90348227929729
 20
10.28316957989161
 10
41.91572135369395
 20
11.408149619972889
 10
41.92711102549895
 20
12.63962541222071
 10
41.93726494107859
 20
13.950000000000001
 10
41.952380912783106
 20
15.669128283146753
 10
41.973295861295334
 20
17.253013112593006
 10
42.00106238328087
 20
18.714312638529563
 10
42.03673307540529
 20
20.06568501114722
 10
42.08136053433419
 20
21.31978838063678
 10
42.13599735673317
 20
22.48928089718904
 10
42.20169613926781
 20
23.586820710994807
 10
42.279509478603714
 20
24.625065972244883
 10
42.47569021434167
 20
26.574305437841137
 10
42.73296033727175
 20
28.438264495504214
 10
43.0597406207187
 20
30.31820834676052
 10
43.25182856429998
 20
31.29581994546313
 10
43.46445183800725
 20
32.31540219313646
 10
43.48705253501917
 20
32.46082175370423
 10
43.46190422511683
 20
32.539304004523714
 10
43.36831187181472
 20
32.56985148638346
 10
43.18558043862729
 20
32.57146674007206
 10
43.03453074846787
 20
32.5814567826653
 10
42.871328864360635
 20
32.61556008684959
 10
42.71561477306086
 20
32.66842108005821
 10
42.587028461323804
 20
32.73468418972444
 10
42.32405692264761
 20
32.907239285577695
 10
42.6815906965478
 20
33.764589906098834
 10
43.03912447044799
 20
34.62194052661996
 10
43.30461499693449
 20
33.77026155154537
 10
43.4833167815854
 20
33.25165802061315
 10
43.67571152913228
 20
32.796842723870974
 10
43.880531826089516
 20
32.407467378079396
 10
44.09651025897152
 20
32.08518369999897
 10
44.3223794142927
 20
31.83164340639026
 10
44.55687187856745
 20
31.64849821401382
 10
44.79872023831019
 20
31.537399839630215
 10
45.04665708003531
 20
31.5
 10
45.37796910368175
 20
31.5
 10
45.04334545391401
 20
30.725
 10
44.766730042361054
 20
30.029539869374677
 10
44.535844781900124
 20
29.327119655994743
 10
44.34942490615012
 20
28.609928742290457
 10
44.206205648729934
 20
27.870156510692084
 10
44.10492224325847
 20
27.09999234362988
 10
44.04430992335462
 20
26.29162562353411
 10
44.023103922637276
 20
25.437245732835027
 10
44.04003947472534
 20
24.529042053962897
 10
44.05424790297465
 20
24.153916103759318
 10
44.066504329673926
 20
23.823747394235895
 10
44.08489537366967
 20
23.274911013427197
 10
44.09468099720727
 20
22.835791543932167
 10
44.09532959078142
 20
22.459647618146178
 10
44.06708925001811
 20
21.709320927282796
 10
44.03713709667003
 20
21.24165542699614
 10
43.99592147533727
 20
20.650000000000002
 10
43.98487969317823
 20
20.463067759794644
 10
43.973549183629146
 20
20.214407347062686
 10
43.962014120283136
 20
19.908160723630306
 10
43.95035867673329
 20
19.54846985132368
 10
43.93866702657271
 20
19.139476691968987
 10
43.92702334339451
 20
18.6853232073924
 10
43.904216572357626
 20
17.658103109878255
 10
43.882611752367445
 20
16.499945253390656
 10
43.86288227216879
 20
15.24398533253902
 10
43.83174288612531
 20
12.571202076181283
 10
43.82140657247502
 20
11.422091351821852
 10
43.812002454181496
 20
10.414983854396965
 10
43.80314839935859
 20
9.540273127402344
 10
43.794462276120186
 20
8.788352714333717
 10
43.78556195258013
 20
8.149616158686808
 10
43.7760652968523
 20
7.614457003957339
 10
43.765590177050555
 20
7.173268793641036
 10
43.75375446128876
 20
6.816445071233622
 10
43.740176017680774
 20
6.534379380230824
 10
43.72447271434047
 20
6.317465264128364
 10
43.70626241938171
 20
6.156096266421967
 10
43.68516300091836
 20
6.040665930607357
 10
43.63276826593333
 20
5.909195418636399
 10
43.5642314542963
 20
5.8462020761812825
 10
43.278921868940095
 20
5.724447122333299
 10
42.93993545726175
 20
5.708738734845003
 10
42.570683697465284
 20
5.796688894074612
  0
LWPOLYLINE
  5
44
330
17
100
AcDbEntity
  8
C01_120203
100
AcDbPolyline
 90
21
 70
1
 10
37.800000000000004
 20
8.7883368636039
 10
37.809231238386516
 20
8.98572354407403
 10
37.84336663569737
 20
9.113447254819745
 10
37.91206871515954
 20
9.190774402875224
 10
38.025
 20
9.236971395274656
 10
38.24877661524042
 20
9.285707872850875
 10
38.39688289275128
 20
9.27425025471303
 10
38.50990753572649
 20
9.18730305662142
 10
38.62843924736001
 20
9.009570794336355
 10
38.74694998573012
 20
8.796285097104086
 10
38.79073878742425
 20
8.67626670382654
 10
38.76102443470753
 20
8.635601124772814
 10
38.659025709845054
 20
8.660373870211993
 10
38.58029582418894
 20
8.668971831376764
 10
38.470145075508356
 20
8.652391917584051
 10
38.34317614216823
 20
8.614018360196843
 10
38.21399170253347
 20
8.557235390578127
 10
38.07813104422857
 20
8.487969814289865
 10
37.97581201802812
 20
8.441439441808729
 10
37.85277942372497
 20
8.427201478034432
 10
37.8068550431927
 20
8.535755838788424
  0
LWPOLYLINE
  5
45
330
17
100
AcDbEntity
  8
C01_120203
100
AcDbPolyline
 90
72
 70
1
 10
127.05000000000001
 20
12.84195384726404
 10
128.55
 20
14.294057502702742
 10
129.5
 20
14.590507415275898
 10
130.4605480833402
 20
14.885574580162993
 10
131.47306722951484
 20
15.187702627303741
 10
132.5340918358966
 20
15.49609778840605
 10
133.64015629985826
 20
15.809966295177837
 10
135.97354239001217
 20
16.450948272561494
 10
138.44550067895844
 20
17.10429841311801
 10
141.0283063456789
 20
17.76366657051069
 10
143.69423456915553
 20
18.422702598402836
 10
149.1645594023046
 20
19.71437768033875
 10
154.63467661026067
 20
20.92852248823217
 10
157.300345302246
 20
21.4906456735712
 10
159.88278762487874
 20
22.014335851389525
 10
162.35427875714075
 20
22.49324287535044
 10
163.53975362031454
 20
22.71391828390415
 10
164.68709387801388
 20
22.921016599117245
 10
165.79283392761147
 20
23.11374405269764
 10
166.85350816648003
 20
23.291306876353246
 10
167.8656509919923
 20
23.452911301791982
 10
168.82579680152108
 20
23.597763560721752
 10
170.20159360304214
 20
23.798622136643885
 10
171.0742534776715
 20
23.345854392171216
 10
171.42027202685625
 20
23.162872084148926
 10
171.7173030480077
 20
22.999353638758432
 10
171.93372619637535
 20
22.87314169022938
 10
172.03792112720882
 20
22.802078872791427
 10
172.06333402111733
 20
22.731535483462775
 10
171.98789984171447
 20
22.6974221125025
 10
171.81439448870256
 20
22.656161107971556
 10
171.5133348950534
 20
22.60181258283991
 10
171.30575879954353
 20
22.567874285351937
 10
171.05523799373873
 20
22.52843665007753
 10
170.7580870942605
 20
22.48275719113793
 10
170.41062071773035
 20
22.430093422654387
 10
170.00915348076967
 20
22.36970285874815
 10
169.55
 20
22.300843013540455
 10
168.32463710029964
 20
22.11030641451589
 10
167.0147291250826
 20
21.89377371354353
 10
165.6294746733796
 20
21.65315199380339
 10
164.17807234422136
 20
21.390348338475473
 10
162.66972073663862
 20
21.10726983073979
 10
161.11361844966214
 20
20.805823553776346
 10
157.89495623365073
 20
20.155456024886217
 10
151.28936200625475
 20
18.71821939629324
 10
148.0496075793618
 20
17.961863627470528
 10
146.47768613422414
 20
17.580926170557646
 10
144.95000000000002
 20
17.200691776217095
 10
143.18521617238565
 20
16.75230668570529
 10
141.51353427578076
 20
16.321447666787304
 10
139.93149772004372
 20
15.90708751808943
 10
138.4356499150329
 20
15.508199038237956
 10
137.02253427060674
 20
15.123755025859168
 10
135.68869419662354
 20
14.752728279579358
 10
134.4306731029417
 20
14.394091598024815
 10
133.24501439941963
 20
14.046817779821822
 10
132.1282614959157
 20
13.709879623596674
 10
131.0769578022883
 20
13.382249927975657
 10
130.08764672839578
 20
13.06290149158506
 10
129.15687168409653
 20
12.750807113051172
 10
128.28117607924895
 20
12.444939591000281
 10
127.45710332371144
 20
12.144271724058676
 10
126.68119682734232
 20
11.847776310852645
 10
125.95
 20
11.554426150008476
 10
125.84616324362852
 20
11.518240058140444
 10
125.79657817897436
 20
11.521167978276287
 10
125.80859563966048
 20
11.57181391213192
 10
125.88956645930989
 20
11.678781861423262
 10
126.04684147154558
 20
11.85067582786623
 10
126.28777150999049
 20
12.096099813176737
 10
126.61970740826764
 20
12.423657819070701
  0
LWPOLYLINE
  5
46
330
17
100
AcDbEntity
  8
C01_120203
100
AcDbPolyline
 90
142
 70
1
 10
54.2
 20
12.784252949755047
 10
54.2
 20
13.768505899510092
 10
54.53423072174875
 20
13.948501026427493
 10
54.868461443497495
 20
14.128496153344896
 10
55.61813293515211
 20
13.564248076672449
 10
55.913553692742816
 20
13.345161128151977
 10
56.16373548078025
 20
13.165747872522534
 10
56.34227604308498
 20
13.044522699799936
 10
56.42277312347758
 20
13.0
 10
56.44965625204278
 20
13.029529749028601
 10
56.48221823263923
 20
13.109932531037165
 10
56.5163517197484
 20
13.228928648409841
 10
56.54794936785177
 20
13.374238403530775
 10
56.58070153559724
 20
13.54313300198248
 10
56.61094826134456
 20
13.669242385749515
 10
56.68782291995749
 20
13.81218352945373
 10
56.82636840991606
 20
13.841217875091706
 10
57.07437979744573
 20
13.794501463111727
 10
57.22499063937843
 20
13.767153472035883
 10
57.357528409504496
 20
13.75528683409696
 10
57.45766423534503
 20
13.759380251995399
 10
57.51106924442115
 20
13.779912428431636
 10
57.51843233619942
 20
13.81740181789377
 10
57.527794954015036
 20
13.913390957212508
 10
57.53901459398993
 20
14.064844645240317
 10
57.55194875224605
 20
14.268727680829667
 10
57.566454924905315
 20
14.52200486283302
 10
57.58239060808966
 20
14.82164099010285
 10
57.59961329792104
 20
15.164600861491618
 10
57.61798049052136
 20
15.547849275851796
 10
57.65757836851662
 20
16.423070928896244
 10
57.7000442110509
 20
17.42302434005594
 10
57.744237987099694
 20
18.523427900150608
 10
57.78901966563847
 20
19.700000000000003
 10
57.8336013026609
 20
20.88356805367658
 10
57.87722175398103
 20
22.00402221828075
 10
57.918781188304905
 20
23.03567499917415
 10
57.95717977433855
 20
23.952838901718433
 10
57.99131768078799
 20
24.729826431275235
 10
58.006445181889276
 20
25.05772671410885
 10
58.020095076359276
 20
25.340950093206207
 10
58.03212988528624
 20
25.57628563173752
 10
58.04241212975842
 20
25.760522392872986
 10
58.050804330864075
 20
25.89044943978282
 10
58.057169009691464
 20
25.96285583563722
 10
58.10861232008504
 20
26.37571167127444
 10
59.0032782745323
 20
26.695741832226386
 10
59.353577005996215
 20
26.825299257490144
 10
59.64599437558688
 20
26.941477871900627
 10
59.849961264731185
 20
27.031574507564684
 10
59.93490855485601
 20
27.082885996589166
 10
59.93966586942017
 20
27.19179666822603
 10
59.92529371619632
 20
27.43872276149807
 10
59.89456930308212
 20
27.787008973168366
 10
59.850269837975226
 20
28.200000000000003
 10
59.80577636342966
 20
28.610891461971782
 10
59.774523706794305
 20
28.95346103664743
 10
59.75936975315915
 20
29.191926507167384
 10
59.76317238761416
 20
29.2905056566721
 10
59.809378820949796
 20
29.32092207376023
 10
59.90968075535595
 20
29.373795946116218
 10
60.049302813021725
 20
29.441689955509194
 10
60.21346961613625
 20
29.517166783708277
 10
60.62926125226218
 20
29.70332225407235
 10
60.56136397152399
 20
28.326661127036175
 10
60.538683066692535
 20
27.873933176799312
 10
60.517547549327105
 20
27.46956525262639
 10
60.49761909242892
 20
27.110810965872183
 10
60.478559368999214
 20
26.794923927891464
 10
60.441692814550095
 20
26.28076604366961
 10
60.40424126998952
 20
25.905120490799046
 10
60.36349811932727
 20
25.646016160117977
 10
60.31675674657312
 20
25.48148194246462
 10
60.26131053573684
 20
25.389546728677185
 10
60.19445287082822
 20
25.348239409593887
 10
60.1170152836664
 20
25.2979199412257
 10
60.05471200781054
 20
25.157089413133445
 10
60.027836780776454
 20
25.031742691476644
 10
60.0030663845538
 20
24.858580432631857
 10
59.97984123680422
 20
24.629206712513426
 10
59.95760175518935
 20
24.33522560703569
 10
59.93578835737086
 20
23.968241192112988
 10
59.91384146101037
 20
23.519857543659672
 10
59.89120148376954
 20
22.98167873759008
 10
59.86730884331002
 20
22.345308849818558
 10
59.841603957293444
 20
21.602351956259447
 10
59.813527243381465
 20
20.744412132827087
 10
59.78251911923572
 20
19.763093455435826
 10
59.74802000251787
 20
18.650000000000002
 10
59.715951976984
 20
17.63488817331261
 10
59.68389886045613
 20
16.667160378165498
 10
59.65271495118619
 20
15.769478141931248
 10
59.62325454742611
 20
14.964502991982446
 10
59.59637194742782
 20
14.274896455691678
 10
59.57292144944325
 20
13.723320060431533
 10
59.56275020690984
 20
13.506374892991875
 10
59.553757351724336
 20
13.33243533357459
 10
59.546049671168234
 20
13.204334073101256
 10
59.539733952523015
 20
13.124903802493442
 10
59.50393568397778
 20
12.836268345292991
 10
59.4576240209455
 20
12.685062613129555
 10
59.37813192275262
 20
12.63502747564806
 10
59.24279234872561
 20
12.64990380249344
 10
58.988213629159965
 20
12.703081480703059
 10
58.80123167439004
 20
12.739102625933393
 10
58.67035038749957
 20
12.753577013044188
 10
58.58407367157227
 20
12.742114416895191
 10
58.53090542969187
 20
12.70032461234615
 10
58.49934956494211
 20
12.623817374256813
 10
58.4779099804067
 20
12.508202477486922
 10
58.45509057916937
 20
12.349089696896227
 10
58.42536038297415
 20
12.174716588023239
 10
58.39419557095681
 20
12.031920098463267
 10
58.36529517360629
 20
11.935435983895719
 10
58.34235822141152
 20
11.9
 10
58.26476580530708
 20
11.94765549792209
 10
58.08705102602428
 20
12.077410566521843
 10
57.83564092874716
 20
12.269448068049476
 10
57.53696255865978
 20
12.503950864755211
 10
57.26146634314134
 20
12.726726535703268
 10
57.05831093355482
 20
12.885924959861299
 10
56.90108884340068
 20
12.981848423991519
 10
56.763392586179364
 20
13.014799214856138
 10
56.618814675391334
 20
12.985079619217373
 10
56.440947624537046
 20
12.892991923837435
 10
56.203383947116954
 20
12.738838415478542
 10
55.87971615663152
 20
12.522921380902904
 10
55.509432313263034
 20
12.279664758412913
 10
55.21427910669154
 20
12.489832379206451
 10
55.07317506047812
 20
12.585388545641408
 10
54.95796168650399
 20
12.648799567917216
 10
54.783036558153285
 20
12.67174206040353
 10
54.64516292739883
 20
12.543771617489691
 10
54.576263925419994
 20
12.418541470515308
 10
54.5
 20
12.25
 10
54.42087772572778
 20
12.0752734375
 10
54.34803824551196
 20
11.9321875
 10
54.289568077291435
 20
11.8355078125
 10
54.2535537390051
 20
11.8
 10
54.23275982628203
 20
11.877663709316609
 10
54.21573141083275
 20
12.089124303990545
 10
54.20422572471838
 20
12.40208598410797
  0
LWPOLYLINE
  5
47
330
17
100
AcDbEntity
  8
C01_120203
100
AcDbPolyline
 90
16
 70
1
 10
17.163837360052305
 20
12.75
 10
17.18928808838642
 20
12.808242187500003
 10
17.216034096983485
 20
12.855937500000001
 10
17.240897117206494
 20
12.888164062500001
 10
17.26069888041843
 20
12.9
 10
17.27595876825596
 20
12.888164062500001
 10
17.288455296122915
 20
12.855937500000001
 10
17.296898896033017
 20
12.808242187500003
 10
17.3
 20
12.75
 10
17.29235702065861
 20
12.691757812499999
 10
17.271546928392453
 20
12.6440625
 10
17.240747991838536
 20
12.6118359375
 10
17.203138479633875
 20
12.600000000000001
 10
17.170070842803618
 20
12.6118359375
 10
17.15163839860576
 20
12.6440625
 10
17.149130715026565
 20
12.691757812499999
  0
LWPOLYLINE
  5
48
330
17
100
AcDbEntity
  8
C01_120203
100
AcDbPolyline
 90
84
 70
1
 10
65.91474823829013
 20
13.310846494956685
 10
65.80439358909734
 20
13.563258010780256
 10
65.64458278701868
 20
13.92588046900982
 10
65.4567264201699
 20
14.350248198274748
 10
65.26223507666678
 20
14.78789552720441
 10
65.09350751878928
 20
15.167026475793199
 10
64.9694746712788
 20
15.451915586981281
 10
64.8853971636181
 20
15.661558975772884
 10
64.83653562528991
 20
15.814952757172234
 10
64.82550297456216
 20
16.028975957811085
 10
64.89846175495752
 20
16.24595410893164
 10
64.99692350991504
 20
16.504928150098205
 10
65.49513738193866
 20
16.2524640750491
 10
65.69673742574386
 20
16.15443700840894
 10
65.87735246362965
 20
16.074161322045672
 10
66.01724452193056
 20
16.01992099342184
 10
66.09667562698115
 20
16.0
 10
66.10936504578636
 20
16.022926003749596
 10
66.12120149175146
 20
16.09188865333239
 10
66.13218969775673
 20
16.207164906249407
 10
66.1423343966824
 20
16.369031720001658
 10
66.15164032140876
 20
16.577766052090166
 10
66.16011220481607
 20
16.833644860015944
 10
66.1677547797846
 20
17.136945101280016
 10
66.17457277919462
 20
17.487943733383393
 10
66.18057093592638
 20
17.886917713827096
 10
66.18575398286016
 20
18.334144000112143
 10
66.19012665287622
 20
18.82989954973955
 10
66.19369367885483
 20
19.374461320210337
 10
66.19645979367624
 20
19.968106269025522
 10
66.19842973022072
 20
20.61111135368612
 10
66.19960822136856
 20
21.30375353169315
 10
66.2
 20
22.04630976054763
 10
66.2
 20
28.092619521095255
 10
67.46273926326829
 20
28.49630976054763
 10
67.95992266034192
 20
28.653055111334996
 10
68.38018170936645
 20
28.781415992160866
 10
68.67921953534191
 20
28.868146317043212
 10
68.76943771624873
 20
28.89176061913618
 10
68.81273926326828
 20
28.900000000000002
 10
68.8466209712024
 20
28.834071148290047
 10
68.87436715858506
 20
28.65456189858472
 10
68.89311458249227
 20
28.388888209020845
 10
68.9
 20
28.064466037735226
 10
68.9
 20
27.22893207547044
 10
68.575
 20
27.135733119844303
 10
68.25
 20
27.04253416421816
 10
68.2242253992777
 20
20.97126708210908
 10
68.21678654215845
 20
19.60835700454526
 10
68.2120988863348
 20
18.98564275257252
 10
68.20679052741576
 20
18.403314395441377
 10
68.20088005171179
 20
17.862290960878443
 10
68.19438604553335
 20
17.363491476610335
 10
68.18732709519087
 20
16.907834970363673
 10
68.17972178699482
 20
16.496240469865064
 10
68.17158870725567
 20
16.129627002841126
 10
68.16294644228385
 20
15.808913597018476
 10
68.15381357838986
 20
15.535019280123725
 10
68.14420870188411
 20
15.30886307988349
 10
68.13415039907709
 20
15.131364024024386
 10
68.12365725627924
 20
15.003441140273026
 10
68.11274785980103
 20
14.926013456356026
 10
68.10144079595291
 20
14.9
 10
68.02042089208115
 20
14.921262174011819
 10
67.871535107473
 20
14.979154231964786
 10
67.67599445441851
 20
15.064834477735179
 10
67.45500994520779
 20
15.169461215199272
 10
67.23648974995876
 20
15.268897571107196
 10
67.04765886264157
 20
15.340445589868235
 10
66.90870353132459
 20
15.377421951847364
 10
66.83981000407623
 20
15.373143337409557
 10
66.82077948838742
 20
15.336083850366581
 10
66.79178097727477
 20
15.255413789774757
 10
66.70963492935284
 20
14.983489096019497
 10
66.60488178146032
 20
14.597863552293644
 10
66.48903145474706
 20
14.139031454747055
 10
66.37446542631217
 20
13.681483655478832
 10
66.27320913016766
 20
13.299354963500985
 10
66.19623842283278
 20
13.032605610332773
 10
66.17029012013123
 20
12.954985758152048
 10
66.1545291608268
 20
12.921195827493456
 10
66.12029400703155
 20
12.936626760096638
 10
66.06367359432986
 20
13.015235790558997
 10
65.99253573424247
 20
13.14423750635439
  0
LWPOLYLINE
  5
49
330
17
100
AcDbEntity
  8
C01_120203
100
AcDbPolyline
 90
58
 70
1
 10
10.903168015294028
 20
14.6866631363961
 10
10.901360053450526
 20
14.88949137010556
 10
10.896644932446332
 20
15.0429605798475
 10
10.869042936952537
 20
15.225537603164234
 10
10.801461476805981
 20
15.28182555781714
 10
10.675
 20
15.259255795277046
 10
10.565995855156011
 20
15.229648414845744
 10
10.43552974295703
 20
15.1963972505771
 10
10.299983646902538
 20
15.163571552084003
 10
10.175739550492017
 20
15.13524056897935
 10
9.901479100984032
 20
15.075295820196812
 10
10.405747762786332
 20
16.152477553516157
 10
10.597800328799343
 20
16.58048764080071
 10
10.747943860400962
 20
16.94957370851651
 10
10.841189576915424
 20
17.22033186043948
 10
10.861791760553789
 20
17.30652425040862
 10
10.862548697666952
 20
17.35335820034552
 10
10.866872164703736
 20
17.39561677113065
 10
10.899974682130928
 20
17.468264721774393
 10
11.049911717560354
 20
17.701531830909058
 10
11.307149502762869
 20
18.04676566429224
 10
11.666477736546108
 20
18.49757235846667
 10
12.12268611771771
 20
19.04755804997506
 10
12.67056434508531
 20
19.690328875360137
 10
13.304902117456546
 20
20.419490971164628
 10
14.020489133639053
 20
21.22865047393125
 10
14.30433754825918
 20
21.542563847877066
 10
14.623492110407685
 20
21.887220162531094
 10
15.339358845086368
 20
22.6406157758063
 10
16.88279693054617
 20
24.20671807112279
 10
17.596924952513437
 20
24.906841400534066
 10
17.914775480128384
 20
25.211543502290148
 10
18.19703007476305
 20
25.476623949360693
 10
18.436598528366567
 20
25.695046282206327
 10
18.62639063288807
 20
25.85977404128767
 10
18.7593161802767
 20
25.963770767065355
 10
18.828284962481582
 20
26.0
 10
18.863741493065483
 20
25.96904012590471
 10
18.882363367412868
 20
25.882023669079217
 10
18.88337048546792
 20
25.74774537771412
 10
18.865982747174833
 20
25.575000000000003
 10
18.83296938514917
 20
25.323183593750002
 10
18.787695004126288
 20
24.95171875
 10
18.736123707426362
 20
24.51064453125
 10
18.684219598369566
 20
24.05
 10
18.562807523714593
 20
22.950000000000003
 10
17.454893703696644
 20
21.8
 10
17.103108115068707
 20
21.429797638961308
 10
16.723935593806775
 20
21.02149007263633
 10
15.901909053940484
 20
20.11231548420591
 10
15.0257726852169
 20
19.115988554865503
 10
14.132485088755153
 20
18.076021604771856
 10
13.259004865674374
 20
17.035926954081727
 10
12.442290617093692
 20
16.039216922951873
 10
11.71930094413224
 20
15.129403831539044
 10
11.404502386358452
 20
14.720681238275503
 10
11.126994447909144
 20
14.350000000000001
 10
10.906336030588058
 20
14.05
  0
LWPOLYLINE
  5
4A
330
17
100
AcDbEntity
  8
C01_120203
100
AcDbPolyline
 90
85
 70
1
 10
75.3
 20
15.64573056889459
 10
74.35000000000001
 20
16.673522997714315
 10
74.28547390938127
 20
17.761761498857165
 10
74.2514359614615
 20
18.38666896708282
 10
74.21902670793058
 20
19.08167018348926
 10
74.18841960612569
 20
19.8376195574119
 10
74.15978811338398
 20
20.64537149818618
 10
74.10914578443881
 20
22.379700717631337
 10
74.06848737979239
 20
24.21149311650814
 10
74.03920055814204
 20
26.0675839695
 10
74.02267297818513
 20
27.874808551290325
 10
74.02029229861897
 20
29.560002136562524
 10
74.02484068982534
 20
30.333973328842887
 10
74.0334461781409
 20
31.05
 10
74.04699268098709
 20
31.860201379467238
 10
74.06168258145019
 20
32.6247710911736
 10
74.0953223410111
 20
34.034568204201946
 10
74.13602498839171
 20
35.31449672488154
 10
74.18545005516005
 20
36.4996620390089
 10
74.3171055731321
 20
38.72612459079295
 10
74.40265508747189
 20
39.837632600042646
 10
74.50356514747159
 20
40.99479894592614
 10
74.57983711755489
 20
41.83305711896131
 10
74.6131965129208
 20
42.20371039286212
 10
74.64229726206977
 20
42.52993777524309
 10
74.66633367517701
 20
42.80265775377272
 10
74.68450006241768
 20
43.012788816119524
 10
74.69599073396695
 20
43.15124944995199
 10
74.7
 20
43.20895814293863
 10
74.72022346153274
 20
43.24096519366999
 10
74.77528734194364
 20
43.276839740248136
 10
74.85678188495177
 20
43.312195184968445
 10
74.9562973342762
 20
43.34264493012634
 10
75.08595395539949
 20
43.40342616231211
 10
75.22704149220176
 20
43.52115421849459
 10
75.37472491199534
 20
43.691013877571756
 10
75.52416918209258
 20
43.9081899184416
 10
75.83574369563274
 20
44.409408370655505
 10
76.08069753172211
 20
44.14523666013008
 10
76.21123904738025
 20
44.022313951480726
 10
76.33514624831538
 20
43.94790871272756
 10
76.46519075194094
 20
43.916709958467145
 10
76.61414417567038
 20
43.92340670329603
 10
76.77318752969245
 20
43.93977273003995
 10
76.85341563154634
 20
43.914880129322185
 10
76.87353516993376
 20
43.82786769689077
 10
76.85225283355646
 20
43.65787422849371
 10
76.77185348909806
 20
43.107886121432834
 10
76.6856996892773
 20
42.41219105355866
 10
76.59611502131739
 20
41.595285909349144
 10
76.50542307244154
 20
40.68166757328224
 10
76.41594742987297
 20
39.69583292983592
 10
76.33001168083489
 20
38.66227886348814
 10
76.17805421224303
 20
36.550000000000004
 10
76.155123620052
 20
36.14400413005596
 10
76.13440327198067
 20
35.679924326113756
 10
76.11585754206683
 20
35.16186875331478
 10
76.09945080434827
 20
34.593945576800415
 10
76.08514743286275
 20
33.98026296171206
 10
76.07291180164809
 20
33.32492907319111
 10
76.0545012561824
 20
31.905740136416952
 10
76.04393416025349
 20
30.369244087609083
 10
76.04092550616362
 20
28.748306247898633
 10
76.05644349271014
 20
25.38456648029448
 10
76.07440011795109
 20
23.70749519466304
 10
76.09877515424017
 20
22.077443402653522
 10
76.12928359387969
 20
20.527276425397055
 10
76.16564042917192
 20
19.089859584024772
 10
76.18592293028225
 20
18.423702877148678
 10
76.2075606524191
 20
17.798058199667796
 10
76.2305179696203
 20
17.217033716723527
 10
76.25475925592356
 20
16.684737593457257
 10
76.28024888536672
 20
16.205277995010377
 10
76.30695123198754
 20
15.782763086524284
 10
76.33483066982382
 20
15.42130103314036
 10
76.36385157291333
 20
15.125
 10
76.38000798701829
 20
14.92186005943264
 10
76.3802407576117
 20
14.756853414323496
 10
76.36544662543619
 20
14.646912329561964
 10
76.33652233123433
 20
14.608969070037439
 10
76.29975217153228
 20
14.631748171081412
 10
76.22796639480976
 20
14.693550838099462
 10
76.12541636219096
 20
14.79012472900643
 10
75.99635343480008
 20
14.917217501717163
 10
75.67569434019896
 20
15.24595032420929
  0
LWPOLYLINE
  5
4B
330
17
100
AcDbEntity
  8
C01_120203
100
AcDbPolyline
 90
185
 70
1
 10
83.92233023175223
 20
16.32864682423924
 10
83.75882194335679
 20
16.681204329210935
 10
83.61639762706695
 20
16.98873097211391
 10
83.49409584404889
 20
17.253876996777556
 10
83.39095515546879
 20
17.479292647031272
 10
83.23831130628722
 20
17.821533799626472
 10
83.15077456885172
 20
18.03665638053465
 10
83.12065343249176
 20
18.145862340390952
 10
83.14025638653682
 20
18.170353629830515
 10
83.20189192031637
 20
18.131332199488483
 10
83.29786852315986
 20
18.05
 10
83.52965010111927
 20
17.85
 10
83.46250164871242
 20
18.650000000000002
 10
83.41369184087397
 20
19.343161241775455
 10
83.37188869434917
 20
20.16604489264301
 10
83.33705910807153
 20
21.103905829460782
 10
83.30916998097457
 20
22.14199892908687
 10
83.28818821199181
 20
23.265579068379388
 10
83.27408070005674
 20
24.459901124196442
 10
83.26681434410288
 20
25.710219973396136
 10
83.26635604306374
 20
27.00179049283658
 10
83.33194136672462
 20
32.285686810168
 10
83.36502682426175
 20
33.562338833683796
 10
83.40472173031466
 20
34.791771788589
 10
83.45099298381689
 20
35.9592405517417
 10
83.5038074837019
 20
37.050000000000004
 10
83.61249536044264
 20
38.93183956406117
 10
83.73148689570706
 20
40.70975540836011
 10
83.86071974309432
 20
42.38337794032306
 10
84.00013155620353
 20
43.95233756737623
 10
84.14965998863381
 20
45.41626469694589
 10
84.3092426939843
 20
46.77478973645826
 10
84.47881732585411
 20
48.02754309333957
 10
84.65832153784237
 20
49.17415517501606
 10
84.84769298354821
 20
50.214256388913974
 10
85.04686931657074
 20
51.147477142459536
 10
85.2557881905091
 20
51.97344784307899
 10
85.47438725896238
 20
52.69179889819857
 10
85.70260417552976
 20
53.30216071524451
 10
85.94037659381031
 20
53.80416370164305
 10
86.1876421674032
 20
54.197438264820406
 10
86.44433854990751
 20
54.48161481220284
 10
86.84658539060791
 20
54.79363144341819
 10
87.35638161808885
 20
55.11804763530718
 10
87.97292196585455
 20
55.45459359507633
 10
88.69540116740927
 20
55.80299952993219
 10
89.5230139562573
 20
56.16299564708128
 10
90.45495506590287
 20
56.534312153730156
 10
91.49041922985023
 20
56.91667925708535
 10
92.62860118160367
 20
57.30982716435338
 10
93.8686956546674
 20
57.71348608274081
 10
95.20989738254572
 20
58.12738621945415
 10
96.65140109874287
 20
58.55125778169996
 10
98.1924015367631
 20
58.98483097668476
 10
99.83209343011067
 20
59.4278360116151
 10
101.56967151228984
 20
59.880003093697496
 10
103.40433051680486
 20
60.34106243013851
 10
105.33526517716001
 20
60.81074422814466
 10
105.8698832201681
 20
60.93889279584873
 10
106.3391795057108
 20
61.05186837143404
 10
106.74765673487744
 20
61.151116409184965
 10
107.09981760875738
 20
61.2380823633859
 10
107.40016482843998
 20
61.31421168832121
 10
107.65320109501462
 20
61.380949838275285
 10
108.03535157319737
 20
61.49203443037725
 10
108.2822906520205
 20
61.582899773966865
 10
108.43003994019888
 20
61.66510950331918
 10
108.57205557948078
 20
61.849816656412116
 10
108.78618933157146
 20
62.224590215296324
 10
109.04072375240074
 20
62.58298921346974
 10
109.33225001446056
 20
62.921969866479365
 10
109.6573592902429
 20
63.2384883898722
 10
110.39469157294302
 20
63.79196390999552
 10
111.22544998043686
 20
64.2190654982157
 10
111.3692487292092
 20
64.27204194062939
 10
111.56832803175439
 20
64.3366591033807
 10
112.09924471424833
 20
64.49250433977225
 10
112.75203286008868
 20
64.66997870714252
 10
113.46052530144543
 20
64.85245970524363
 10
114.15855487048857
 20
65.02332483382779
 10
114.77995439938812
 20
65.16595159264713
 10
115.04124065883717
 20
65.22148105206755
 10
115.25855672031406
 20
65.26371748145381
 10
115.42363168784006
 20
65.29058306827496
 10
115.5281946654364
 20
65.3
 10
115.51819244654428
 20
65.2735910999294
 10
115.40508721372231
 20
65.20168567894514
 10
115.20798278760876
 20
65.09526565588843
 10
114.94598298884189
 20
64.96531294960049
 10
114.36932623808181
 20
64.63549470538192
 10
114.13488646785086
 20
64.4588889058037
 10
113.94043310785563
 20
64.27872032506059
 10
113.78901166319831
 20
64.09816521601336
 10
113.68366763898116
 20
63.9203998315228
 10
113.62744654030642
 20
63.74860042444971
 10
113.62339387227631
 20
63.58594324765488
 10
113.6317686787798
 20
63.474916846026396
 10
113.62354757988028
 20
63.383995828998636
 10
113.60064715062539
 20
63.32256270938528
 10
113.56498396606274
 20
63.30000000000001
 10
113.46192298685817
 20
63.26898045245225
 10
113.25551371080597
 20
63.184521288337066
 10
112.97569951864644
 20
63.0595217254466
 10
112.6524237911199
 20
62.90688098157298
 10
112.01959474365127
 20
62.54526024939581
 10
111.47751692964532
 20
62.11250154373714
 10
111.01168763659376
 20
61.594930630982105
 10
110.60760415198826
 20
60.978873277515824
 10
110.50729672745115
 20
60.80444254855458
 10
110.42215926279871
 20
60.66958439311823
 10
110.26128346723573
 20
60.49110708571059
 10
110.05275527347506
 20
60.38848392107371
 10
109.72435318969242
 20
60.30675746498841
 10
109.33297916878554
 20
60.21880577940718
 10
108.83110289668502
 20
60.101368421650015
 10
108.23416705426239
 20
59.95835743456891
 10
107.55761432238917
 20
59.79368486101583
 10
106.8168873819369
 20
59.611262743842744
 10
106.02742891377709
 20
59.41500312590164
 10
104.36408811782097
 20
58.996619559123275
 10
102.691133381493
 20
58.56983050349653
 10
101.88965748786839
 20
58.36306402449496
 10
101.13210615176538
 20
58.16593230183722
 10
100.43392205405551
 20
57.9823473783753
 10
99.81054787561033
 20
57.81622129696116
 10
99.2774262973013
 20
57.67146610044678
 10
98.85000000000001
 20
57.55199383168414
 10
97.693498292332
 20
57.215397664130094
 10
96.5969491262588
 20
56.883505713589685
 10
95.56109280860561
 20
56.556633553094905
 10
94.58666964619759
 20
56.23509675567777
 10
93.67441994585991
 20
55.91921089437028
 10
92.82508401441774
 20
55.609291542204424
 10
92.03940215869625
 20
55.30565427221222
 10
91.3181146855206
 20
55.00861465742566
 10
90.66196190171597
 20
54.71848827087675
 10
90.07168411410754
 20
54.43559068559748
 10
89.54802162952046
 20
54.160237474619876
 10
89.09171475477991
 20
53.89274421097591
 10
88.70350379671106
 20
53.63342646769761
 10
88.38412906213908
 20
53.38259981781696
 10
88.13433085788914
 20
53.14057983436597
 10
87.95484949078642
 20
52.90768209037664
 10
87.71343636323918
 20
52.45726332614944
 10
87.48039072458843
 20
51.88557121830007
 10
87.25607661065969
 20
51.19537687284983
 10
87.04085805727848
 20
50.389451395819975
 10
86.83509910027038
 20
49.4705658932318
 10
86.6391637754609
 20
48.4414914711066
 10
86.45341611867558
 20
47.304999235465644
 10
86.27822016573995
 20
46.06386029233022
 10
86.11393995247958
 20
44.72084574772161
 10
85.96093951471998
 20
43.27872670766111
 10
85.81958288828669
 20
41.74027427816998
 10
85.69023410900526
 20
40.10825956526952
 10
85.57325721270122
 20
38.38545367498101
 10
85.46901623520012
 20
36.574627713325725
 10
85.37787521232747
 20
34.678552786324964
 10
85.30019817990883
 20
32.7
 10
85.26930347902909
 20
31.706742590772297
 10
85.2444040788557
 20
30.66850389018247
 10
85.21213811732216
 20
28.49992919970625
 10
85.20249416869652
 20
26.27996909815093
 10
85.2145661063671
 20
24.09431675509609
 10
85.22846236799734
 20
23.04113510849998
 10
85.24744780372225
 20
22.028665340121332
 10
85.27140914771537
 20
21.0676190961576
 10
85.30023313415026
 20
20.168708022806236
 10
85.33380649720046
 20
19.342643766264683
 10
85.37201597103947
 20
18.60013797273039
 10
85.41474828984089
 20
17.95190228840081
 10
85.46189018777821
 20
17.408648359473386
 10
85.52680162302468
 20
16.767296718946785
 10
85.22553468037978
 20
16.981817703810577
 10
84.92426773773488
 20
17.19633868867437
 10
84.86213386886743
 20
16.88566934433718
 10
84.8374235749985
 20
16.728548122356262
 10
84.8160744578733
 20
16.53039974489905
 10
84.80036850149084
 20
16.31659383107661
 10
84.79258768985015
 20
16.1125
 10
84.78437653764755
 20
15.897796246031048
 10
84.76749886191334
 20
15.655101928293808
 10
84.74441560014755
 20
15.414198713042692
 10
84.71758768985015
 20
15.204868266532117
 10
84.65
 20
14.759736533064222
  0
LWPOLYLINE
  5
4C
330
17
100
AcDbEntity
  8
C01_120203
100
AcDbPolyline
 90
24
 70
1
 10
50.95
 20
16.447660314824567
 10
50.35061067993638
 20
16.60375672396018
 10
49.78738524689035
 20
16.800151737309925
 10
49.266236070964254
 20
17.034496816991375
 10
48.79307552226043
 20
17.3044434251221
 10
48.60094355122595
 20
17.43128079677666
 10
48.44793094364661
 20
17.539125370255704
 10
48.349521188157134
 20
17.616566583889515
 10
48.32119777339227
 20
17.652193876008393
 10
48.387615512942304
 20
17.65080538219458
 10
48.54716434593398
 20
17.627461040071076
 10
48.775930449306735
 20
17.586142991029295
 10
49.050000000000004
 20
17.530833376460645
 10
49.43807779919631
 20
17.46723626643131
 10
49.889772070180605
 20
17.427978396802086
 10
50.4153303060746
 20
17.412485651315542
 10
51.025000000000006
 20
17.420183913714254
 10
52.300000000000004
 20
17.45735994640612
 10
52.300000000000004
 20
16.878679973203067
 10
52.300000000000004
 20
16.3
 10
51.925000000000004
 20
16.307949983369166
 10
51.73205078125
 20
16.32143352781541
 10
51.483906250000004
 20
16.352269261373976
 10
51.21255859375
 20
16.39587293879399
  0
LWPOLYLINE
  5
4D
330
17
100
AcDbEntity
  8
C01_120203
100
AcDbPolyline
 90
33
 70
1
 10
71.9
 20
16.821426532337
 10
71.63772208812877
 20
16.95148977517536
 10
71.42437171750146
 20
17.06165384484326
 10
71.25810324550226
 20
17.153143664309077
 10
71.13707102951535
 20
17.22718415654119
 10
71.05942942692494
 20
17.285000244507977
 10
71.02333279511517
 20
17.32781685117782
 10
71.06839187337435
 20
17.373351312500187
 10
71.16857713264548
 20
17.408381235392422
 10
71.24713122720419
 20
17.47469827764536
 10
71.30506564484797
 20
17.57352629472963
 10
71.34339187337436
 20
17.706089142115868
 10
71.37014939005525
 20
17.844816173713575
 10
71.40115743790732
 20
18.005269780273924
 10
71.43257182034384
 20
18.16757341607937
 10
71.46054834077817
 20
18.311850535412372
 10
71.52109668155633
 20
18.623701070824747
 10
72.21799403063572
 20
17.936850535412372
 10
72.52324271126342
 20
17.63159587382848
 10
72.76907043721823
 20
17.374863671305995
 10
72.96000979847106
 20
17.160343687421356
 10
73.10059338499278
 20
16.981725681750994
 10
73.19535378675423
 20
16.832699413871353
 10
73.2488235937263
 20
16.706954643358866
 10
73.25002178318583
 20
16.5000686327411
 10
73.2160346384795
 20
16.422714328119923
 10
73.17043615316726
 20
16.359993442191303
 10
73.11919034530392
 20
16.318334083840476
 10
73.0682612329443
 20
16.30416436195269
 10
73.02307438175617
 20
16.315473300868593
 10
72.93949105109014
 20
16.346267929563684
 10
72.6763017371774
 20
16.45782792380856
 10
72.31702686291202
 20
16.62187167972158
  0
LWPOLYLINE
  5
4E
330
17
100
AcDbEntity
  8
C01_120203
100
AcDbPolyline
 90
18
 70
1
 10
62.38083244785803
 20
17.325
 10
62.369023576806114
 20
17.609637664611462
 10
62.36317215114695
 20
17.848697518751592
 10
62.36361146790938
 20
18.01708735287898
 10
62.37067482412224
 20
18.089714957452227
 10
62.40302336681604
 20
18.05479752742904
 10
62.472308488353356
 20
17.930366722803768
 10
62.568348853761016
 20
17.73605203158995
 10
62.68096312806588
 20
17.491482941801145
 10
62.96582967456064
 20
16.853535968697827
 10
62.721484145341485
 20
16.726767984348907
 10
62.62421349630286
 20
16.677546352925937
 10
62.539995868478144
 20
16.637238095402495
 10
62.47784514839535
 20
16.61000278626503
 10
62.44677522258253
 20
16.6
 10
62.43217825063805
 20
16.657207031250003
 10
62.41487963267204
 20
16.812968750000003
 10
62.39704311598015
 20
17.043496093750004
  0
LWPOLYLINE
  5
4F
330
17
100
AcDbEntity
  8
C01_120203
100
AcDbPolyline
 90
123
 70
1
 10
96.26907143831197
 20
16.972197524053843
 10
96.0860657220406
 20
17.006503318304937
 10
96.04669193021195
 20
17.03986728222239
 10
96.0462436568564
 20
17.100256782642273
 10
96.0878505076753
 20
17.199835438545463
 10
96.17464208836995
 20
17.350766868912828
 10
96.30974800464168
 20
17.56521469272524
 10
96.49629786219182
 20
17.855342528963572
 10
96.64244794837903
 20
18.07921957349484
 10
96.76804638990366
 20
18.25650737424599
 10
97.01776841000442
 20
18.520626285739326
 10
97.36582406457264
 20
18.746321346106317
 10
97.61433954918158
 20
18.875579332949545
 10
97.93257349568681
 20
19.032214638009716
 10
98.11149716826768
 20
19.113092633472025
 10
98.36594469187602
 20
19.219173722533963
 10
98.68432418635679
 20
19.346260344843095
 10
99.05504377155492
 20
19.490154940046992
 10
99.90713569348307
 20
19.811577807729343
 10
100.82948541642003
 20
20.149861842761563
 10
101.72935789912538
 20
20.471426562324194
 10
102.14188547500355
 20
20.615445277923335
 10
102.51401810035865
 20
20.74269148359778
 10
102.83416389503564
 20
20.848967618995104
 10
103.09073097887945
 20
20.93007612376287
 10
103.27212747173502
 20
20.981819437548644
 10
103.36676149344731
 20
21.0
 10
103.37966738231972
 20
20.96101255597124
 10
103.39023618870014
 20
20.854858624209765
 10
103.39737727409234
 20
20.69775080520278
 10
103.4
 20
20.505901699437494
 10
103.40591796875
 20
20.31076597614872
 10
103.42203125
 20
20.144709446062926
 10
103.44587890625002
 20
20.025311421904817
 10
103.47500000000001
 20
19.97015121639909
 10
103.57186227789896
 20
19.992942827594312
 10
103.78015375237632
 20
20.085789848909094
 10
104.06924388460281
 20
20.233855986123174
 10
104.40850213574916
 20
20.42230494501631
 10
105.26700427149831
 20
20.916110856109427
 10
105.77439433985592
 20
22.28305542805472
 10
106.19765876996443
 20
23.494645449277204
 10
106.58028144042812
 20
24.73562421955885
 10
106.91947078118504
 20
25.992934292331988
 10
107.21243522217323
 20
27.253518221028948
 10
107.45638319333074
 20
28.50431855908205
 10
107.64852312459564
 20
29.732277859923634
 10
107.78606344590595
 20
30.924338676986025
 10
107.86621258719975
 20
32.067443563701545
 10
107.93048179973044
 20
33.48488712740309
 10
108.69024089986522
 20
33.7521288631471
 10
109.13351598736197
 20
33.922879392175254
 10
109.62779347729644
 20
34.13873834490399
 10
110.68475738969524
 20
34.66106896116997
 10
111.69193608749525
 20
35.22969559135863
 10
112.1239820591812
 20
35.50342456149071
 10
112.48013302113007
 20
35.75519311488356
 10
112.7609523751436
 20
35.96673141324518
 10
112.99694866612441
 20
36.13996297749705
 10
113.16334134186941
 20
36.25701133172129
 10
113.23534985017555
 20
36.300000000000004
 10
113.30308355926485
 20
36.2417320820012
 10
113.4578369302115
 20
36.083081810222275
 10
113.67660705009074
 20
35.848279407989466
 10
113.9363910059778
 20
35.561555098629015
 10
114.59729582112783
 20
34.82311019725802
 10
113.87124673133799
 20
34.321192851881555
 10
113.5288663253995
 20
34.09714883569338
 10
113.13085687552514
 20
33.857921983038146
 10
112.23689520327164
 20
33.36950142492858
 10
111.3272504331831
 20
32.92709449075704
 10
110.90963711101492
 20
32.74538466802436
 10
110.53981128386509
 20
32.60186449372776
 10
109.92962256773018
 20
32.38400280991216
 10
109.86310236038317
 20
31.06700140495608
 10
109.80258163258645
 20
30.193898425027594
 10
109.70815138720828
 20
29.29068707004045
 10
109.42132239931405
 20
27.41446973098869
 10
109.01013550791365
 20
25.47941037999786
 10
108.4821108242202
 20
23.526570009265015
 10
108.07771995605658
 20
22.26439373253143
 10
107.86342232800382
 20
21.6479049501934
 10
107.65443417338255
 20
21.076713753727617
 10
107.46078869425187
 20
20.57749365452389
 10
107.29251909267093
 20
20.176918163972026
 10
107.15965857069878
 20
19.901660793461826
 10
107.10964209020949
 20
19.819361875531666
 10
107.07224033039456
 20
19.7783950543831
 10
106.96362435835856
 20
19.713561594407828
 10
106.75825184705342
 20
19.593561445936054
 10
106.4855634948202
 20
19.43551755563695
 10
106.17500000000001
 20
19.25655287017969
 10
105.4
 20
18.811177272248518
 10
105.4
 20
19.355588636124253
 10
105.39388480953987
 20
19.566973361004134
 10
105.37723453848503
 20
19.7400791618615
 10
105.35259213732385
 20
19.85704254081918
 10
105.32250055654472
 20
19.900000000000002
 10
105.22280885097459
 20
19.882446765333402
 10
105.03905020692939
 20
19.832469615770442
 10
104.78249355181913
 20
19.7540923829664
 10
104.46440781305377
 20
19.651338898576547
 10
104.09606191804326
 20
19.528232994256154
 10
103.68872479419758
 20
19.388798501660492
 10
102.80215256964063
 20
19.07703907826444
 10
101.89484255866263
 20
18.748251281630573
 10
101.05694618054335
 20
18.434625765001062
 10
100.69220042233066
 20
18.293558440826114
 10
100.37861485456256
 20
18.168353181618073
 10
100.12745840464902
 20
18.063033819032206
 10
99.95
 20
17.981624184723785
 10
99.5571484375
 20
17.790937353573053
 10
99.15281250000001
 20
17.602873382268445
 10
98.78457031250001
 20
17.439099692738203
 10
98.5
 20
17.321283706910574
 10
98.02753859863432
 20
17.16901362304037
 10
97.47364687212378
 20
17.030884487053378
 10
96.97209022213086
 20
16.936379836546827
 10
96.78273923884807
 20
16.91470029884786
 10
96.6566340503181
 20
16.914983209117963
 10
96.59306302864734
 20
16.924133206476746
 10
96.49880098728508
 20
16.937970487891544
 10
96.38656482443781
 20
16.954617708653522
  0
LWPOLYLINE
  5
50
330
17
100
AcDbEntity
  8
C01_120203
100
AcDbPolyline
 90
22
 70
1
 10
81.50704536310604
 20
17.925
 10
81.4403317734207
 20
18.082690759617147
 10
81.32374163866672
 20
18.345719436792557
 10
81.17369538178916
 20
18.67745812901216
 10
81.00661342573305
 20
19.041278933761898
 10
80.84977879722024
 20
19.39592460389449
 10
80.7276336796932
 20
19.702681493938687
 10
80.65233723117801
 20
19.92873710389449
 10
80.63604860970072
 20
20.041278933761898
 10
80.65479146268119
 20
20.031986906159222
 10
80.69594252040244
 20
19.97487460119634
 10
80.83243411559387
 20
19.742864149812615
 10
81.0194531263281
 20
19.396597560856016
 10
81.23092928365826
 20
18.987424815571842
 10
81.44079231863742
 20
18.566695895205388
 10
81.6229719623187
 20
18.185760781001957
 10
81.7513979457552
 20
17.89596945420684
 10
81.78730635583575
 20
17.80129958022655
 10
81.80000000000001
 20
17.748671896065332
 10
81.7647846972178
 20
17.687306303606462
 10
81.6816796395063
 20
17.709806362028438
 10
81.58449610281816
 20
17.795821213452527
  0
LWPOLYLINE
  5
51
330
17
100
AcDbEntity
  8
C01_120203
100
AcDbPolyline
 90
39
 70
1
 10
88.4
 20
23.15221478868441
 10
88.4
 20
23.984489583425603
 10
88.72500000000001
 20
24.08614601740716
 10
88.82294189453125
 20
24.116104249379614
 10
88.97744140625001
 20
24.162489935048654
 10
89.18060302734375
 20
24.222969477567872
 10
89.42453125
 20
24.295209280090866
 10
90.00310546875001
 20
24.46563527776256
 10
90.65
 20
24.655099153292497
 10
91.006103515625
 20
24.759517913483084
 10
91.40539062500001
 20
24.87732331581844
 10
92.279375
 20
25.13694811471688
 10
93.163671875
 20
25.401681685574673
 10
93.95
 20
25.639232163978683
 10
95.65
 20
26.15606847276108
 10
95.67662637905835
 20
28.76064713399819
 10
95.70325275811668
 20
31.365225795235315
 10
96.62662637905834
 20
31.47335986100401
 10
96.99118584394873
 20
31.50965108126442
 10
97.30121029812004
 20
31.528527575186764
 10
97.52389368673774
 20
31.528809498871492
 10
97.6264299549673
 20
31.509317008419046
 10
97.64124368121531
 20
31.429739748633818
 10
97.65402078478533
 20
31.229696949455153
 10
97.66455618755234
 20
30.92256261291724
 10
97.67264481139134
 20
30.521710741054267
 10
97.67808157817733
 20
30.04051533590043
 10
97.68066140978533
 20
29.492350399489915
 10
97.68017922809032
 20
28.89058993385691
 10
97.67642995496732
 20
28.24860794103561
 10
97.65
 20
25.060075792005833
 10
94.5
 20
24.125944562079543
 10
93.16052734375
 20
23.728840792663156
 10
91.84203125
 20
23.3381579843945
 10
91.23807373046876
 20
23.15927298848337
 10
90.69626953125
 20
22.998851490210534
 10
90.23558837890624
 20
22.862512908693116
 10
89.875
 20
22.75587666304823
 10
88.4
 20
22.31993999394321
  0
LWPOLYLINE
  5
52
330
17
100
AcDbEntity
  8
C01_120203
100
AcDbPolyline
 90
47
 70
1
 10
124.4728848433998
 20
23.071439353924305
 10
124.11153847142985
 20
23.650000000000002
 10
124.55022951413673
 20
23.740725039983943
 10
124.8039419032171
 20
23.804829985183826
 10
124.96297812754719
 20
23.907819453100043
 10
125.08670192382621
 20
24.114761714458208
 10
125.15387282916507
 20
24.27754897727978
 10
125.23447702875337
 20
24.490725039983943
 10
125.48003350066315
 20
25.150000000000002
 10
126.01501675033158
 20
25.12396424923013
 10
126.25555962652467
 20
25.109615396178604
 10
126.5150260035022
 20
25.089793214522018
 10
126.76221427532624
 20
25.06711502892966
 10
126.96592283605888
 20
25.044198164070828
 10
127.20514914123684
 20
25.02214384554898
 10
127.35601787666606
 20
25.0536855729966
 10
127.47285352568741
 20
25.16852883211307
 10
127.60998057164184
 20
25.396379108597774
 10
127.83811547116596
 20
25.802290387514176
 10
128.14405773558298
 20
25.517195116732196
 10
128.30718786892962
 20
25.37115408430596
 10
128.52519155559582
 20
25.18426934903412
 10
128.76959227773713
 20
24.980593056334293
 10
129.01191351750913
 20
24.78417735162408
 10
129.18041246772236
 20
24.648103336412195
 10
129.30903912920863
 20
24.538715103353905
 10
129.46070843305694
 20
24.379307949304145
 10
129.49498712316742
 20
24.264579820686876
 10
129.43994089365347
 20
24.153154648714178
 10
129.33972926122883
 20
24.057395870428113
 10
129.172570893378
 20
24.011050456956294
 10
129.04215920049745
 20
24.004064388163588
 10
128.86893784395593
 20
24.00661961193988
 10
128.64421583048534
 20
24.01777877874031
 10
128.3593021668175
 20
24.03660453902003
 10
127.41254958134633
 20
24.103154637909654
 10
127.18854338929087
 20
23.407637843222258
 10
126.96453719723543
 20
22.71212104853487
 10
126.30726859861771
 20
22.652640324900325
 10
126.01987889772957
 20
22.625588680553502
 10
125.7232566106014
 20
22.595903307612783
 10
125.45235206974817
 20
22.56718115073005
 10
125.24211560768488
 20
22.543019154557193
 10
125.0015245693894
 20
22.523801424762436
 10
124.8401726925329
 20
22.573144545490866
 10
124.68748458218111
 20
22.73953002059424
 10
124.59233462852754
 20
22.8817641109902
  0
LWPOLYLINE
  5
53
330
17
100
AcDbEntity
  8
C01_120203
100
AcDbPolyline
 90
129
 70
1
 10
51.33324546380625
 20
22.88510657679292
 10
50.82446853428372
 20
23.110688762469184
 10
50.389499611099865
 20
23.410194059943937
 10
50.028427447082066
 20
23.783450840778595
 10
49.741340795057674
 20
24.23028747653457
 10
49.52832840785407
 20
24.750532338773283
 10
49.3894790382986
 20
25.34401379905615
 10
49.32488143921865
 20
26.010560228944584
 10
49.33462436344158
 20
26.75
 10
49.39937859691971
 20
27.4507836641025
 10
49.507847148221764
 20
28.093071442258623
 10
49.66446526389089
 20
28.68696690071063
 10
49.873668190470276
 20
29.242573605700766
 10
50.13989117450308
 20
29.76999512347129
 10
50.467569462532474
 20
30.279335020264448
 10
50.86113830110162
 20
30.7806968623225
 10
51.3250329367537
 20
31.284184215887695
 10
51.66739293143673
 20
31.608400872012428
 10
52.05908318654012
 20
31.93449516140459
 10
52.50733298445694
 20
32.267110363095
 10
53.01937160758026
 20
32.61088975611449
 10
53.602428338303156
 20
32.970476619493866
 10
54.2637324590187
 20
33.35051423226396
 10
55.01051325211995
 20
33.7556458734556
 10
55.85
 20
34.190514822099594
 10
56.652978511234124
 20
34.60692004707964
 10
57.36084079429734
 20
34.98954533511106
 10
57.65516276402774
 20
35.154930071640685
 10
57.896976973230885
 20
35.29595730657673
 10
58.076707187411934
 20
35.40732286746705
 10
58.18477717207603
 20
35.48372258185952
 10
58.51955434415206
 20
35.76080735111764
 10
58.109777172076036
 20
35.94559110968716
 10
57.95066837948089
 20
36.02263864940237
 10
57.820372044297336
 20
36.09582336274383
 10
57.732333979984126
 20
36.15687829223503
 10
57.7
 20
36.19753648039947
 10
57.74931640625
 20
36.243819900119036
 10
57.88359375
 20
36.32019105414151
 10
58.08232421875
 20
36.41604377978925
 10
58.325
 20
36.52077191438462
 10
58.52647759263318
 20
36.60458972910728
 10
58.68025821903538
 20
36.67432855839218
 10
58.87446300195057
 20
36.80130640552049
 10
58.96708320635302
 20
36.96117974551308
 10
59.017587689850146
 20
37.21342286811348
 10
59.04441560014754
 20
37.44691374401066
 10
59.067498861913336
 20
37.75992414759725
 10
59.08437653764754
 20
38.11152494342544
 10
59.09258768985015
 20
38.46078699604737
 10
59.1
 20
39.271573992094744
 10
59.975
 20
39.500531575947235
 10
60.322030829928664
 20
39.59024072954473
 10
60.62008816389283
 20
39.66524539919746
 10
60.83743176815981
 20
39.717696408213236
 10
60.942321408996875
 20
39.739744579899856
 10
60.960621546042155
 20
39.70461287073555
 10
60.975873908973014
 20
39.600856456170604
 10
60.9881537144779
 20
39.43754814936133
 10
60.997536179245294
 20
39.22376076346404
 10
61.0079099533214
 20
38.68104000703066
 10
61.00759696470902
 20
38.04527669212096
 10
60.99719894691584
 20
37.38905332398542
 10
60.97731763344954
 20
36.784952407874556
 10
60.964008782560114
 20
36.52512990221915
 10
60.948554757817796
 20
36.305556449038846
 10
60.93103077591104
 20
36.13530486148995
 10
60.911512053528305
 20
36.02344795272878
 10
60.848776740625546
 20
35.88013612080246
 10
60.72985835240154
 20
35.74596706942583
 10
60.54153266994239
 20
35.60928289297905
 10
60.270575474334194
 20
35.458425685842315
 10
60.04903171594037
 20
35.34009147943389
 10
59.86760654558567
 20
35.23343564248813
 10
59.745021971021686
 20
35.15015513465424
 10
59.7
 20
35.1019469155814
 10
59.729589843750006
 20
35.06261356735142
 10
59.810156250000006
 20
35.00349731181245
 10
59.929394531250004
 20
34.93260456826318
 10
60.075
 20
34.85794175600229
 10
60.45
 20
34.67884105252642
 10
60.121105624997796
 20
34.40388675064645
 10
60.013786601071615
 20
34.32773240312616
 10
59.83392424023148
 20
34.216242762597396
 10
59.59115721435241
 20
34.07474995782006
 10
59.29512419530938
 20
33.908586117554066
 10
58.58181486523148
 20
33.52357384559574
 10
57.771105624997794
 20
33.1038629768017
 10
56.910532647516405
 20
32.65571243676501
 10
56.0614557160215
 20
32.193265416373706
 10
55.671804764546835
 20
31.973706797301876
 10
55.32171962100223
 20
31.771005343649563
 10
55.02343088419881
 20
31.591971483919483
 10
54.78916915294773
 20
31.44341564661436
 10
53.89664091342852
 20
30.776512367541365
 10
53.100995698311905
 20
30.031274445990995
 10
52.752756452850335
 20
29.643192019934858
 10
52.44464063702433
 20
29.25222036403706
 10
52.18194914201218
 20
28.863924288556824
 10
51.969982858992196
 20
28.48386860375338
 10
51.85137224579762
 20
28.246936094714222
 10
51.75276121091212
 20
28.0636974715785
 10
51.57428327068744
 20
27.81671476057275
 10
51.352039827556325
 20
27.659746225846927
 10
51.19872191403778
 20
27.58902532306112
 10
51.003521670756946
 20
27.50961762251184
 10
50.769185522033354
 20
27.41358836684787
 10
50.577284490784855
 20
27.329330136713484
 10
50.44762163183317
 20
27.26593589931731
 10
50.400000000000006
 20
27.23249862186797
 10
50.43292528867203
 20
27.165843105717773
 10
50.52257335188795
 20
27.012003168888594
 10
50.655252485447505
 20
26.79388530359337
 10
50.81727098515045
 20
26.53439600204504
 10
51.03300458341306
 20
26.174431945337602
 10
51.15648321492291
 20
25.905005973391717
 10
51.20914715650014
 20
25.663986020465636
 10
51.212436684964885
 20
25.389240020817613
 10
51.22901526945332
 20
24.832684543650327
 10
51.317466918763586
 20
24.237594779664775
 10
51.465163247213376
 20
23.666342699138323
 10
51.65947586912037
 20
23.181300272348338
 10
51.752069485918945
 20
22.994677997136773
 10
51.82388691859111
 20
22.84234092684991
 10
51.86780100607171
 20
22.739974607478445
 10
51.876684587295635
 20
22.703264585013063
 10
51.82554829976321
 20
22.718623035665367
 10
51.70604195251118
 20
22.758027311416292
 10
51.53599714177903
 20
22.81551072191057
  0
LWPOLYLINE
  5
54
330
17
100
AcDbEntity
  8
C01_120203
100
AcDbPolyline
 90
140
 70
1
 10
131.0277853832474
 20
23.667882402471776
 10
130.20557076649473
 20
24.328897593040054
 10
130.6120972163425
 20
24.814448796520026
 10
130.7790723338673
 20
25.002698148620006
 10
130.93318992057578
 20
25.156322951567233
 10
131.0573148093558
 20
25.259507939639132
 10
131.13431183309513
 20
25.29643784711311
 10
131.22505808239603
 20
25.284105696329103
 10
131.38661898136846
 20
25.253161317856975
 10
131.59614186316173
 20
25.208274658319045
 10
131.83077406092517
 20
25.154115664337635
 10
132.05384947352388
 20
25.107080214350216
 10
132.2319058610568
 20
25.081589342914754
 10
132.3468963485239
 20
25.079350730834275
 10
132.38077406092518
 20
25.102072058911816
 10
132.347167463581
 20
25.150711332473556
 10
132.26343763036883
 20
25.25163417445423
 10
132.13228238523394
 20
25.40198126817562
 10
131.9563995521216
 20
25.598893296959492
 10
131.7384869549771
 20
25.83951094412762
 10
131.48124241774573
 20
26.120974893001776
 10
131.18736376437278
 20
26.440425826903734
 10
130.8595488188035
 20
26.795004429155266
 10
130.50049540498316
 20
27.181851383078143
 10
130.1129013468571
 20
27.59810737199414
 10
129.26288259346876
 20
28.507409188092577
 10
128.33107515020077
 20
29.500035344024763
 10
127.33906160861534
 20
30.55311130636487
 10
123.20059829034429
 20
34.91242255128816
 10
122.23129313060538
 20
35.9246295442806
 10
121.33127742192251
 20
36.860039143126045
 10
120.52213375585791
 20
37.69577681439867
 10
120.15838349867066
 20
38.069120385499616
 10
119.82544472397382
 20
38.40896802467267
 10
119.51488472114426
 20
38.725674289999496
 10
119.23575112714227
 20
39.01201695246466
 10
118.98689105751527
 20
39.269366305056565
 10
118.76715162781073
 20
39.499092640763585
 10
118.41042315035877
 20
39.88115743347652
 10
118.15634261916593
 20
40.169173674510574
 10
117.99568695861177
 20
40.374103707772846
 10
117.91923309307585
 20
40.50690987717044
 10
117.91775794693773
 20
40.57855452661046
 10
117.98203844457694
 20
40.6
 10
118.0364669598024
 20
40.61969465488793
 10
118.12078831295217
 20
40.676063240734564
 10
118.36370853365767
 20
40.88252993240097
 10
118.67999710795952
 20
41.18681552919332
 10
119.03885203712379
 20
41.55633548530571
 10
119.76105296510381
 20
42.360740292266996
 10
120.0627949664517
 20
42.730456051504085
 10
120.28389532772627
 20
43.03506798683759
 10
120.64676024099155
 20
43.65013768429827
 10
120.96130694419787
 20
44.30610295853142
 10
121.22753269435509
 20
44.99767789814587
 10
121.44543474847308
 20
45.719576591750425
 10
121.61501036356167
 20
46.466513127953924
 10
121.73625679663073
 20
47.23320159536519
 10
121.80917130469012
 20
48.01435608259304
 10
121.83375114474968
 20
48.80469067824631
 10
121.8099935738193
 20
49.59891947093381
 10
121.73789584890879
 20
50.39175654926437
 10
121.61745522702805
 20
51.17791600184682
 10
121.44866896518691
 20
51.95211191728997
 10
121.23153432039523
 20
52.709058384202656
 10
120.96604854966287
 20
53.443469491193696
 10
120.65220890999969
 20
54.15005932687192
 10
120.29001265841553
 20
54.82354197984614
 10
119.8173570990785
 20
55.54605800768233
 10
119.26151298283317
 20
56.27318496184007
 10
118.69028008791257
 20
56.922143836870475
 10
118.42008027914689
 20
57.19144180551015
 10
118.17145819254979
 20
57.410155627324656
 10
117.98141849323864
 20
57.56889072385683
 10
117.86625712504538
 20
57.677688106386185
 10
117.82690741173144
 20
57.73633986115224
 10
117.8643026770582
 20
57.74463807439453
 10
117.97937624478705
 20
57.70237483235259
 10
118.17306143867937
 20
57.60934222126595
 10
118.44629158249656
 20
57.46533232737413
 10
118.80000000000001
 20
57.27013723691667
 10
119.19497888647041
 20
57.018276424290946
 10
119.62978077746477
 20
56.6881323047591
 10
120.08591443610676
 20
56.29790173422809
 10
120.54488862552002
 20
55.86578156860489
 10
121.39739364915486
 20
54.948659875709765
 10
121.75394200962376
 20
54.50005206025178
 10
122.03936595335847
 20
54.082342073329464
 10
122.57682792344235
 20
53.10497244366024
 10
123.01423917805056
 20
52.085071319326595
 10
123.3509241601622
 20
51.02670114344689
 10
123.58620731275636
 20
49.93392435913948
 10
123.71941307881214
 20
48.810803409522734
 10
123.74986590130862
 20
47.661400737715
 10
123.67689022322492
 20
46.489778786834634
 10
123.49981048754012
 20
45.300000000000004
 10
123.33583663580562
 20
44.555035266761784
 10
123.1383975947667
 20
43.870892194980705
 10
122.90153581737921
 20
43.236293936394524
 10
122.619293756599
 20
42.63996364274098
 10
122.28571386538195
 20
42.07062446575782
 10
121.8948385966839
 20
41.516999557182785
 10
121.44071040346071
 20
40.96781206875364
 10
120.91737173866824
 20
40.41178515220811
 10
119.88474347733649
 20
39.373115570359715
 10
120.31737173866823
 20
38.91486678874014
 10
120.4461184509299
 20
38.77984012968897
 10
120.64711099326347
 20
38.57079810068947
 10
120.9101667106908
 20
38.298256190345555
 10
121.2251029482338
 20
37.972729887261124
 10
121.58173705091434
 20
37.60473468004009
 10
121.9698863637543
 20
37.20478605728636
 10
122.80000000000001
 20
36.35109051959648
 10
123.0917659520998
 20
36.050422626293134
 10
123.41449347433637
 20
35.71602717350718
 10
124.14223737313067
 20
34.957360368471846
 10
124.96203998420468
 20
34.09770366245931
 10
125.85270959538016
 20
33.1596706134384
 10
126.79305449447887
 20
32.165874779377944
 10
127.76188296932256
 20
31.138929718246754
 10
129.7002237975319
 20
29.076046146647492
 10
130.62735272654103
 20
28.08533475211707
 10
131.4981983825822
 20
27.151928362391217
 10
132.29156905347713
 20
26.298440535438758
 10
132.98627302704756
 20
25.547484829228516
 10
133.2900025922804
 20
25.217523258266986
 10
133.56111859111525
 20
24.921674801729317
 10
133.79697205952988
 20
24.66276615436162
 10
133.994914033502
 20
24.44362401090999
 10
134.1522955490093
 20
24.267075066120533
 10
134.2664676420295
 20
24.135946014739353
 10
134.33478134854036
 20
24.05306355151255
 10
134.35458770451956
 20
24.02125437118623
 10
134.28873167014495
 20
24.018505930690697
 10
134.13247302324083
 20
24.034074890883034
 10
133.90918557052842
 20
24.0650922966734
 10
133.64224311872897
 20
24.10868919297195
 10
132.96108267646022
 20
24.227308158279495
 10
132.4055413382301
 20
23.617087685091498
 10
131.85
 20
23.0068672119035
  0
LWPOLYLINE
  5
55
330
17
100
AcDbEntity
  8
C01_120203
100
AcDbPolyline
 90
105
 70
1
 10
144.9481407325142
 20
23.239356841931794
 10
144.65566428448787
 20
23.428701029565328
 10
144.34126605631218
 20
23.72561498484281
 10
144.06518923358044
 20
24.065163643503997
 10
143.88767700188606
 20
24.38241194128865
 10
143.7244162634759
 20
24.92507082907497
 10
143.6745435719881
 20
25.227718453563124
 10
143.64416060974946
 20
25.582255007228262
 10
143.63200583483817
 20
26.011938096655623
 10
143.6368177053324
 20
26.540025328430442
 10
143.6573346793104
 20
27.18977430913796
 10
143.6922952148503
 20
27.984442645363416
 10
143.74179344021906
 20
28.94504958985728
 10
143.80189353825662
 20
29.97943243310269
 10
143.87200590451886
 20
31.081789265478687
 10
143.95154093456165
 20
32.246318177364316
 10
144.0399090239408
 20
33.46721725913862
 10
144.13652056821215
 20
34.73868460118065
 10
144.35211560365497
 20
37.410116427584065
 10
144.59360920533692
 20
40.21419837960692
 10
144.85628453770477
 20
43.10451518028159
 10
145.42631305228548
 20
48.95819221971578
 10
145.72423256339195
 20
51.82872190454003
 10
146.0244664629716
 20
54.599825330145556
 10
146.17397729732846
 20
55.9335874216889
 10
146.32229791547118
 20
57.2250872195647
 10
146.46883871295557
 20
58.468522814151996
 10
146.61301008533755
 20
59.65809229582983
 10
146.75422242817288
 20
60.78799375497725
 10
146.89188613701748
 20
61.85242528197332
 10
147.02541160742717
 20
62.84558496719705
 10
147.15420923495782
 20
63.761670901027514
 10
147.27768941516527
 20
64.59488117384373
 10
147.39526254360536
 20
65.33941387602479
 10
147.50633901583393
 20
65.9894670979497
 10
147.61032922740688
 20
66.53923892999751
 10
147.69427346933696
 20
66.93656957227171
 10
147.77428477287543
 20
67.26354921776769
 10
147.85676509396077
 20
67.53396190322356
 10
147.94811638853153
 20
67.7615916653774
 10
148.1830397218831
 20
68.14363856673143
 10
148.5302704204381
 20
68.51996221573458
 10
148.9159427415439
 20
68.85020505620584
 10
149.29902010213104
 20
69.0881661800756
 10
149.67584941170136
 20
69.23377519283467
 10
150.0427775797566
 20
69.28696169997382
 10
150.39615151579858
 20
69.2476553069838
 10
150.7323181293291
 20
69.11578561935539
 10
151.0476243298499
 20
68.8912822425794
 10
151.33841702686283
 20
68.57407478214655
 10
151.44324136718438
 20
68.43498582712276
 10
151.5185374663756
 20
68.32801160396248
 10
151.5817196442417
 20
68.1891604300964
 10
151.53031296621043
 20
68.11502741427617
 10
151.3666668380311
 20
68.06311871022966
 10
151.21943698114737
 20
68.0021733151236
 10
151.04094291035423
 20
67.8909784521105
 10
150.64003453672763
 20
67.56385824151351
 10
150.2636865365271
 20
67.17379391673934
 10
150.11589293251657
 20
66.98391891100479
 10
150.01164372912848
 20
66.8128213160887
 10
149.807904667454
 20
66.30818369593788
 10
149.7129396998606
 20
65.99033875998367
 10
149.61916402522405
 20
65.6139479793961
 10
149.52401733163998
 20
65.16786503363957
 10
149.42493930720414
 20
64.64094360217845
 10
149.3193696400122
 20
64.02203736447713
 10
149.2047480181599
 20
63.300000000000004
 10
149.0741940158164
 20
62.429117860297055
 10
148.93928124599094
 20
61.48103533278868
 10
148.80055759802272
 20
60.46147008296318
 10
148.65857096125106
 20
59.37613977630886
 10
148.51386922501518
 20
58.23076207831402
 10
148.36700027865436
 20
57.03105465446698
 10
148.21851201150787
 20
55.78273517025602
 10
148.06895231291494
 20
54.49152129116945
 10
147.76881017874686
 20
51.80328101032272
 10
147.47095699086424
 20
49.012075135833214
 10
146.89964991281173
 20
43.303731901551586
 10
146.63496225207
 20
40.478077189572325
 10
146.3900959964701
 20
37.732422179576005
 10
146.16943426072612
 20
35.11250819546906
 10
146.06954981114825
 20
33.86399825184487
 10
145.97736015955212
 20
32.66407656115793
 10
145.89341319527702
 20
31.51846078889654
 10
145.8182568076622
 20
30.43286860054902
 10
145.75243888604695
 20
29.41301766160366
 10
145.69650731977046
 20
28.46462563754877
 10
145.65100999817207
 20
27.593410193872664
 10
145.616494810591
 20
26.805088996063624
 10
145.59350964636653
 20
26.10537970960997
 10
145.5826023948379
 20
25.5
 10
145.5808464765069
 20
25.082488765036377
 10
145.58359104161096
 20
24.730990333097516
 10
145.59140671175925
 20
24.43790228266065
 10
145.604864108561
 20
24.195622192203015
 10
145.6509865685617
 20
23.83307620513434
 10
145.72652339448675
 20
23.58253299970933
 10
145.80481907443018
 20
23.38621281836491
 10
145.8318048441892
 20
23.267271070156454
 10
145.80791181554918
 20
23.199710286724432
 10
145.7335711002954
 20
23.15753299970933
 10
145.5621316352302
 20
23.113186046293947
 10
145.38094146492367
 20
23.111326237061242
 10
145.17970852035768
 20
23.153025769708194
  0
LWPOLYLINE
  5
56
330
17
100
AcDbEntity
  8
C01_120203
100
AcDbPolyline
 90
113
 70
1
 10
25.837085365921634
 20
24.475
 10
25.863101584724404
 20
24.679785156250002
 10
25.893527720141062
 20
24.96015625
 10
25.924577844170532
 20
25.27919921875
 10
25.952466028811727
 20
25.6
 10
26.13355119617335
 20
27.41855122673906
 10
26.369304587386125
 20
29.206194697612343
 10
26.496794223469887
 20
30.015085526805446
 10
26.624885743356277
 20
30.728240819679456
 10
26.749224089658572
 20
31.316324377116825
 10
26.80862486728233
 20
31.554296692822533
 10
26.865454204990044
 20
31.75
 10
27.04994148787721
 20
32.210491190300125
 10
27.315225504982934
 20
32.61487636305594
 10
27.496611289806687
 20
32.81873723059742
 10
27.720330259311798
 20
33.03582123904404
 10
27.993760413873833
 20
33.27521160349288
 10
28.32427975386837
 20
33.545991539041005
 10
28.715145609872536
 20
33.84924940850894
 10
29.16687857386092
 20
34.18234683042435
 10
29.675634182524956
 20
34.54307743069708
 10
30.23756797255608
 20
34.92923483523699
 10
30.848835480645718
 20
35.33861266995392
 10
31.505592243485303
 20
35.76900456075771
 10
32.20399379776627
 20
36.218204133558224
 10
32.94019568018006
 20
36.68400501426531
 10
34.510622576171805
 20
37.656585203038574
 10
36.18611722499201
 20
38.6690941343563
 10
37.93592392017212
 20
39.703880815497286
 10
39.72928695524361
 20
40.7432942537403
 10
43.32365921918655
 20
42.76539743064765
 10
45.06315703512093
 20
43.712785183869556
 10
46.72318836507253
 20
44.59419572330867
 10
48.27299750257281
 20
45.3919780562438
 10
48.99695759088228
 20
45.75399271004699
 10
49.681828741153225
 20
46.08848118995371
 10
50.32376649007707
 20
46.393237121873845
 10
50.91892637434525
 20
46.66605413171722
 10
51.46346393064919
 20
46.90472584539369
 10
51.95353469568033
 20
47.107045888813104
 10
52.605631467717764
 20
47.36109825123524
 10
53.36842543994912
 20
47.64964549466444
 10
54.22295099260377
 20
47.96612705956613
 10
55.150242505911095
 20
48.30398238640574
 10
57.14726093540126
 20
49.01757208776042
 10
59.20775577025462
 20
49.737930122451914
 10
60.21439279026593
 20
50.08424586596253
 10
61.18000205230617
 20
50.41257201420363
 10
62.085617936604706
 20
50.716348007640654
 10
62.912274823390916
 20
50.98901328673901
 10
63.64100709289418
 20
51.224007291964135
 10
64.25284912534386
 20
51.41476946378146
 10
64.72883530096934
 20
51.55473924265641
 10
64.90995568629468
 20
51.60362680988594
 10
65.05
 20
51.63735606905441
 10
65.18653233882608
 20
51.66282199002378
 10
65.23515375661111
 20
51.65625863968785
 10
65.17359627422803
 20
51.60639430271798
 10
64.97959191254982
 20
51.501957263785535
 10
64.82596340849786
 20
51.425751570043154
 10
64.63087269244946
 20
51.331675807561886
 10
64.39153626701376
 20
51.21832101192566
 10
64.10517063479989
 20
51.084278218718396
 10
63.76899229841697
 20
50.92813846352401
 10
63.38021776047411
 20
50.74849278192642
 10
62.93606352358044
 20
50.543932209509556
 10
62.43374609034507
 20
50.313047781857335
 10
59.66770077776313
 20
49.026430575443484
 10
56.968462880611945
 20
47.74037366128614
 10
55.685270983713366
 20
47.11751082210794
 10
54.46843006574105
 20
46.518734665959
 10
53.3344898350512
 20
45.95202739616104
 10
52.300000000000004
 20
45.42537121603578
 10
49.92938739111661
 20
44.1944716500412
 10
47.643564044200055
 20
42.986000394172486
 10
45.45048744413842
 20
41.804832268902665
 10
43.35811507581978
 20
40.65584209470478
 10
41.37440442413224
 20
39.54390469205189
 10
39.50731297396386
 20
38.473894881417024
 10
37.76479821020275
 20
37.45068748327323
 10
36.154817617736974
 20
36.47915731809355
 10
34.68532868145463
 20
35.56417920635103
 10
34.00575529840977
 20
35.129420551916525
 10
33.364288886243784
 20
34.71062796851871
 10
32.76192413056771
 20
34.3084108087167
 10
32.19965571699254
 20
33.92337842506963
 10
31.67847833112929
 20
33.556140170136636
 10
31.19938665858897
 20
33.20730539647684
 10
30.763375384982595
 20
32.87748345664939
 10
30.37143919592117
 20
32.56728370321339
 10
30.024572777015702
 20
32.277315488727986
 10
29.72377081387721
 20
32.0081881657523
 10
29.4700279921167
 20
31.760511086845483
 10
29.264338997345185
 20
31.53489360456664
 10
29.10769851517367
 20
31.33194507147492
 10
29.00110123121317
 20
31.15227484012944
 10
28.89295611434691
 20
30.881355810483555
 10
28.77915945990231
 20
30.50861994094636
 10
28.662301218811905
 20
30.046766960515587
 10
28.544971342008232
 20
29.508496598188966
 10
28.429759780423826
 20
28.90650858296422
 10
28.319256484991218
 20
28.25350264383908
 10
28.122734496311548
 20
26.845235909878525
 10
27.942384381713197
 20
25.35
 10
26.946192190856596
 20
24.731687971099884
 10
26.552777904178274
 20
24.491081280908915
 10
26.218018207280178
 20
24.293040509178592
 10
25.977350008682567
 20
24.158073468408915
 10
25.903374255159026
 20
24.120651288540568
 10
25.866210216905706
 20
24.106687971099884
 10
25.837989619987948
 20
24.13368100107126
 10
25.82309150640274
 20
24.212120841510593
 10
25.822471535322997
 20
24.329922253969603
  0
LWPOLYLINE
  5
57
330
17
100
AcDbEntity
  8
C01_120203
100
AcDbPolyline
 90
50
 70
1
 10
168.4773697145946
 20
24.683742308315846
 10
168.09952862629729
 20
24.87014669180587
 10
167.78975347186486
 20
25.0330104596711
 10
167.5800364387973
 20
25.154803431463417
 10
167.5226972763691
 20
25.194820187442197
 10
167.50236971459458
 20
25.217995426734706
 10
167.56124682532644
 20
25.277405574286277
 10
167.72330756064503
 20
25.388901435950647
 10
167.96376350342413
 20
25.536525480826512
 10
168.25782623653745
 20
25.704320178012566
 10
169.01565247307494
 20
26.122649502555717
 10
168.9505268670353
 20
26.59616921907732
 10
168.920374289528
 20
26.863192059471963
 10
168.93481716496916
 20
27.01811702091762
 10
169.011408332309
 20
27.108182167006895
 10
169.16770063049785
 20
27.180625561332377
 10
169.3440261269181
 20
27.236572224796657
 10
169.61095247275767
 20
27.303204722231147
 10
169.95712072068883
 20
27.37871680646032
 10
170.3711719233838
 20
27.461302230308654
 10
170.84174713351484
 20
27.549154746600628
 10
171.35748740375422
 20
27.640468108160718
 10
172.47902733524688
 20
27.826252378383142
 10
173.64492013923982
 20
28.004205063571746
 10
174.764294237111
 20
28.159876186322343
 10
175.27813940293154
 20
28.224840543844575
 10
175.7462780502384
 20
28.27881576923074
 10
176.15735123170379
 20
28.319995615305306
 10
176.5
 20
28.34657383489275
 10
177.35000000000002
 20
28.398679571129662
 10
176.8
 20
28.245616825618004
 10
176.09856400081878
 20
28.04022828708476
 10
175.34097300941477
 20
27.80055360545334
 10
173.77902917789058
 20
27.26244596321496
 10
173.0355279017466
 20
26.986063077767493
 10
172.3575747613321
 20
26.719494199540833
 10
171.77559553863523
 20
26.473764366114725
 10
171.32001601564403
 20
26.259898615068916
 10
170.8603564094984
 20
26.026293019379604
 10
170.88677908400297
 20
25.528464607182855
 10
170.91320175850757
 20
25.030636194986098
 10
170.2141178752191
 20
24.61531809749305
 10
169.9401109169481
 20
24.454747690216376
 10
169.7108380150818
 20
24.324567744206366
 10
169.5503048234707
 20
24.238119027545398
 10
169.4825169959653
 20
24.20874230831585
 10
169.45613348128268
 20
24.220014845988473
 10
169.3931446476679
 20
24.24892742870106
 10
169.17384172122698
 20
24.351879760496132
 10
168.85758961181256
 20
24.50201336620106
  0
LWPOLYLINE
  5
58
330
17
100
AcDbEntity
  8
C01_120203
100
AcDbPolyline
 90
162
 70
1
 10
155.45000000000002
 20
26.55288364858906
 10
155.2936721370859
 20
26.608955754567887
 10
155.16372003509207
 20
26.655100143940572
 10
155.0736909241412
 20
26.686538965036057
 10
155.03713203435598
 20
26.698494366183276
 10
155.02131506998487
 20
26.724723506813675
 10
154.98776149852782
 20
26.795026470066336
 10
154.94139319498487
 20
26.89868978983165
 10
154.88713203435597
 20
27.025000000000002
 10
154.85548672529163
 20
27.161159752233356
 10
154.82802722722212
 20
27.402338220925643
 10
154.80475655982792
 20
27.73745361677185
 10
154.78567774278946
 20
28.155424150466978
 10
154.7707937957872
 20
28.645168032706007
 10
154.76010773850157
 20
29.195603474183926
 10
154.75134137180206
 20
30.434221877636407
 10
154.7843161809424
 20
33.152158665987635
 10
154.82610567166938
 20
34.45416842200622
 10
154.85333650745366
 20
35.05214737790871
 10
154.88479542975904
 20
35.6
 10
155.0355532732357
 20
37.81037009156322
 10
155.20645213377483
 20
40.1002728375498
 10
155.39525316374898
 20
42.448887095110074
 10
155.59971751553073
 20
44.83539172139436
 10
156.04668079400727
 20
49.638787508736314
 10
156.2847020254472
 20
52.01403638409465
 10
156.52943118818496
 20
54.34389105677833
 10
156.7786294345931
 20
56.607530383937686
 10
157.03005791704425
 20
58.78413322272306
 10
157.28147778791094
 20
60.85287843028476
 10
157.5306501995657
 20
62.792944863773144
 10
157.65369396830505
 20
63.708216933099315
 10
157.77533630438114
 20
64.58351138033854
 10
157.89529735184055
 20
65.41622556263457
 10
158.01329725472982
 20
66.20375683713124
 10
158.12905615709553
 20
66.94350256097233
 10
158.24229420298425
 20
67.63286009130164
 10
158.35273153644258
 20
68.26922678526293
 10
158.46008830151706
 20
68.85000000000001
 10
158.58184923652337
 20
69.46781150838166
 10
158.6902175871228
 20
69.97145186464786
 10
158.79047801622923
 20
70.37632001760768
 10
158.88791518675652
 20
70.69781491607023
 10
158.98781376161864
 20
70.95133550884456
 10
159.09545840372942
 20
71.1522807447398
 10
159.35512454135264
 20
71.45804094112928
 10
159.6367499366689
 20
71.66862622326747
 10
160.00932303589727
 20
71.8725225607681
 10
160.4694222125188
 20
72.06866245201209
 10
161.0136258400146
 20
72.25597839538032
 10
161.63851229186585
 20
72.43340288925371
 10
162.34065994155358
 20
72.59986843201314
 10
163.11664716255893
 20
72.75430752203951
 10
163.963052328363
 20
72.89565265771374
 10
164.526780328241
 20
72.98180861971106
 10
165.03640626321965
 20
73.05983886049589
 10
165.4359407799669
 20
73.12116152932924
 10
165.5769270835875
 20
73.14287569590822
 10
165.66939452515066
 20
73.15719477547222
 10
165.84393992227675
 20
73.1966716434526
 10
165.9488199165454
 20
73.26985218139508
 10
166.01058972251045
 20
73.41086802926523
 10
166.05580455472568
 20
73.6538508270286
 10
166.12514985585796
 20
73.929326634362
 10
166.1956841273136
 20
74.06230220220006
 10
166.30699647750416
 20
74.21243260910063
 10
166.47173965503612
 20
74.39496515227489
 10
166.70256640851593
 20
74.62514712893406
 10
167.01212948655004
 20
74.9182258362893
 10
167.41308163774488
 20
75.2894485715518
 10
168.7033432163397
 20
76.47815491393625
 10
170.35453765776185
 20
77.05307793414507
 10
171.00135731899468
 20
77.28555950263834
 10
171.5418830799486
 20
77.49355199114635
 10
171.7546149000532
 20
77.58126761542174
 10
171.91956822776672
 20
77.65434431171981
 10
172.02967472398203
 20
77.70994319404693
 10
172.07786604959202
 20
77.74522537640942
 10
172.12673410949415
 20
77.76923108701094
 10
172.2440829345194
 20
77.8024656568848
 10
172.42090843136543
 20
77.84343678366021
 10
172.64820650672988
 20
77.89065216496631
 10
173.21820401980474
 20
77.99784648168743
 10
173.88204272732526
 20
78.11211018808163
 10
174.56768988287277
 20
78.22150486518238
 10
175.20311274002856
 20
78.31409209402317
 10
175.47947982345372
 20
78.35035215941903
 10
175.71627855237392
 20
78.37793345563746
 10
175.90450483348684
 20
78.39534368030763
 10
176.03515457349013
 20
78.40109053105873
 10
176.06193876283453
 20
78.37693898865638
 10
175.99799370072066
 20
78.31198599474081
 10
175.85600172662205
 20
78.21613446706401
 10
175.64864518001218
 20
78.09928732337804
 10
175.12756833695738
 20
77.79737523745567
 10
174.6919191357768
 20
77.48607224387311
 10
174.3486597412344
 20
77.17097731224892
 10
174.1047523180941
 20
76.85768941220162
 10
173.94880253169197
 20
76.66132685305368
 10
173.83649618362318
 20
76.57794475325606
 10
173.67937883515768
 20
76.49417515332024
 10
173.4610079634317
 20
76.40232783825437
 10
173.16494104558154
 20
76.29471259306663
 10
172.77473555874346
 20
76.16363920276521
 10
172.27394898005372
 20
76.00141745235827
 10
170.65
 20
75.47984287445841
 10
169.32500000000002
 20
74.28197028499424
 10
168.0
 20
73.08409769553008
 10
168.0
 20
72.59999437434695
 10
167.9989503459134
 20
72.41942295376936
 10
167.98568690027454
 20
72.28361898821665
 10
167.9450379380148
 20
72.18430853244092
 10
167.86183173406548
 20
72.1132176411943
 10
167.720896563358
 20
72.06207236922884
 10
167.50706070082367
 20
72.02259877129669
 10
167.2051524213939
 20
71.98652290214993
 10
166.8
 20
71.94557081654067
 10
166.1090582056016
 20
71.85924924278626
 10
165.3806992396104
 20
71.73729847702573
 10
163.9138503390754
 20
71.41272887368379
 10
163.22642067764446
 20
71.22321978820118
 10
162.60369439084647
 20
71.02430101491
 10
162.07120161523787
 20
70.82252742985962
 10
161.65447248737507
 20
70.62445390909946
 10
161.2622823449649
 20
70.35751908762771
 10
160.98650375947972
 20
70.01855767344752
 10
160.87741117229547
 20
69.79646069272093
 10
160.7795923203962
 20
69.52562950217221
 10
160.68710415246653
 20
69.19582158125303
 10
160.59400361719102
 20
68.79679440941504
 10
160.44303878172656
 20
68.06038086286415
 10
160.2864134722229
 20
67.21146690195286
 10
160.12486880157948
 20
66.25775285825436
 10
159.95914588269568
 20
65.2069390633418
 10
159.78998582847098
 20
64.0667258487884
 10
159.61812975180476
 20
62.8448135461673
 10
159.44431876559648
 20
61.54890248705171
 10
159.26929398274552
 20
60.186693003014796
 10
159.09379651615137
 20
58.76588542562973
 10
158.9185674787134
 20
57.294180086469716
 10
158.57187914290384
 20
54.22887744911751
 10
158.23515787851218
 20
51.05238774354362
 10
157.91433258873388
 20
47.82631362233347
 10
157.61533217676433
 20
44.61225773807252
 10
157.34408554579898
 20
41.471822743346195
 10
157.2207226804414
 20
39.94846390849147
 10
157.10652159903316
 20
38.466611290739934
 10
157.0022234144737
 20
37.03396522166478
 10
156.90856923966237
 20
35.65822603283918
 10
156.82630018749865
 20
34.34709405583632
 10
156.75615737088197
 20
33.10826962222937
 10
156.69888190271172
 20
31.94945306359152
 10
156.65521489588738
 20
30.87834471149594
 10
156.62589746330832
 20
29.902644897515827
 10
156.611670717874
 20
29.03005395322434
 10
156.61327577248386
 20
28.268272210194674
 10
156.63145374003727
 20
27.625
 10
156.68772943531442
 20
26.400000000000002
 10
156.2688647176572
 20
26.404389282405784
 10
156.07466490150438
 20
26.41746435023172
 10
155.8555415108118
 20
26.44982008146451
 10
155.63836354412766
 20
26.49658400471375
  0
LWPOLYLINE
  5
59
330
17
100
AcDbEntity
  8
C01_120203
100
AcDbPolyline
 90
74
 70
1
 10
91.10045476104766
 20
32.725
 10
91.10564970252037
 20
33.05475592026668
 10
91.11945817091915
 20
33.49058577742842
 10
91.1397783990114
 20
33.975770216027804
 10
91.16450861956456
 20
34.4535898806074
 10
91.22810771703382
 20
35.5571797612148
 10
91.8390538585169
 20
35.7342515097482
 10
91.99095812446267
 20
35.7789932040581
 10
92.1890760589128
 20
35.83846326362988
 10
92.69047545317412
 20
35.99131091603174
 10
93.27629708099654
 20
36.172239341899086
 10
93.87958598207581
 20
36.360693416177206
 10
95.30917196415163
 20
36.81006357407282
 10
95.28755149028498
 20
37.58003178703641
 10
95.29026292871865
 20
37.977945831327396
 10
95.32358791878498
 20
38.35856585761853
 10
95.39043866962987
 20
38.74416667340051
 10
95.49372739039916
 20
39.15702308616401
 10
95.72152376438
 20
39.96404617232802
 10
96.86621910360284
 20
40.2432325314179
 10
97.31353198844214
 20
40.348778208368714
 10
97.68526691483893
 20
40.42977137298181
 10
97.94267877289997
 20
40.47823934527196
 10
98.0164057044629
 20
40.48778492180053
 10
98.04702245273191
 20
40.4862094452539
 10
98.04465281783406
 20
40.44366237312642
 10
98.0238398282633
 20
40.33578218050222
 10
97.98636918783325
 20
40.16980580876782
 10
97.9340266003575
 20
39.95297019930973
 10
97.79186839952337
 20
39.395669032768524
 10
97.61165085626986
 20
38.72177421197071
 10
97.47549144902459
 20
38.216451633717895
 10
97.36922978916549
 20
37.80460905599276
 10
97.2901019190205
 20
37.47062398971045
 10
97.23534388091751
 20
37.198873945786076
 10
97.18788147014926
 20
36.7795889686717
 10
97.20473089548409
 20
36.42177421197071
 10
97.22265533173591
 20
36.194556363411444
 10
97.22355477999886
 20
35.99990663828168
 10
97.20829921694376
 20
35.858207676002614
 10
97.17775861924139
 20
35.78984211599544
 10
97.12328431718335
 20
35.76611055231089
 10
97.0027032962987
 20
35.7214558614979
 10
96.8236430078924
 20
35.65846535318966
 10
96.59373090326935
 20
35.57972633701935
 10
96.01186105059269
 20
35.385352019625266
 10
95.3181133487081
 20
35.159031386381116
 10
94.61383418128003
 20
34.93019462951675
 10
94.003289546183
 20
34.72896948048346
 10
93.7536048756819
 20
34.64550650449648
 10
93.5518784751715
 20
34.57710072517888
 10
93.4062852236211
 20
34.52647024076788
 10
93.325
 20
34.496333149500664
 10
93.20222317553026
 20
34.42420564380711
 10
93.13443693847185
 20
34.29109172715411
 10
93.11607140780639
 20
34.18098042863541
 10
93.1053408650952
 20
34.03080120407796
 10
93.10020775737205
 20
33.83228027904881
 10
93.09863453167077
 20
33.57714387911499
 10
93.09672740648915
 20
33.163592200440036
 10
93.08556826806291
 20
32.852661533003605
 10
93.05467080313441
 20
32.62772195610729
 10
92.993548698446
 20
32.472143549052674
 10
92.89171564074006
 20
32.36929639114136
 10
92.73868531675895
 20
32.30255056167494
 10
92.52397141324502
 20
32.255276139955
 10
92.23708761694066
 20
32.21084320528314
 10
91.84414492286444
 20
32.1522239521951
 10
91.55382589206573
 20
32.11471628735171
 10
91.35065634820431
 20
32.10531996697746
 10
91.2191621149399
 20
32.13103474729682
 10
91.1438690159323
 20
32.198860384534285
 10
91.1093028748412
 20
32.315796634914314
 10
91.09998951532641
 20
32.48884325466139
  0
LWPOLYLINE
  5
5A
330
17
100
AcDbEntity
  8
C01_120203
100
AcDbPolyline
 90
211
 70
1
 10
12.737660324255527
 20
34.854721378974936
 10
12.767326072552192
 20
35.08484597295216
 10
12.79727030042535
 20
35.27894865191584
 10
12.824002660798259
 20
35.416598884647215
 10
12.844032806594186
 20
35.47736613992752
 10
12.873716793761343
 20
35.49002222481129
 10
12.944185770232979
 20
35.511688744499445
 10
13.189074317801817
 20
35.57733621540108
 10
13.541889702724946
 20
35.66487480685675
 10
13.965823178426616
 20
35.764870773090784
 10
14.85679056412249
 20
35.988041053232536
 10
15.7910867167751
 20
36.25580258005969
 10
16.762008097371215
 20
36.56508123355969
 10
17.76285116689761
 20
36.91280289371998
 10
19.827488216688316
 20
37.71127875397126
 10
21.931369554041385
 20
38.626637200713105
 10
24.020866866850984
 20
39.63428527384512
 10
26.042351843011282
 20
40.7096300132669
 10
27.942196170416437
 20
41.82807845887804
 10
28.82974424330277
 20
42.39578127147324
 10
29.66677153696063
 20
42.965037650578125
 10
30.465585321622694
 20
43.5419877131447
 10
31.212145674966315
 20
44.113860077028804
 10
31.90814078653596
 20
44.68289037999167
 10
32.55525884587609
 20
45.25131425979452
 10
33.155188042531165
 20
45.82136735419857
 10
33.709616566045646
 20
46.39528530096505
 10
34.220232605964
 20
46.975303737855185
 10
34.68872435183068
 20
47.563658302630195
 10
35.11677999319015
 20
48.1625846330513
 10
35.50608771958688
 20
48.77431836687973
 10
36.175212185669935
 20
50.045150595803456
 10
36.70960326643555
 20
51.394040091491156
 10
37.122766478239406
 20
52.83887195603261
 10
37.219437746796196
 20
53.365470247682424
 10
37.291404014992764
 20
54.003762879452545
 10
37.35938622124036
 20
55.45039734376987
 10
37.35448449475894
 20
56.17622226652516
 10
37.32304243885242
 20
56.84870770981692
 10
37.264601221254566
 20
57.4265952187492
 10
37.178702009699165
 20
57.868626338426026
 10
36.84089277298532
 20
58.94564080452112
 10
36.44156015361629
 20
59.90439023839389
 10
35.946790134407664
 20
60.785529619241444
 10
35.32266869817507
 20
61.6297139262609
 10
34.95150306830466
 20
62.05065260808419
 10
34.53528182773411
 20
62.47759813864937
 10
34.069765724315374
 20
62.91563239035608
 10
33.5507155059004
 20
63.36983723560397
 10
32.97389192034114
 20
63.845294546792665
 10
32.33505571548954
 20
64.34708619632181
 10
31.62996763919756
 20
64.88029405659104
 10
30.854388439317145
 20
65.45
 10
30.06651813668556
 20
66.04787006577513
 10
29.37416881975237
 20
66.62886407017176
 10
28.77524254879981
 20
67.19547432019701
 10
28.26764138411012
 20
67.75019312285792
 10
27.849267385965543
 20
68.2955127851616
 10
27.518022614648313
 20
68.83392561411512
 10
27.271809130440673
 20
69.36792391672556
 10
27.108528993624862
 20
69.9
 10
27.01318770523746
 20
70.57951846076014
 10
27.005588844525082
 20
71.33557321347743
 10
27.081525795620493
 20
72.07604419916822
 10
27.149505633137608
 20
72.4116482609463
 10
27.236791942656453
 20
72.70881135884886
 10
27.511208433020776
 20
73.352040889747
 10
27.88354213579027
 20
74.00499063268728
 10
28.353299584893968
 20
74.667119045693
 10
28.9199873142609
 20
75.33788458678741
 10
29.58311185782009
 20
76.0167457139938
 10
30.342179749500573
 20
76.70316088533542
 10
31.19669752323138
 20
77.39658855883559
 10
32.14617171294154
 20
78.09648719251754
 10
32.731267816396944
 20
78.49668932306514
 10
33.364600121810525
 20
78.90643672012872
 10
34.04351945736677
 20
79.32440939233513
 10
34.765376651250165
 20
79.74928734831126
 10
36.32730792673638
 20
80.61447914608009
 10
38.029200573745115
 20
81.49145218245017
 10
39.849861217752306
 20
82.36964652643644
 10
41.76809648423388
 20
83.23850224705384
 10
43.762712998665776
 20
84.08745941331732
 10
45.81251738652392
 20
84.90595809424181
 10
46.85734105146677
 20
85.29995445561579
 10
47.98303100932296
 20
85.70827826771993
 10
49.12279573039411
 20
86.10858903593544
 10
50.20984368498185
 20
86.47854626564356
 10
50.71272652181369
 20
86.64516089898898
 10
51.17738334338779
 20
86.79580946222552
 10
51.595465208491845
 20
86.92769939352581
 10
51.95862317591356
 20
87.03803813106252
 10
52.25850830444064
 20
87.1240331130083
 10
52.48677165286078
 20
87.1828917775358
 10
52.63506427996169
 20
87.21182156281769
 10
52.69503724453107
 20
87.2080299070266
 10
52.753588187608216
 20
87.18835325921783
 10
52.89881341103385
 20
87.17583999906414
 10
53.12821783120975
 20
87.17045293095593
 10
53.439306364537735
 20
87.17215485928361
 10
53.829583927419584
 20
87.18090858843759
 10
54.296555436257094
 20
87.19667692280831
 10
54.837725807452074
 20
87.21942266678614
 10
55.450599957406304
 20
87.24910862476155
 10
56.498885755791235
 20
87.30106618679008
 10
56.95854509808842
 20
87.32262495409024
 10
57.36036315817186
 20
87.34059290450662
 10
57.69320075282887
 20
87.35448693223343
 10
57.94591869884679
 20
87.36382393146489
 10
58.107377813012945
 20
87.36812079639525
 10
58.16643891211467
 20
87.36689442121867
 10
58.1232530544295
 20
87.34796379379617
 10
57.991669455125084
 20
87.30151976353359
 10
57.78109616632392
 20
87.23063701694255
 10
57.50094124014851
 20
87.1383902405346
 10
57.160612728721325
 20
87.02785412082135
 10
56.769518684164886
 20
86.90210334431437
 10
55.87266620415418
 20
86.61725656696558
 10
54.189768000527366
 20
86.07707894990635
 10
52.554410110387884
 20
85.53274882089428
 10
50.96722069344018
 20
84.98453675876577
 10
49.42882790938872
 20
84.43271334235719
 10
47.93985991793796
 20
83.87754915050492
 10
46.50094487879236
 20
83.31931476204532
 10
45.112710951656375
 20
82.75828075581478
 10
43.77578629623446
 20
82.19471771064968
 10
42.490799072231084
 20
81.62889620538638
 10
41.25837743935069
 20
81.06108681886127
 10
40.07914955729775
 20
80.49156012991074
 10
38.95374358577671
 20
79.92058671737112
 10
37.88278768449204
 20
79.34843716007884
 10
36.866910013148185
 20
78.77538203687025
 10
35.90673873144962
 20
78.20169192658173
 10
35.002901999100786
 20
77.62763740804965
 10
34.02963549050436
 20
76.9665957120138
 10
33.142644426597386
 20
76.31620019040538
 10
32.34135295128317
 20
75.67542483397696
 10
31.62518520846503
 20
75.04324363348111
 10
30.993565342046267
 20
74.41863057967043
 10
30.445917495930196
 20
73.80055966329748
 10
29.98166581402012
 20
73.18800487511483
 10
29.600234440219353
 20
72.57994020587506
 10
29.3010475184312
 20
71.97533964633075
 10
29.083529192558977
 20
71.37317718723448
 10
28.947103606505983
 20
70.77242681933882
 10
28.89119490417554
 20
70.17206253339634
 10
28.915227229470943
 20
69.57105832015962
 10
29.018624726295513
 20
68.96838817038125
 10
29.200811538552554
 20
68.36302607481379
 10
29.461211810145375
 20
67.75394602420981
 10
29.694400750416445
 20
67.32488821309782
 10
29.97231975588745
 20
66.91186479248876
 10
30.31298020587132
 20
66.49764107790595
 10
30.734393479680968
 20
66.06498238487276
 10
31.254570956629312
 20
65.59665402891254
 10
31.891524016029283
 20
65.0754213255486
 10
32.259419945183915
 20
64.78958000469129
 10
32.66326403719379
 20
64.48404959030432
 10
33.10530771447304
 20
64.15667574682809
 10
33.587802399435766
 20
63.80530413870303
 10
34.20837208219518
 20
63.348076471052174
 10
34.78170598776306
 20
62.90732804017492
 10
35.309966585912676
 20
62.480349614162115
 10
35.79531634641729
 20
62.06443196110463
 10
36.64593323358458
 20
61.25494204621901
 10
37.350856407451076
 20
60.45718444024488
 10
37.92738562620292
 20
59.64948528790908
 10
38.39282064802624
 20
58.81017073393844
 10
38.76446123110718
 20
57.91756692305981
 10
39.059607133631864
 20
56.95
 10
39.20903640239478
 20
56.240582311034714
 10
39.30309316582936
 20
55.48553982746361
 10
39.34229295751287
 20
54.694969621651055
 10
39.327151311022575
 20
53.87896876596139
 10
39.25818375993575
 20
53.047634332758975
 10
39.135905837829654
 20
52.211063394408164
 10
38.96083307828157
 20
51.37935302327331
 10
38.73348101486876
 20
50.562600291718766
 10
38.52207349552606
 20
49.954684900490456
 10
38.265645302690004
 20
49.3252933397127
 10
37.651806624468406
 20
48.06517254364219
 10
37.311436003048144
 20
47.465988725416125
 10
36.960124436065094
 20
46.90841957177397
 10
36.6063918555019
 20
46.408237791249064
 10
36.258758193341194
 20
45.98121609237475
 10
36.100839652464465
 20
45.84400777012741
 10
35.84714920014148
 20
45.669114600672486
 10
35.532676364377586
 20
45.47901419425436
 10
35.19241067317814
 20
45.29618416111742
 10
34.5296902878323
 20
44.95669455746012
 10
33.8348485422892
 20
44.58868039301023
 10
32.3589984718194
 20
43.773323787819386
 10
30.785255464185184
 20
42.86260515771825
 10
29.134014521803014
 20
41.8690153148802
 10
27.425670647089344
 20
40.8050450714786
 10
25.680618842460625
 20
39.683185239686836
 10
22.161971453123854
 20
37.31576005962627
 10
21.605709752193786
 20
36.93224307712557
 10
21.15402841719013
 20
36.62824768767692
 10
20.779638936711116
 20
36.38868420740376
 10
20.455252799354977
 20
36.19846295242955
 10
19.847336508404265
 20
35.90568838287175
 10
19.509229332006154
 20
35.77295570053506
 10
19.111971453123854
 20
35.62920650799109
 10
17.590066654209537
 20
35.13467185970297
 10
16.110637357507372
 20
34.73530830874178
 10
15.420463946341197
 20
34.57942456580589
 10
14.781244919354476
 20
34.457064242458266
 10
14.20642544608935
 20
34.37147088711774
 10
13.709450696087956
 20
34.32588804820316
 10
12.668901392175913
 20
34.26969016828138
  0
LWPOLYLINE
  5
5B
330
17
100
AcDbEntity
  8
C01_120203
100
AcDbPolyline
 90
45
 70
1
 10
66.64361639468176
 20
34.825
 10
66.65792385664953
 20
34.94915283203125
 10
66.67723350420935
 20
35.139941406249996
 10
66.70069639537606
 20
35.38782958984375
 10
66.72746358816443
 20
35.68328125
 10
66.7875151106655
 20
36.37873046875
 10
66.85059653583112
 20
37.15
 10
66.91829662378967
 20
37.992950086315375
 10
66.99092371330124
 20
38.88356913321366
 10
67.05976563643185
 20
39.71576032262312
 10
67.09004460812493
 20
40.076790215122124
 10
67.11611022524752
 20
40.38342683647202
 10
67.23051474810863
 20
41.716853672944026
 10
67.68789004791412
 20
41.25947837313852
 10
68.14526534771962
 20
40.802103073333015
 10
68.62032827405721
 20
41.27002260313573
 10
68.80997202598135
 20
41.44652125800984
 10
68.97514673926307
 20
41.581185497578986
 10
69.0981079715092
 20
41.66081815239429
 10
69.1611112803265
 20
41.67222205300684
 10
69.17027763207193
 20
41.587508497328834
 10
69.16675421285842
 20
41.37733448826559
 10
69.15204320264893
 20
41.059614121135645
 10
69.12764678140641
 20
40.652261491257526
 10
69.09506712909382
 20
40.17319069394976
 10
69.05580642567413
 20
39.64031582453089
 10
68.9632505853653
 20
38.4848102506339
 10
68.86199670018358
 20
37.32905753211482
 10
68.81186344067281
 20
36.795873731918306
 10
68.76406220983269
 20
36.31637043152186
 10
68.7200951876262
 20
35.908461726244006
 10
68.6814645540163
 20
35.59006171140327
 10
68.64967248896596
 20
35.37908448231819
 10
68.62622117243812
 20
35.293444134307286
 10
68.51990968176305
 20
35.232709756320816
 10
68.29238292193826
 20
35.12101119394396
 10
67.9840343599039
 20
34.97655251954306
 10
67.63525746260017
 20
34.81753780548448
 10
67.2864456969672
 20
34.66217112413453
 10
66.9779925299452
 20
34.528656547859576
 10
66.75029142847433
 20
34.43519814902595
 10
66.64373585949475
 20
34.4
 10
66.62640439078278
 20
34.43353515625
 10
66.62060471045052
 20
34.52484375
 10
66.62634073843711
 20
34.65998046875
  0
LWPOLYLINE
  5
5C
330
17
100
AcDbEntity
  8
C01_120203
100
AcDbPolyline
 90
32
 70
1
 10
8.47407491691278
 20
35.94560278838694
 10
8.367656765580241
 20
36.16873483744683
 10
8.28050950684313
 20
36.36316867478232
 10
8.22162622391265
 20
36.50801049176945
 10
8.200000000000001
 20
36.58236647978424
 10
8.223687808937324
 20
36.5967659961322
 10
8.29115778905962
 20
36.614963514495294
 10
8.535883582721095
 20
36.66012620045254
 10
8.891056020708351
 20
36.712601824027274
 10
9.313553742745317
 20
36.767137671590795
 10
10.18803959786408
 20
36.86137918416937
 10
10.55378501039373
 20
36.890579421927015
 10
10.814370265868796
 20
36.90082902915863
 10
10.907563690177152
 20
36.877337020026715
 10
10.92851070595367
 20
36.83219239261864
 10
10.931492729368182
 20
36.75033170295773
 10
10.915860864338017
 20
36.62091721577545
 10
10.8809662147805
 20
36.43311119580322
 10
10.826159884612958
 20
36.1760759077725
 10
10.750792977752717
 20
35.83897361641473
 10
10.701812065403889
 20
35.727490597299465
 10
10.590339057298703
 20
35.65383365452603
 10
10.378045252893703
 20
35.60330073789074
 10
10.026601951645432
 20
35.561189797189904
 10
9.740145230270754
 20
35.531021708745946
 10
9.460355080138976
 20
35.49823015148208
 10
9.219306607077263
 20
35.46677186089639
 10
9.04907491691278
 20
35.44060357248692
 10
8.87614998020199
 20
35.42432194554498
 10
8.752113096267342
 20
35.477206985805225
 10
8.632807122655413
 20
35.638040123381316
 10
8.561129120203773
 20
35.771056425573335
  0
LWPOLYLINE
  5
5D
330
17
100
AcDbEntity
  8
C01_120203
100
AcDbPolyline
 90
22
 70
1
 10
5.800000000000001
 20
37.273178623255525
 10
5.69898810831781
 20
37.31791529741662
 10
5.562715203312932
 20
37.41422384419401
 10
5.249940213761501
 20
37.69576528214432
 10
4.992782752198483
 20
37.98622039019967
 10
4.9260317571791195
 20
38.09367102460837
 10
4.922350539476648
 20
38.15400662145329
 10
4.977272607689662
 20
38.15641027878297
 10
5.106373507810991
 20
38.14375538471126
 10
5.29037149046171
 20
38.11838374899075
 10
5.509984806262896
 20
38.08263718137405
 10
5.813942636539938
 20
38.02015734488532
 10
6.005051541234859
 20
37.94441885061044
 10
6.129877078443798
 20
37.826943994660496
 10
6.234984806262896
 20
37.63925507314659
 10
6.299057111956131
 20
37.50121644335818
 10
6.351526786839726
 20
37.38117310253538
 10
6.386979269869182
 20
37.292008805502164
 10
6.4
 20
37.24660730708251
 10
6.361557471816078
 20
37.219867711856615
 10
6.24748659150954
 20
37.21543871995322
 10
6.059672415448233
 20
37.23323685065772
  0
LWPOLYLINE
  5
5E
330
17
100
AcDbEntity
  8
C01_120203
100
AcDbPolyline
 90
84
 70
1
 10
91.23900716906684
 20
40.875
 10
91.2700668677796
 20
41.15412109375
 10
91.31192637524558
 20
41.562968749999996
 10
91.35910255528411
 20
42.046582031250004
 10
91.40611227171458
 20
42.550000000000004
 10
91.45387190843933
 20
43.021068202271906
 10
91.50308995066526
 20
43.416600436180545
 10
91.54797141416857
 20
43.69508814236532
 10
91.56697499632931
 20
43.777468872761084
 10
91.58272131472546
 20
43.81502276146566
 10
91.64701753081711
 20
43.842055690051275
 10
91.80516651355008
 20
43.89428304670895
 10
92.04668745112507
 20
43.968630521446826
 10
92.36109953174275
 20
44.062023804273046
 10
92.73792194360381
 20
44.17138858519574
 10
93.16667387490894
 20
44.29365055422307
 10
94.1380430486541
 20
44.56456881662413
 10
96.6260860973082
 20
45.249092110316944
 10
97.04538937891186
 20
45.79954605515848
 10
97.24924437246985
 20
46.06737370289662
 10
97.39588039267841
 20
46.26819904521593
 10
97.48674491329984
 20
46.415461694493864
 10
97.52328540809651
 20
46.522601263107894
 10
97.50694935083072
 20
46.60305736343546
 10
97.43918421526483
 20
46.67026960785404
 10
97.32143747516113
 20
46.737677608741066
 10
97.15515660428198
 20
46.81872097847402
 10
96.978482084548
 20
46.91287339934007
 10
96.83390423346245
 20
47.005760885108806
 10
96.73633531540095
 20
47.08667981488178
 10
96.70068759473912
 20
47.14492656776051
 10
96.72707914868687
 20
47.25608938004045
 10
96.79842904763164
 20
47.48108668937119
 10
96.9038510457154
 20
47.78721017688542
 10
97.03245889708006
 20
48.14175152371587
 10
97.36354260468188
 20
49.033503047431736
 10
98.65291703095778
 20
49.4122724617657
 10
99.15568426312812
 20
49.55721420520715
 10
99.5714572408016
 20
49.67185883935259
 10
99.8570437382383
 20
49.744662620171916
 10
99.93751948632413
 20
49.761766770574894
 10
99.96925152969828
 20
49.76408180363506
 10
99.96041879108829
 20
49.721358536921585
 10
99.92463470946835
 20
49.60938162720779
 10
99.864652030991
 20
49.43575886529609
 10
99.78322350180875
 20
49.208098041988904
 10
99.68310186807413
 20
48.93400694808866
 10
99.5670398759397
 20
48.62109337439778
 10
99.29810580108145
 20
47.9092299508538
 10
99.0270444080053
 20
47.1939118187556
 10
98.9084891357318
 20
46.87694922402408
 10
98.80506857906768
 20
46.597500766487165
 10
98.7196460625877
 20
46.36335381338204
 10
98.65508491086659
 20
46.18229573194587
 10
98.61424844847912
 20
46.062113889415826
 10
98.60000000000001
 20
46.01059565302908
 10
98.63570060160842
 20
45.96578296805996
 10
98.73290520994817
 20
45.89606341208909
 10
98.87676803029099
 20
45.81097086810489
 10
99.05244326790864
 20
45.720039219095796
 10
99.50488653581729
 20
45.5002253026706
 10
99.02744326790865
 20
44.858681568045085
 10
98.84973152507584
 20
44.61816196775252
 10
98.69431654573536
 20
44.43397127471525
 10
98.51196401556442
 20
44.284687306892465
 10
98.25343962024017
 20
44.148887882243386
 10
97.86950904543981
 20
44.005150818727195
 10
97.61513071751023
 20
43.92361124050619
 10
97.31093797684053
 20
43.832053934303104
 10
96.95077653414043
 20
43.727801127362845
 10
96.52849210011952
 20
43.60817504693031
 10
96.03793038548748
 20
43.4704979202504
 10
95.47293710095394
 20
43.31209197456801
 10
93.45
 20
42.744096103988774
 10
93.35000000000001
 20
41.80297224750205
 10
93.25
 20
40.86184839101531
 10
92.35000000000001
 20
40.63339058810068
 10
91.94749417799108
 20
40.53134311945067
 10
91.649614272889
 20
40.460708500831004
 10
91.44170900026069
 20
40.424672970817575
 10
91.30912707567305
 20
40.42642276798627
 10
91.23721721469293
 20
40.46914413091297
 10
91.21132813288727
 20
40.55602329817357
 10
91.21680854582294
 20
40.690246508343954
  0
LWPOLYLINE
  5
5F
330
17
100
AcDbEntity
  8
C01_120203
100
AcDbPolyline
 90
71
 70
1
 10
108.4573524105661
 20
41.11908977589924
 10
108.44579274404028
 20
41.224986487908545
 10
108.42854734085927
 20
41.477654136350864
 10
108.40645566054177
 20
41.86055969101016
 10
108.38035716260644
 20
42.3571701216704
 10
108.35109130657197
 20
42.95095239811555
 10
108.31949755195701
 20
43.62537349012955
 10
108.28641535828027
 20
44.363900367496385
 10
108.25268418506039
 20
45.150000000000006
 10
108.21681342096254
 20
45.98635760273786
 10
108.1775990984058
 20
46.868925265608546
 10
108.09421747851437
 20
48.66615989969121
 10
108.05258903147899
 20
49.52756143487458
 10
108.01269472658336
 20
50.328642158133555
 10
107.97580398897716
 20
51.04276935145384
 10
107.94318624381006
 20
51.643310296821134
 10
107.90454529337323
 20
52.35416291318265
 10
107.87643747591495
 20
52.931582371507105
 10
107.85876883821109
 20
53.38847538994976
 10
107.85144542703752
 20
53.737748686665846
 10
107.85437328917007
 20
53.99230897981061
 10
107.86745847138462
 20
54.1650629875393
 10
107.89060702045704
 20
54.26891742800716
 10
107.92372498316318
 20
54.31677901936943
 10
108.08078805180347
 20
54.3594112463431
 10
108.3669891617577
 20
54.38567376367652
 10
108.74636905834022
 20
54.396432229564866
 10
109.18296848686535
 20
54.392552302203306
 10
110.08398892100087
 20
54.34433990051118
 10
110.47649141723993
 20
54.30173874257097
 10
110.78237642667897
 20
54.247961824161564
 10
111.33666251260443
 20
54.08700274452307
 10
111.87887084526778
 20
53.87283438211311
 10
112.37723786196698
 20
53.619720526703695
 10
112.80000000000001
 20
53.34192496806685
 10
112.97329776908762
 20
53.205634982077434
 10
113.04405879272322
 20
53.134740596984216
 10
113.01779041999721
 20
53.118449954528565
 10
112.9
 20
53.145971196451825
 10
112.80104918851653
 20
53.166549741826294
 10
112.65714221202269
 20
53.18611272004735
 10
112.26217484899313
 20
53.221368267170355
 10
111.77052808088969
 20
53.2500904221031
 10
111.23763207769082
 20
53.27063176912783
 10
110.71891700937488
 20
53.2813448925268
 10
110.26981304592027
 20
53.28058237658227
 10
109.94575035730543
 20
53.26669680557648
 10
109.84793141918115
 20
53.25431805701382
 10
109.80215911350872
 20
53.23804076379169
 10
109.7881347896229
 20
53.1693298408308
 10
109.78052962535101
 20
53.006590560975695
 10
109.7791183380628
 20
52.76043793517162
 10
109.78367564512797
 20
52.44148697436381
 10
109.79397626391629
 20
52.060352689497506
 10
109.80979491179745
 20
51.62765009151794
 10
109.85708516431728
 20
50.650000000000006
 10
109.88789299755463
 20
50.0855517578125
 10
109.9222711673132
 20
49.4386328125
 10
109.99711648725915
 20
47.9884375
 10
110.07237706588526
 20
46.4815234375
 10
110.10727430899408
 20
45.7637060546875
 10
110.13880884492174
 20
45.1
 10
110.28168406064306
 20
42.050000000000004
 10
110.06584203032153
 20
41.87714841234145
 10
109.92870420925247
 20
41.78178031753913
 10
109.71486663296427
 20
41.649892254102696
 10
109.45358861931246
 20
41.498904713760446
 10
109.17412948615257
 20
41.34623818824068
 10
108.86010732654655
 20
41.18820242765771
 10
108.64355760681842
 20
41.10007016782557
 10
108.51309955786074
 20
41.078234815115636
  0
LWPOLYLINE
  5
60
330
17
100
AcDbEntity
  8
C01_120203
100
AcDbPolyline
 90
138
 70
1
 10
175.10000000000002
 20
46.03757726572583
 10
175.1084625961276
 20
46.08343570616197
 10
175.13271663957457
 20
46.188238192697725
 10
175.1710615129373
 20
46.34525611715333
 10
175.22179659881218
 20
46.54776087134901
 10
175.35363493848385
 20
47.0623164362415
 10
175.51462671936056
 20
47.678076021937024
 10
175.67940480186397
 20
48.30420587904429
 10
175.82155237863802
 20
48.846997331444
 10
175.8793961520967
 20
49.06897201352534
 10
175.92589000878715
 20
49.24830912360597
 10
175.95913651859752
 20
49.377741004744614
 10
175.9772382514158
 20
49.45
 10
176.00723242687312
 20
49.508544921875
 10
176.07456301869672
 20
49.598671875
 10
176.30408425557238
 20
49.855625
 10
176.63150357030165
 20
50.184765625000004
 10
177.02252257114353
 20
50.550000000000004
 10
177.3198402730677
 20
50.82302636195101
 10
177.68108307064065
 20
51.16261203599656
 10
178.09708039151545
 20
51.55963998777494
 10
178.55866166334513
 20
52.00499318292443
 10
179.05665631378275
 20
52.48955458708332
 10
179.5818937704814
 20
53.00420716588988
 10
180.677414813274
 20
54.08731770999917
 10
181.77186021294742
 20
55.18138854035857
 10
182.79186539072617
 20
56.21348338207433
 10
183.25102646553768
 20
56.68349722128655
 10
183.66406576783473
 20
57.11066596025272
 10
184.02181272527034
 20
57.48587256461111
 10
184.3150967654976
 20
57.800000000000004
 10
185.38116702168378
 20
58.97659079351844
 10
186.3993909043151
 20
60.13600254423488
 10
187.3705043693294
 20
61.27932556869218
 10
188.2952433726644
 20
62.40765018343319
 10
189.17434387025787
 20
63.52206670500078
 10
190.00854181804758
 20
64.62366544993779
 10
190.79857317197133
 20
65.7135367347871
 10
191.54517388796683
 20
66.79277087609152
 10
192.24907992197188
 20
67.86245819039397
 10
192.91102722992426
 20
68.92368899423724
 10
193.5317517677617
 20
69.97755360416423
 10
194.11198949142198
 20
71.02514233671778
 10
195.1539483199622
 20
73.10585343587597
 10
196.042791363047
 20
75.17454482405468
 10
196.77395982582757
 20
77.2361281602216
 10
197.35073484528863
 20
79.31185324909339
 10
197.77176339679804
 20
81.38674906809231
 10
198.03569245572365
 20
83.44584459464066
 10
198.10832185527002
 20
84.46478880369034
 10
198.1411689974334
 20
85.4741688061607
 10
198.13406475413476
 20
86.47211322422959
 10
198.0868399972951
 20
87.45675068007473
 10
197.9993255988354
 20
88.42620979587394
 10
197.87135243067667
 20
89.37861919380501
 10
197.70275136473984
 20
90.31210749604571
 10
197.49335327294594
 20
91.22480332477383
 10
197.1541542333052
 20
92.3650521701894
 10
196.72680457565593
 20
93.48341762484925
 10
196.21989611640066
 20
94.565790725073
 10
195.64202067194196
 20
95.59806250718025
 10
195.00177005868244
 20
96.5661240074906
 10
194.30773609302463
 20
97.45586626232367
 10
193.5685105913711
 20
98.25318030799906
 10
192.79268537012447
 20
98.94395718083638
 10
192.44374511537683
 20
99.22477876293593
 10
192.18401968750285
 20
99.43858997555924
 10
192.01084518499172
 20
99.5887515426198
 10
191.9215577063326
 20
99.6786241880311
 10
191.91349335001468
 20
99.71156863570658
 10
191.98398821452716
 20
99.69094560955973
 10
192.13037839835923
 20
99.62011583350404
 10
192.35000000000002
 20
99.50244003145298
 10
193.01498430321985
 20
99.10784541487956
 10
193.67758877877077
 20
98.65671159439326
 10
194.32816686212655
 20
98.15774240232791
 10
194.95707198876096
 20
97.61964167101738
 10
195.55465759414776
 20
97.05111323279547
 10
196.11127711376065
 20
96.46086091999605
 10
196.61728398307343
 20
95.85758856495295
 10
197.06303163755985
 20
95.25
 10
197.54241387824013
 20
94.49800474619049
 10
197.9796865611071
 20
93.71526205513638
 10
198.3746946386909
 20
92.90270338492746
 10
198.72728306352164
 20
92.06126019365361
 10
199.03729678812948
 20
91.19186393940463
 10
199.30458076504456
 20
90.29544608027037
 10
199.52897994679702
 20
89.37293807434065
 10
199.71033928591703
 20
88.42527137970531
 10
199.8485037349347
 20
87.45337745445417
 10
199.94331824638016
 20
86.45818775667709
 10
199.99462777278356
 20
85.44063374446387
 10
200.00227726667507
 20
84.40164687590436
 10
199.9661116805848
 20
83.34215860908839
 10
199.88597596704287
 20
82.26310040210578
 10
199.76171507857947
 20
81.16540371304637
 10
199.59317396772474
 20
80.05000000000001
 10
199.38868728730802
 20
78.96439853589443
 10
199.14572854729695
 20
77.8967619293917
 10
198.8612292066624
 20
76.8378365322769
 10
198.53212072437503
 20
75.7783686963351
 10
198.15533455940567
 20
74.70910477335143
 10
197.72780217072508
 20
73.62079111511095
 10
197.246455017304
 20
72.50417407339879
 10
196.7082245581132
 20
71.35000000000001
 10
195.86482385096102
 20
69.69635543979774
 10
194.9266996362521
 20
68.03567764429597
 10
193.88893931708182
 20
66.36094951606219
 10
192.74663029654562
 20
64.66515395766389
 10
191.4948599777389
 20
62.94127387166857
 10
190.1287157637571
 20
61.18229216064372
 10
188.64328505769566
 20
59.38119172715683
 10
187.03365526264994
 20
57.53095547377541
 10
186.69922010546725
 20
57.16463315396401
 10
186.27474748745126
 20
56.71394419819247
 10
185.77206050517395
 20
56.19058706867166
 10
185.2029822552073
 20
55.60626022761243
 10
184.57933583412333
 20
54.97266213722565
 10
183.91294433849404
 20
54.30149125972217
 10
182.49921850988738
 20
52.89322499220858
 10
181.05638954196328
 20
51.47504912275855
 10
180.35361912218718
 20
50.791491242834525
 10
179.67904220729767
 20
50.14055134905898
 10
179.0444818938668
 20
49.53392790364276
 10
178.46176127846653
 20
48.98331936879675
 10
177.94270345766884
 20
48.50042420673179
 10
177.49913152804575
 20
48.09694087965876
 10
177.08596307945015
 20
47.72700595340583
 10
176.72315393337092
 20
47.402335703424505
 10
176.40743346007145
 20
47.12012269052464
 10
176.1355310298152
 20
46.877559475516094
 10
175.9041760128656
 20
46.671838619208735
 10
175.71009777948606
 20
46.50015268241242
 10
175.55002569994005
 20
46.359694225937005
 10
175.42068914449098
 20
46.24765581059235
 10
175.24114008693738
 20
46.097609346534774
 10
175.1452855689327
 20
46.02755377671858
 10
175.10696055258444
 20
46.015029587622635
  0
LWPOLYLINE
  5
61
330
17
100
AcDbEntity
  8
C01_120203
100
AcDbPolyline
 90
52
 70
1
 10
67.46609717749088
 20
47.616560765357235
 10
68.14372193935021
 20
48.93312153071447
 10
68.95875232499202
 20
49.30966666806012
 10
69.47786678427501
 20
49.5406874046751
 10
70.10353094718204
 20
49.805185399974256
 10
71.5177184052447
 20
50.37341302056843
 10
72.22784671108859
 20
50.64654257283508
 10
72.88773474193302
 20
50.89194923772922
 10
73.45818500312211
 20
51.09433297873665
 10
73.69762175301595
 20
51.17460999137218
 10
73.9
 20
51.23839375934322
 10
74.88862730238728
 20
51.50829863584705
 10
75.76237073003844
 20
51.68897433204292
 10
76.51601117712339
 20
51.780798107998116
 10
77.14432953781196
 20
51.78414722377994
 10
77.64210670627403
 20
51.69939893945569
 10
77.84041137284822
 20
51.624106166024816
 10
78.00412357667949
 20
51.52693051509266
 10
78.13259092953906
 20
51.40791914416763
 10
78.2251610431982
 20
51.26711921075814
 10
78.2811815294281
 20
51.104577872372595
 10
78.30000000000001
 20
50.92034228651942
 10
78.27803651315679
 20
50.8205579638023
 10
78.19599566370792
 20
50.75209160967348
 10
78.02965186827456
 20
50.70352910299624
 10
77.75477954347788
 20
50.66345632263388
 10
77.4128545082611
 20
50.60658049912518
 10
76.98176680423828
 20
50.50753591367035
 10
76.474501707567
 20
50.37038231653494
 10
75.90404449440487
 20
50.199179457984485
 10
75.28338044090951
 20
49.997987088284525
 10
74.62549482323851
 20
49.770864957700596
 10
73.25
 20
49.25507041494302
 10
72.93153260049334
 20
49.12674991758317
 10
72.57432594825315
 20
48.97832922921445
 10
71.77102618363628
 20
48.63371150009879
 10
70.00019990030538
 20
47.841040176893195
 10
69.14199857384783
 20
47.443083465396754
 10
68.37482191903318
 20
47.07744397570023
 10
68.04244990478203
 20
46.91457082693216
 10
67.75333253198968
 20
46.769170149100354
 10
67.51430262517219
 20
46.6443729973669
 10
67.33219300884556
 20
46.543310426893896
 10
67.16499870298011
 20
46.4488375502015
 10
67.01862326104023
 20
46.37147243790008
 10
66.90884174495696
 20
46.3191987133721
 10
66.85142921666134
 20
46.300000000000004
 10
66.8526129505979
 20
46.32687121093357
 10
66.88045310012696
 20
46.403884872891474
 10
66.93242856619044
 20
46.52564102960957
 10
67.00601824973023
 20
46.68673972482369
 10
67.20795587300644
 20
47.10536490568337
  0
LWPOLYLINE
  5
62
330
17
100
AcDbEntity
  8
C01_120203
100
AcDbPolyline
 90
263
 70
1
 10
44.56479830476882
 20
48.325
 10
44.54024474745125
 20
48.58605468750001
 10
44.52000693017916
 20
48.90875000000001
 10
44.506182526390326
 20
49.25207031250001
 10
44.50086920952252
 20
49.575
 10
44.5
 20
50.300000000000004
 10
45.425000000000004
 20
50.302196200049096
 10
45.879239356133425
 20
50.312924756755464
 10
46.23477476311322
 20
50.34521659902905
 10
46.518693164486066
 20
50.402882282682576
 10
46.75808150379862
 20
50.489732363528766
 10
47.129586962131484
 20
50.71216783813895
 10
47.49408106485874
 20
51.02141158990668
 10
47.80156928258101
 20
51.3686241987723
 10
48.00205708589894
 20
51.70496624467619
 10
48.10847386198364
 20
51.89870125923293
 10
48.24543266556551
 20
51.982561242276965
 10
48.45154547247859
 20
51.96388216535157
 10
48.765424258556905
 20
51.85
 10
48.93539596141176
 20
51.78219382544542
 10
49.07221669063915
 20
51.73690804189637
 10
49.26805018393821
 20
51.71831753697784
 10
49.39621464990739
 20
51.803068263570395
 10
49.5
 20
52.0
 10
49.62426406871194
 20
52.300000000000004
 10
50.51213203435597
 20
52.300000000000004
 10
51.400000000000006
 20
52.300000000000004
 10
51.40102870982976
 20
54.575
 10
51.412383669693114
 20
55.97071637391302
 10
51.44444752463836
 20
57.4436663266966
 10
51.56601751993618
 20
60.52817616889833
 10
51.756369896046394
 20
63.64234792665089
 10
51.87441172700715
 20
65.15237527387302
 10
52.0061358532922
 20
66.60000000000001
 10
52.19415173026329
 20
68.30859160164704
 10
52.40822655175428
 20
69.87586076888095
 10
52.64594941445444
 20
71.29132571410776
 10
52.77292545397337
 20
71.93885604484534
 10
52.904909415053076
 20
72.5445046497334
 10
53.04159993477971
 20
73.10696130532264
 10
53.18269565023945
 20
73.62491578816386
 10
53.327895198518455
 20
74.09705787480777
 10
53.47689721670287
 20
74.52207734180513
 10
53.62940034187887
 20
74.89866396570667
 10
53.785103211132615
 20
75.22550752306316
 10
53.943704461550254
 20
75.50129779042534
 10
54.104902730217965
 20
75.72472454434396
 10
54.40563743066403
 20
76.01990575377701
 10
54.61058950030311
 20
76.17722452170258
 10
54.857325780184254
 20
76.34359863523542
 10
55.14989206828098
 20
76.52095552197646
 10
55.492334162566806
 20
76.71122260952664
 10
55.88869786101525
 20
76.91632732548688
 10
56.34302896159984
 20
77.13819709745812
 10
56.85937326229409
 20
77.37875935304127
 10
57.44177656107152
 20
77.6399415198373
 10
58.094284655905646
 20
77.92367102544712
 10
58.82094334477
 20
78.23187529747165
 10
59.62579842563809
 20
78.56648176351185
 10
60.51289569648344
 20
78.92941785116862
 10
61.486280955279575
 20
79.32261098804292
 10
62.550000000000004
 20
79.74798860173567
 10
64.36329287029007
 20
80.45874159757223
 10
66.29663230182048
 20
81.19540317375389
 10
68.33239637803145
 20
81.95209598137937
 10
70.45296318236319
 20
82.7229426715474
 10
72.6407107982559
 20
83.50206589535674
 10
74.8780173091498
 20
84.28358830390609
 10
79.43081934970198
 20
85.83032127961977
 10
83.97039397154143
 20
87.31612280747828
 10
86.19116620904438
 20
88.0214809062087
 10
88.35576584218978
 20
88.69397409627149
 10
90.44657095441784
 20
89.32772502876543
 10
92.44595962916875
 20
89.91685635478923
 10
94.33630994988275
 20
90.45549072544163
 10
96.10000000000001
 20
90.93775079182136
 10
97.06279204736353
 20
91.18968248185479
 10
98.10265183792421
 20
91.45340066314222
 10
99.16078233578517
 20
91.71491915591221
 10
100.17838650504956
 20
91.9602517803933
 10
101.0966673098205
 20
92.17541235681408
 10
101.50018737680317
 20
92.26730744582326
 10
101.85682771420113
 20
92.34641470540308
 10
102.15923869252731
 20
92.41098586308209
 10
102.40007068229458
 20
92.45927264638887
 10
102.57197405401584
 20
92.48952678285198
 10
102.66759917820399
 20
92.5
 10
102.90239516628172
 20
92.44016088084445
 10
103.1372485603202
 20
92.28431081640178
 10
103.33125522181265
 20
92.06795074620796
 10
103.44351101225232
 20
91.82658160979895
 10
103.47291072012572
 20
91.70640227712548
 10
103.50418002641781
 20
91.58363948461465
 10
103.53358254319745
 20
91.47268629840472
 10
103.55738188253356
 20
91.3879357846339
 10
103.54072394568473
 20
91.29768754848119
 10
103.40618834588338
 20
91.21454303003809
 10
103.28254055917868
 20
91.17062568610592
 10
103.1148123208997
 20
91.12247349697911
 10
102.89813328576768
 20
91.06808287111696
 10
102.62763310850391
 20
91.00545021697877
 10
102.35164762957886
 20
90.94005821921886
 10
101.94030212809264
 20
90.83823741792811
 10
101.41360252109182
 20
90.7051348893613
 10
100.79155472562303
 20
90.54589770977316
 10
100.09416465873285
 20
90.36567295541838
 10
99.3414382374679
 20
90.16960770255172
 10
97.75
 20
89.75054400630167
 10
96.9145263671875
 20
89.52919379275272
 10
96.0344921875
 20
89.29651133647484
 10
94.24656250000001
 20
88.82500877743543
 10
93.3915771484375
 20
88.60011821552553
 10
92.59785156250001
 20
88.39175449258987
 10
91.89184082031251
 20
88.20688237905428
 10
91.30000000000001
 20
88.05246664534455
 10
90.28765359792379
 20
87.77993174316242
 10
89.8437552768155
 20
87.65369995087757
 10
89.45437015766915
 20
87.5381157877598
 10
89.12924570199125
 20
87.43614714628133
 10
88.87812937128834
 20
87.35076191891434
 10
88.71076862706695
 20
87.28492799813107
 10
88.63691093083362
 20
87.2416132764037
 10
88.59728168883994
 20
87.21315932419085
 10
88.51368869311555
 20
87.17000380228816
 10
88.23891494907198
 20
87.04871546599738
 10
87.8611967158976
 20
86.89600310069967
 10
87.42914101078716
 20
86.73012153956341
 10
86.99135485093537
 20
86.56932561575698
 10
86.59644525353693
 20
86.43187016244869
 10
86.29301923578656
 20
86.33601001280691
 10
86.19080226215276
 20
86.30938281222608
 10
86.129683814879
 20
86.30000000000001
 10
86.11815814613301
 20
86.31670154435623
 10
86.1087196206207
 20
86.36217604631625
 10
86.1023422385178
 20
86.42947830921709
 10
86.10000000000001
 20
86.51166313639574
 10
86.09055285433233
 20
86.60697968675876
 10
86.06022427821952
 20
86.66387540799587
 10
86.00603356299695
 20
86.68510553367754
 10
85.92500000000001
 20
86.67342529737428
 10
85.8420641709762
 20
86.64853827197648
 10
85.71042313173493
 20
86.60738811355442
 10
85.53341594090452
 20
86.55107858295483
 10
85.31438165711333
 20
86.48071344102445
 10
84.76358804516208
 20
86.30223136655817
 10
84.08475476490797
 20
86.08077197692934
 10
83.30459428537783
 20
85.82516535891173
 10
82.44981907559848
 20
85.54424159927915
 10
80.62327434139948
 20
84.94176300226408
 10
78.81882031452555
 20
84.34397688007435
 10
77.99165848890254
 20
84.06891871397342
 10
77.25015674719127
 20
83.82152392690016
 10
76.62102755841855
 20
83.61062260562834
 10
76.35695031795504
 20
83.52161639678476
 10
76.13098339161122
 20
83.44504483693173
 10
75.94646583801546
 20
83.38201168691593
 10
75.80673671579609
 20
83.3336207075841
 10
75.71513508358149
 20
83.30097565978296
 10
75.675
 20
83.28518030435924
 10
75.60705078125
 20
83.23176249929938
 10
75.55140625
 20
83.15448784144176
 10
75.51380859375
 20
83.06370585989903
 10
75.5
 20
82.9697660837838
 10
75.46962930154812
 20
82.84429138985625
 10
75.35026147079502
 20
82.73468888642985
 10
75.09951290464439
 20
82.61466283030303
 10
74.91162596982743
 20
82.54252355022646
 10
74.675
 20
82.45791747827421
 10
74.45346135162302
 20
82.37987706325663
 10
74.1388911793608
 20
82.26830080463533
 10
73.74588939251633
 20
82.12840310294428
 10
73.28905590039267
 20
81.96539835871745
 10
72.24229343751985
 20
81.59092534479245
 10
71.11540306516653
 20
81.18659696713215
 10
68.38080613033306
 20
80.20392789698106
 10
67.69903223489054
 20
80.32083914691589
 10
67.3366602891878
 20
80.3717005132636
 10
67.01774455347712
 20
80.38744923692525
 10
66.69917075346463
 20
80.36782308201279
 10
66.33782461485653
 20
80.3125598126382
 10
65.91860044763715
 20
80.22097850827346
 10
65.42748451801124
 20
80.08793761389867
 10
64.86856500580525
 20
79.91487953463734
 10
64.24593009084565
 20
79.70324667561296
 10
63.56366795295886
 20
79.45448144194903
 10
62.825866771971356
 20
79.17002623876904
 10
62.03661472770958
 20
78.85132347119652
 10
61.2
 20
78.49981554435495
 10
60.85231296488122
 20
78.3495043745623
 10
60.45721224393713
 20
78.17596267094238
 10
59.562340638101375
 20
77.77652513306887
 10
57.61691302533818
 20
76.88959583072412
 10
56.716640592524215
 20
76.47145394964542
 10
56.31748925134647
 20
76.28388398862162
 10
55.96485145816434
 20
76.1164271708909
 10
55.668119936359915
 20
75.97341786416528
 10
55.43668740931529
 20
75.85919043615682
 10
55.27994660041255
 20
75.77807925457753
 10
55.2072902330338
 20
75.73441868713945
 10
55.21057242496394
 20
75.6986276120805
 10
55.251081541368904
 20
75.62816227088753
 10
55.321958056549846
 20
75.53320969096087
 10
55.41634244480794
 20
75.42395689970084
 10
55.523559056301146
 20
75.29349513930934
 10
55.629374793161865
 20
75.1407953662029
 10
55.72159395765289
 20
74.98486417910384
 10
55.78802085203702
 20
74.8447081767345
 10
55.84221141738946
 20
74.66241335388398
 10
55.83754627776417
 20
74.48271815843633
 10
55.762729999028764
 20
74.24651797213777
 10
55.695485359328394
 20
74.08875831421508
 10
55.60646714705086
 20
73.89470817673451
 10
55.387320768733396
 20
73.36226347893903
 10
55.175088336871916
 20
72.71880533049831
 10
54.97080260359713
 20
71.9692127675498
 10
54.775496321039746
 20
71.1183648262309
 10
54.59020224133049
 20
70.17114054267904
 10
54.415953116600065
 20
69.13241895303166
 10
54.253781698979196
 20
68.00707909342617
 10
54.1047207405986
 20
66.8
 10
53.85657562056035
 20
64.33828046535197
 10
53.756876049098366
 20
63.04991652013402
 10
53.71130871222948
 20
62.35900477632386
 10
53.66790651335356
 20
61.624614622483286
 10
53.62615208153425
 20
60.83750213669011
 10
53.58552804583524
 20
59.98842339702214
 10
53.545517035320174
 20
59.06813448155715
 10
53.50560167905273
 20
58.06739146837296
 10
53.46526460609656
 20
56.97695043554735
 10
53.42398844551534
 20
55.78756746115812
 10
53.38125582637273
 20
54.48999862328307
 10
53.33654937773239
 20
53.075
 10
53.27831622859518
 20
51.2
 10
52.414158114297585
 20
51.199367737093546
 10
52.13096707650609
 20
51.19845215492767
 10
51.91526019132712
 20
51.19389219347064
 10
51.755266464215765
 20
51.18226376388955
 10
51.639214900627096
 20
51.1601427773515
 10
51.49185428583809
 20
51.070726778072924
 10
51.37901039060068
 20
50.898251484971674
 10
51.208020781201384
 20
50.597767495756266
 10
50.704897466128685
 20
50.788939308716365
 10
50.20177415105599
 20
50.98011112167648
 10
49.825887075528
 20
50.41769040579592
 10
49.63451541760502
 20
50.16102870160095
 10
49.41916352096011
 20
49.92437486946372
 10
49.19024910719747
 20
49.71811491528303
 10
48.95818989792132
 20
49.55263484495768
 10
48.66402210315551
 20
49.387579264689094
 10
48.389123101502406
 20
49.29406698586665
 10
48.02876325191927
 20
49.24930131741948
 10
47.78380749632809
 20
49.23807449612698
 10
47.478212913363365
 20
49.23048556827671
 10
46.4900460308841
 20
49.21097113655342
 10
45.920023015442055
 20
48.6893208638031
 10
45.52413566833994
 20
48.34589366892074
 10
45.15929617166598
 20
48.06326231332084
 10
44.86704661683111
 20
47.871423468522245
 10
44.76112497116927
 20
47.818925197523065
 10
44.6889290952463
 20
47.800373806043766
 10
44.66024058890201
 20
47.841654445415834
 10
44.62727392733264
 20
47.95432855552535
 10
44.59410215210073
 20
48.12118183938314
  0
LWPOLYLINE
  5
63
330
17
100
AcDbEntity
  8
C01_120203
100
AcDbPolyline
 90
30
 70
1
 10
98.85000000000001
 20
51.50056118829212
 10
98.53704022681285
 20
51.70209227080387
 10
98.27630817110521
 20
51.88033395921379
 10
98.09502472865792
 20
52.01595732082279
 10
98.02041079525176
 20
52.08963342293173
 10
98.05307810421148
 20
52.12408570868748
 10
98.16633278021577
 20
52.16834118450298
 10
98.35368918854716
 20
52.2209828122456
 10
98.60866169448822
 20
52.28059355378273
 10
98.92476466332148
 20
52.345756370981746
 10
99.2955124603295
 20
52.41505422571002
 10
99.71441945079484
 20
52.48707007983495
 10
100.17500000000001
 20
52.56038689522391
 10
100.60000000000001
 20
52.62556164434408
 10
100.60000000000001
 20
52.225280822172046
 10
100.60470402644232
 20
52.04633915197652
 10
100.61751201923077
 20
51.85502239535919
 10
100.6364678485577
 20
51.674245415836054
 10
100.65961538461539
 20
51.526923076923076
 10
100.68293147971684
 20
51.365033453186726
 10
100.66154918649706
 20
51.26731842151573
 10
100.57961657845871
 20
51.20998903477287
 10
100.42128172910448
 20
51.1692563458209
 10
100.2869192496231
 20
51.141768016596586
 10
100.14133448082161
 20
51.11097428892332
 10
100.00206949000771
 20
51.080639665369354
 10
99.8866663444891
 20
51.054528648502924
 10
99.7338741295754
 20
51.05617927043084
 10
99.5216734737997
 20
51.1261169245919
 10
99.23280266724643
 20
51.27176857565577
  0
LWPOLYLINE
  5
64
330
17
100
AcDbEntity
  8
C01_120203
100
AcDbPolyline
 90
83
 70
1
 10
59.20027049280807
 20
54.60991223373276
 10
59.20534912657984
 20
54.81098204089738
 10
59.219377046941425
 20
55.092390454948834
 10
59.24020754761223
 20
55.41682735396783
 10
59.26569392231168
 20
55.746982616035076
 10
59.33138784462335
 20
56.52414076460464
 10
59.81569392231168
 20
56.466781873846095
 10
60.300000000000004
 20
56.409422983087566
 10
60.300000000000004
 20
56.9126570181257
 10
60.30071168686532
 20
57.07638713977935
 10
60.304895426395376
 20
57.199339155036604
 10
60.33597113705432
 20
57.342981868051936
 10
60.41781127918611
 20
57.38373116055169
 10
60.575
 20
57.36173303591588
 10
60.71779511328054
 20
57.33578373656691
 10
60.903304703895856
 20
57.30516507955507
 10
61.10752764800653
 20
57.2737003800887
 10
61.306462821773124
 20
57.24521295337613
 10
61.76292564354624
 20
57.18285088808432
 10
61.92341829877903
 20
57.59142544404216
 10
62.08391095401183
 20
58.0
 10
62.83233245531457
 20
58.0
 10
63.580753956617315
 20
58.0
 10
63.63889889723555
 20
59.025000000000006
 10
63.65183998849798
 20
59.26889220375471
 10
63.66635054651813
 20
59.56986383377417
 10
63.69811249625871
 20
60.295690485139474
 10
63.73024961331165
 20
61.10777017916012
 10
63.7588267645313
 20
61.91139314090033
 10
63.82060969120878
 20
63.772786281800656
 10
64.34093009174713
 20
63.88922888495107
 10
64.77169452905291
 20
64.00683240340636
 10
65.2060417094396
 20
64.16673939803606
 10
66.07104529266881
 20
64.6048107283208
 10
66.90706282786081
 20
65.18613670080963
 10
67.68521630144168
 20
65.8934111405069
 10
68.32043260288337
 20
66.55
 10
69.00974981777222
 20
65.8
 10
69.27541368990784
 20
65.49725861767665
 10
69.48919010852822
 20
65.22738727966755
 10
69.62928633037856
 20
65.01979019941408
 10
69.67390961220406
 20
64.90387159035762
 10
69.63482967052227
 20
64.81070768321683
 10
69.54930181347375
 20
64.69844698803135
 10
69.25848889945904
 20
64.42858564742143
 10
68.84064396252512
 20
64.11818839631813
 10
68.33494009503713
 20
63.7911560625117
 10
67.21664793785958
 20
63.18278945795058
 10
66.68240583290032
 20
62.94925684277641
 10
66.21699716684762
 20
62.79469245606018
 10
65.7
 20
62.66219006316377
 10
65.7
 20
61.5971257345703
 10
65.69865740490381
 20
61.34611130675376
 10
65.6948094888147
 20
61.040285053075934
 10
65.68067690885474
 20
60.311465033498315
 10
65.65976069051396
 20
59.505201606561215
 10
65.6342192641863
 20
58.71603070298842
 10
65.56843852837261
 20
56.900000000000006
 10
64.74938826093187
 20
56.900000000000006
 10
63.93033799349112
 20
56.900000000000006
 10
63.7697013919689
 20
56.491058992436024
 10
63.67525816889208
 20
56.2731450499058
 10
63.589827924774845
 20
56.15695336865976
 10
63.48429216506825
 20
56.11897629893343
 10
63.32953239522334
 20
56.13570619096238
 10
63.187460051140526
 20
56.16157473742195
 10
63.00726889109686
 20
56.1923947457305
 10
62.81207638431059
 20
56.22430317431956
 10
62.625
 20
56.253436981620645
 10
62.2
 20
56.31757956618859
 10
62.2
 20
55.84704101449714
 10
62.2
 20
55.37650246280569
 10
61.45052832837371
 20
55.44673370432625
 10
61.224642496494354
 20
55.46623901155068
 10
61.040681449815224
 20
55.47716471140678
 10
60.763404617016846
 20
55.4686066770394
 10
60.54843963989689
 20
55.41171837727497
 10
60.32552832837371
 20
55.29715858816435
 10
60.15014921944549
 20
55.179170269877226
 10
59.95023465372215
 20
55.020402989199084
 10
59.75040246643318
 20
54.84164288977272
 10
59.57527049280807
 20
54.663676115240946
 10
59.200540985616136
 20
54.25
  0
LWPOLYLINE
  5
65
330
17
100
AcDbEntity
  8
C01_120203
100
AcDbPolyline
 90
120
 70
1
 10
74.57742426911844
 20
60.93174817326242
 10
74.01420694312957
 20
61.56929846400904
 10
74.48210347156478
 20
61.71459341784702
 10
74.95
 20
61.859888371685
 10
75.03315291649857
 20
62.45476376900772
 10
75.06794317404147
 20
62.68824627105815
 10
75.10119977004373
 20
62.88421462463497
 10
75.12915317373259
 20
63.022108405063385
 10
75.14803385433525
 20
63.08136718766858
 10
75.20904168528543
 20
63.06910873958013
 10
75.35169772605909
 20
63.01227738693177
 10
75.55471422494688
 20
62.92005254355497
 10
75.79680343023942
 20
62.801613623281185
 10
76.0017659097089
 20
62.699524200267064
 10
76.16992970598493
 20
62.62351961841144
 10
76.47448856008695
 20
62.53862389847808
 10
76.65019727347808
 20
62.52416222055151
 10
76.86773461480604
 20
62.5246443040858
 10
77.1467574118534
 20
62.53728487915654
 10
77.50692249240274
 20
62.55929867583931
 10
77.9313439933995
 20
62.589084118177276
 10
78.27890848214331
 20
62.61905285592071
 10
78.51374935291616
 20
62.64571722003994
 10
78.57769011727659
 20
62.65672036541871
 10
78.60000000000001
 20
62.665589541505305
 10
78.59043541787594
 20
62.69531951329805
 10
78.56439323882523
 20
62.74882401444727
 10
78.52585081383019
 20
62.81851615499508
 10
78.4787854938731
 20
62.8968090449836
 10
78.43536678729009
 20
62.975651869430145
 10
78.40675326009575
 20
63.046841356274584
 10
78.3954058497901
 20
63.10256192994281
 10
78.4037854938731
 20
63.134998014860734
 10
78.47531998987925
 20
63.16302763115765
 10
78.6623937825802
 20
63.22623874854104
 10
78.95230755466561
 20
63.32059774277701
 10
79.33236198882523
 20
63.442070989631624
 10
79.78985776774876
 20
63.58662486487097
 10
80.31209557412593
 20
63.75022574426114
 10
80.88637609064644
 20
63.928840003568205
 10
81.5
 20
64.11843401855826
 10
84.55000000000001
 20
65.05777632847462
 10
84.77420741240411
 20
66.75388816423731
 10
84.86555615830562
 20
67.44467056850073
 10
84.94853654636796
 20
68.07169246191464
 10
84.98403169945529
 20
68.33971522258173
 10
85.01400647497785
 20
68.5659042621709
 10
85.03731811023398
 20
68.74162838289365
 10
85.05282384252206
 20
68.85825638696143
 10
85.1072328602359
 20
69.26651277392287
 10
86.015224052229
 20
69.53831543151718
 10
86.37120378664152
 20
69.64042752776476
 10
86.66923878259456
 20
69.71753010742266
 10
86.87811182925282
 20
69.76212839563662
 10
86.966605715781
 20
69.76672761755235
 10
86.98022153678185
 20
69.68384496654862
 10
86.97961939820095
 20
69.48846330295655
 10
86.96641629806135
 20
69.19669066050623
 10
86.94222923438606
 20
68.8246350729278
 10
86.90867520519811
 20
68.38840457395139
 10
86.86737120852052
 20
67.90410719730707
 10
86.76798130478856
 20
66.85574394593526
 10
86.65699550737443
 20
65.80840958865329
 10
86.60119664359411
 20
65.3253983296213
 10
86.54734980046233
 20
64.8909683953021
 10
86.49707197600212
 20
64.52122781942583
 10
86.4519801682365
 20
64.23228463572259
 10
86.4136913751885
 20
64.04024687792253
 10
86.38382259488115
 20
63.96122257975571
 10
86.31590249480595
 20
63.937760667054974
 10
86.13437560828147
 20
63.879484234309885
 10
85.85166432527673
 20
63.79027074961443
 10
85.48019103576073
 20
63.673997681062616
 10
85.03237812970242
 20
63.53454249674843
 10
84.52064799707085
 20
63.37578266476588
 10
83.95742302783499
 20
63.20159565320896
 10
83.35512561196384
 20
63.01585893017166
 10
82.18844832733181
 20
62.65393337016259
 10
81.67536461815298
 20
62.49282733933369
 10
81.22576076023225
 20
62.35026783912247
 10
80.85211917544464
 20
62.23023639290442
 10
80.56692228566516
 20
62.13671452405499
 10
80.38265251276879
 20
62.073683755949645
 10
80.31179227863052
 20
62.04512561196384
 10
80.30231381836019
 20
62.016972672526826
 10
80.31232856518108
 20
61.97614106518103
 10
80.33954376573571
 20
61.928103661569004
 10
80.38166666666669
 20
61.87833333333331
 10
80.46422350041588
 20
61.783302578890826
 10
80.499265322786
 20
61.7054714838756
 10
80.48110591104542
 20
61.64247500517138
 10
80.40405904246248
 20
61.591948099661906
 10
80.26243849430553
 20
61.55152572423093
 10
80.05055804384297
 20
61.51884283576219
 10
79.76273146834312
 20
61.491534391139446
 10
79.39327254507437
 20
61.46723534724644
 10
79.03191083169884
 20
61.447444192306676
 10
78.75088731891242
 20
61.43647590453992
 10
78.53134978814354
 20
61.436937807190695
 10
78.35444602082066
 20
61.45143722350354
 10
78.05313090222668
 20
61.53297789009356
 10
77.8910151138125
 20
61.605233786859806
 10
77.69612421455811
 20
61.70195649026624
 10
77.4637237345511
 20
61.81768119678005
 10
77.26740855258926
 20
61.91244971901571
 10
77.12786222221804
 20
61.97648250431007
 10
77.0657682969829
 20
62.0
 10
77.04503489306475
 20
61.95379610488666
 10
77.01810384350718
 20
61.82799342017214
 10
76.98845927714953
 20
61.64180544679464
 10
76.95958532283117
 20
61.414445685692385
 10
76.89333739066403
 20
60.82889137138476
 10
76.15343524048954
 20
60.61390377306647
 10
75.85537868647023
 20
60.52629665578372
 10
75.59079840857017
 20
60.44668828258255
 10
75.3884495721852
 20
60.38385096851472
 10
75.27708734271117
 20
60.34655702863199
 10
75.18070443470425
 20
60.37117459793195
 10
75.02295263180423
 20
60.48445124171242
 10
74.81735241595949
 20
60.67507856511028
  0
LWPOLYLINE
  5
66
330
17
100
AcDbEntity
  8
C01_120203
100
AcDbPolyline
 90
55
 70
1
 10
129.9
 20
61.24654446807897
 10
129.91742953598882
 20
61.29024256127852
 10
129.96678899822552
 20
61.383716178212296
 10
130.04368466811553
 20
61.519833298443196
 10
130.14372282706424
 20
61.69146190153412
 10
130.3956517377592
 20
62.11272547454763
 10
130.68742598155364
 20
62.59045073375601
 10
130.98389580969064
 20
63.06758151566244
 10
131.2499114734134
 20
63.487061656770095
 10
131.36051469713288
 20
63.657352685931635
 10
131.45032322396497
 20
63.79183499358217
 10
131.51494333531508
 20
63.883376559284606
 10
131.54998131258859
 20
63.924845362601836
 10
131.62251418285683
 20
63.96667174708355
 10
131.75239310484113
 20
64.0281679779776
 10
131.93292152866275
 20
64.10681132947927
 10
132.157402904443
 20
64.20007907578386
 10
132.7114383123645
 20
64.420396849583
 10
133.3609269295759
 20
64.6689394929374
 10
134.7319741957497
 20
65.16997216256149
 10
135.34638804665266
 20
65.38209857595596
 10
135.84196551072674
 20
65.54172263315522
 10
137.05485725382653
 20
65.87338769712065
 10
137.63590599120826
 20
66.00732245707519
 10
138.18170300577282
 20
66.11662779048693
 10
138.67850807249147
 20
66.19878051346281
 10
139.1125809663354
 20
66.2512574421098
 10
139.4701814622759
 20
66.27153539253487
 10
139.73756933528412
 20
66.257091180845
 10
140.09523020018665
 20
66.15149827985078
 10
140.3669233996782
 20
65.9623874996992
 10
140.5395472331517
 20
65.70298429761422
 10
140.6
 20
65.38651413081985
 10
140.59034076058555
 20
65.25040720880051
 10
140.55813853348815
 20
65.16206676400661
 10
140.49855655542677
 20
65.11432146991436
 10
140.40675806312038
 20
65.10000000000001
 10
140.34445251997016
 20
65.09394405104533
 10
140.2409232112331
 20
65.07658752748621
 10
139.93224342750315
 20
65.01284069638429
 10
139.52481897293978
 20
64.91849538635344
 10
139.06275010855222
 20
64.80328747705288
 10
138.24065607132533
 20
64.57152874280645
 10
137.3219696176094
 20
64.27748780767462
 10
136.33216343199504
 20
63.93103932268343
 10
135.29671019907292
 20
63.5420579388589
 10
133.19075332966793
 20
62.67599507881397
 10
132.17119506236634
 20
62.21866290464561
 10
131.20788048611954
 20
61.758296435748036
 10
130.84619743429897
 20
61.58061294333086
 10
130.55464815042566
 20
61.44070389130376
 10
130.32647974924816
 20
61.3359269875372
 10
130.15493934551515
 20
61.263639939901644
 10
130.0332740539752
 20
61.221200456267574
 10
129.95473098937694
 20
61.20596624450546
  0
LWPOLYLINE
  5
67
330
17
100
AcDbEntity
  8
C01_120203
100
AcDbPolyline
 90
46
 70
1
 10
34.6
 20
65.52662449548028
 10
34.64781264253277
 20
65.57993390488747
 10
34.78484504864344
 20
65.71708065842816
 10
35.001488936100536
 20
65.92881247860379
 10
35.2881360226726
 20
66.20587708791581
 10
35.635178026128166
 20
66.53902220886566
 10
36.033006664235764
 20
66.9189955639548
 10
36.47201365476393
 20
67.33654487568464
 10
36.942590715481195
 20
67.78241786655666
 10
39.285181430962396
 20
69.99793659598008
 10
40.9675907154812
 20
70.78412797833165
 10
41.7120499740235
 20
71.1277057084215
 10
42.38047793512606
 20
71.4270286171126
 10
42.97509458019652
 20
71.68297237982624
 10
43.49811989064249
 20
71.89641267198375
 10
43.95177384787161
 20
72.06822516900647
 10
44.338276433291476
 20
72.1992855463157
 10
44.65984762830974
 20
72.29046947933277
 10
44.918707414334015
 20
72.342652643479
 10
45.112997133507996
 20
72.36245786369923
 10
45.26763103071418
 20
72.35590995863821
 10
45.38684728179849
 20
72.3174772991604
 10
45.474884062606876
 20
72.24162825613024
 10
45.53597954898528
 20
72.12283120041218
 10
45.57437191677964
 20
71.95555450287065
 10
45.5942993418359
 20
71.73426653437015
 10
45.6
 20
71.45343566577507
 10
45.59213533515131
 20
71.17632117599827
 10
45.56444422707016
 20
70.99498276328849
 10
45.510781005453936
 20
70.88761065180213
 10
45.425000000000004
 20
70.83239506569561
 10
45.12045876442833
 20
70.71852951398542
 10
44.750418085771756
 20
70.56789833080332
 10
44.319936165707674
 20
70.38297795094924
 10
43.83407120591346
 20
70.16624480922309
 10
43.2978814080665
 20
69.9201753404248
 10
42.716424973844184
 20
69.6472459793543
 10
42.09476010492388
 20
69.34993316081152
 10
41.43794500298297
 20
69.03071331959637
 10
40.03909690674889
 20
68.33645830834872
 10
38.560346298560994
 20
67.58429242401074
 10
35.525
 20
65.9854739496614
 10
35.16583984375
 20
65.79485134276875
 10
34.87171875
 20
65.64479823296413
 10
34.67298828125
 20
65.55037061796287
 10
34.61887939453125
 20
65.52872137029954
  0
LWPOLYLINE
  5
68
330
17
100
AcDbEntity
  8
C01_120203
100
AcDbPolyline
 90
69
 70
1
 10
88.67627227089636
 20
66.325
 10
88.6966716972164
 20
66.60801883898458
 10
88.7155722012088
 20
66.84267099958613
 10
88.73086786077742
 20
67.00453744727645
 10
88.74045275382615
 20
67.06919914752727
 10
88.76864626664985
 20
67.07783042482461
 10
88.84844865452344
 20
67.09931807236975
 10
88.97721334336808
 20
67.13299254990858
 10
89.15229375910499
 20
67.17818431718698
 10
89.37104332765537
 20
67.23422383395086
 10
89.63081547494039
 20
67.30044155994612
 10
90.26284120939923
 20
67.46073347861436
 10
91.02719836985108
 20
67.65370375115886
 10
91.90271436366554
 20
67.87399605554678
 10
92.86821659821219
 20
68.11625406974532
 10
93.9025324808606
 20
68.37512147172164
 10
99.05000000000001
 20
69.66184464838875
 10
99.16517013275981
 20
71.35592232419438
 10
99.21066417383237
 20
72.0185160552849
 10
99.24939656252323
 20
72.57029032835477
 10
99.26494539894426
 20
72.78662352547786
 10
99.27726573633238
 20
72.95365588691088
 10
99.28584487937506
 20
73.0641887555922
 10
99.29017013275981
 20
73.11102347446015
 10
99.37531099578622
 20
73.16053596050828
 10
99.59248687423032
 20
73.24233792959703
 10
99.89838043887943
 20
73.34356504980839
 10
100.24967436052093
 20
73.45135298922443
 10
100.60305130994216
 20
73.55283741592716
 10
100.91519395793047
 20
73.6351539979986
 10
101.1427849752732
 20
73.6854384035208
 10
101.2425070327577
 20
73.69082630057578
 10
101.25085990950143
 20
73.62246923013495
 10
101.24931225479286
 20
73.45426650755536
 10
101.23901278934751
 20
73.2004627178259
 10
101.22111023388092
 20
72.87530244593547
 10
101.19675330910864
 20
72.49303027687297
 10
101.1670907357462
 20
72.06789079562728
 10
101.09644352611296
 20
71.14598823654194
 10
101.01835837070554
 20
70.22355144859064
 10
100.97939836512535
 20
69.79774418126249
 10
100.94202503524821
 20
69.41453711168452
 10
100.90738710178967
 20
69.08817482484565
 10
100.87663328546527
 20
68.83290190573477
 10
100.85091230699054
 20
68.66296293934077
 10
100.83137288708102
 20
68.59260251065255
 10
100.78695075110305
 20
68.57351069762713
 10
100.67920272565132
 20
68.5393139129192
 10
100.5123033964101
 20
68.49104247940393
 10
100.29042734906362
 20
68.42972671995643
 10
100.01774916929612
 20
68.35639695745185
 10
99.69844344279186
 20
68.27208351476533
 10
98.93664769230995
 20
68.07462688034697
 10
98.03843678309183
 20
67.84559939970248
 10
97.03720740061145
 20
67.59324365583294
 10
94.85927995775963
 20
67.05151771042307
 10
92.67003884754594
 20
66.5153897081261
 10
91.65466738086324
 20
66.27003139314768
 10
90.73665755376189
 20
66.05080031295077
 10
89.94940605171581
 20
65.86593905053644
 10
89.6152511367991
 20
65.7889729081856
 10
89.32630956019895
 20
65.72369018890582
 10
89.08675590759957
 20
65.67112121557223
 10
88.90076476468522
 20
65.63229631105997
 10
88.77251071714015
 20
65.60824579824418
 10
88.70616835064858
 20
65.60000000000001
 10
88.67922507834342
 20
65.65720703125001
 10
88.66460733087176
 20
65.81296875000001
 10
88.66329607335045
 20
66.04349609375001
  0
LWPOLYLINE
  5
69
330
17
100
AcDbEntity
  8
C01_120203
100
AcDbPolyline
 90
48
 70
1
 10
72.7089363661144
 20
68.68114809651615
 10
71.16787273222882
 20
70.15400237484484
 10
71.43331227135286
 20
70.81749673762361
 10
71.63806610350582
 20
71.41229640492546
 10
71.80851146455444
 20
72.07438064700482
 10
71.94198982143327
 20
72.77768049654367
 10
72.03584264107681
 20
73.49612698622401
 10
72.08741139041958
 20
74.20365114872783
 10
72.0940375363961
 20
74.8741840167371
 10
72.05306254594089
 20
75.48165662293384
 10
71.96182788598846
 20
76.0
 10
71.73859557788275
 20
76.69232356410303
 10
71.42637233822754
 20
77.38880544954031
 10
71.05314731058968
 20
78.03463461020743
 10
70.64690963853603
 20
78.575
 10
70.47273695856742
 20
78.77884765625001
 10
70.34033973550379
 20
78.94578125000001
 10
70.26265553501824
 20
79.05857421875001
 10
70.25262192278389
 20
79.10000000000001
 10
70.33334250223054
 20
79.07148379664025
 10
70.50276129889622
 20
78.99384066868049
 10
70.73607651161639
 20
78.87892883930007
 10
71.00848633922656
 20
78.73860653167827
 10
71.4827211807329
 20
78.44895564183788
 10
71.93966773529085
 20
78.0917296892238
 10
72.37081328234329
 20
77.67775488620374
 10
72.7676451013331
 20
77.21785744514547
 10
73.12165047170316
 20
76.72286357841674
 10
73.42431667289637
 20
76.20359949838529
 10
73.66713098435558
 20
75.67089141741886
 10
73.8415806855237
 20
75.13556554788521
 10
73.9414593007478
 20
74.60557407610659
 10
73.99339085917585
 20
73.99569557151787
 10
73.99921449750282
 20
73.32784707426798
 10
73.96076935242367
 20
72.62394562450582
 10
73.87989456063337
 20
71.90590826238035
 10
73.75842925882688
 20
71.19565202804048
 10
73.59821258369917
 20
70.51509396163516
 10
73.40108367194519
 20
69.88615110331328
 10
73.09940502120845
 20
69.05
 10
73.74090874408019
 20
68.44375677095415
 10
73.9377802100576
 20
68.2557492016637
 10
74.08865690830253
 20
68.10504460301766
 10
74.19868489699509
 20
67.9834059086834
 10
74.27301023431538
 20
67.88259605232832
 10
74.33513718755958
 20
67.71051458822534
 10
74.31620623347597
 20
67.52290368004789
 10
74.25
 20
67.20829381818747
  0
LWPOLYLINE
  5
6A
330
17
100
AcDbEntity
  8
C01_120203
100
AcDbPolyline
 90
57
 70
1
 10
78.83837485027546
 20
69.275
 10
78.85189048902203
 20
69.38196533203126
 10
78.86889834615351
 20
69.54291015625
 10
78.91064354167052
 20
69.99515625000001
 10
78.95811608902503
 20
70.56857421875
 10
79.00582164041555
 20
71.2
 10
79.0336430969332
 20
71.5601823711477
 10
79.06215706480063
 20
71.87718888278029
 10
79.09127853060878
 20
72.15043188926946
 10
79.12092248094855
 20
72.37932374498689
 10
79.15100390241093
 20
72.56327680430428
 10
79.18143778158687
 20
72.70170342159332
 10
79.21213910506727
 20
72.79401595122572
 10
79.2430228594431
 20
72.83962674757313
 10
79.32115036254241
 20
72.87627383112786
 10
79.49625047276149
 20
72.94650135377363
 10
79.75718193954333
 20
73.04619527354366
 10
80.09280351233086
 20
73.1712415484712
 10
80.49197394056706
 20
73.31752613658949
 10
80.9435519736949
 20
73.48093499593179
 10
81.95936585239728
 20
73.84266936042131
 10
84.55000000000001
 20
74.75608522569637
 10
84.57796219634356
 20
76.02462774421959
 10
84.60592439268713
 20
77.29317026274282
 10
85.42796219634357
 20
77.55031755911318
 10
85.76179324589344
 20
77.65461235709752
 10
86.0630619697619
 20
77.748491658389
 10
86.29870351280209
 20
77.82166760325364
 10
86.43565301986715
 20
77.86385233195752
 10
86.5376444545723
 20
77.86613121956823
 10
86.5677719935193
 20
77.82049571889016
 10
86.58562214342481
 20
77.72736195967481
 10
86.5924209517105
 20
77.57449372026095
 10
86.58939446579805
 20
77.3496547789873
 10
86.57776873310914
 20
77.04060891419265
 10
86.55876980106544
 20
76.63511990421573
 10
86.53006358633885
 20
76.0720004766233
 10
86.49813193158445
 20
75.48875713266872
 10
86.46686672558748
 20
74.95422639911914
 10
86.44015985713322
 20
74.53724480274164
 10
86.38408615186985
 20
73.72448960548326
 10
83.6973585169372
 20
72.74719626082617
 10
81.01063088200455
 20
71.7699029161691
 10
80.95323274790347
 20
71.20995145808455
 10
80.92519249739937
 20
70.94539064841894
 10
80.89127585679236
 20
70.63898622348027
 10
80.85575880149034
 20
70.32871525997618
 10
80.8229173069012
 20
70.05255483461427
 10
80.75
 20
69.45510966922855
 10
79.9
 20
69.18531085892461
 10
79.52510485623677
 20
69.06701210076385
 10
79.24487139936103
 20
68.98356490187838
 10
79.04656764307873
 20
68.93604489702989
 10
78.91746160109577
 20
68.92552772098
 10
78.84482128711805
 20
68.95308900849041
 10
78.81591471485149
 20
69.01980439432278
 10
78.81800989800199
 20
69.12674951323875
  0
LWPOLYLINE
  5
6B
330
17
100
AcDbEntity
  8
C01_120203
100
AcDbPolyline
 90
164
 70
1
 10
104.13930111958157
 20
69.25817874682359
 10
104.16286935674404
 20
69.36184973358363
 10
104.1821697038771
 20
69.52719132441823
 10
104.19521047896698
 20
69.7314426643533
 10
104.2
 20
69.95184289841477
 10
104.20081560682947
 20
70.12627257991898
 10
104.20560329422112
 20
70.25844704425867
 10
104.24114011211049
 20
70.42135388442665
 10
104.33470085650718
 20
70.49121054488279
 10
104.51437593025024
 20
70.5186641515912
 10
104.69349113691264
 20
70.5541456190454
 10
104.81961310340691
 20
70.65440653851525
 10
104.93512525498927
 20
70.87588022662528
 10
105.00214747058106
 20
71.04970727036552
 10
105.08241101691597
 20
71.275
 10
105.18792061596805
 20
71.55650390625
 10
105.28768609095272
 20
71.78703125
 10
105.37046566467673
 20
71.94279296875
 10
105.42501755994691
 20
72.0
 10
105.49396005334148
 20
71.976328125
 10
105.61592194869135
 20
71.911875
 10
105.77367725968227
 20
71.816484375
 10
105.95
 20
71.7
 10
106.12710226610062
 20
71.583515625
 10
106.28698004828256
 20
71.48812500000001
 10
106.41208320099513
 20
71.42367187500001
 10
106.48486157868763
 20
71.4
 10
106.5403024259935
 20
71.4276171875
 10
106.61819943161373
 20
71.5028125
 10
106.708212116099
 20
71.6141015625
 10
106.80000000000001
 20
71.75
 10
106.97070121761129
 20
71.98933018023888
 10
107.12020780670505
 20
72.07961777756046
 10
107.28940477612107
 20
72.0255032708337
 10
107.51917713469908
 20
71.83162713892757
 10
107.79929804162106
 20
71.56325427785514
 10
108.33409953628814
 20
71.7318355980495
 10
108.86890103095523
 20
71.90041691824386
 10
108.93180855889473
 20
76.12520845912194
 10
108.95819353142485
 20
77.55990058346612
 10
108.99370137724937
 20
78.9256972401582
 10
109.03851469006759
 20
80.22436641573702
 10
109.09281606357891
 20
81.45767609674144
 10
109.15678809148265
 20
82.62739426971027
 10
109.23061336747818
 20
83.73528892118235
 10
109.31447448526484
 20
84.78312803769654
 10
109.408554038542
 20
85.7726796057917
 10
109.51303462100898
 20
86.70571161200662
 10
109.62809882636516
 20
87.58399204288018
 10
109.75392924830989
 20
88.40928888495121
 10
109.8907084805425
 20
89.18337012475855
 10
110.03861911676236
 20
89.90800374884104
 10
110.19784375066882
 20
90.58495774373753
 10
110.36856497596122
 20
91.21600009598686
 10
110.55096538633893
 20
91.80289879212785
 10
110.72052966134574
 20
92.26878553094907
 10
110.89913463087778
 20
92.6648312357
 10
111.09502145206736
 20
93.00010591991034
 10
111.31643128204674
 20
93.28367959710977
 10
111.57160527794821
 20
93.52462228082798
 10
111.86878459690404
 20
93.7320039845947
 10
112.2162103960465
 20
93.91489472193958
 10
112.6221238325079
 20
94.08236450639234
 10
113.24453759173902
 20
94.28338038995437
 10
113.95836917260026
 20
94.4577039315573
 10
114.7634197730916
 20
94.60531243363853
 10
115.65949059121306
 20
94.72618319863547
 10
116.64638282496463
 20
94.82029352898553
 10
117.72389767234631
 20
94.88762072712615
 10
118.8918363313581
 20
94.92814209549472
 10
120.15
 20
94.94183493652865
 10
121.76751786796387
 20
94.92034127842378
 10
123.34797055169807
 20
94.85704993312243
 10
124.86653018043889
 20
94.75476086503933
 10
126.29836888342265
 20
94.61627403858921
 10
127.61865878988573
 20
94.4443894181868
 10
128.8025720290644
 20
94.24190696824681
 10
129.33562868880844
 20
94.13006654607982
 10
129.825280730195
 20
94.01162665318395
 10
130.26842466937865
 20
93.88693728511106
 10
130.6619570225139
 20
93.75634843741297
 10
131.41453694399559
 20
93.43157661272227
 10
131.72897000898317
 20
93.2637787712858
 10
131.97213627074615
 20
93.1129659498051
 10
132.12151407474266
 20
92.99458287779252
 10
132.15458176643082
 20
92.92407428476042
 10
132.12046130311498
 20
92.91159939583468
 10
132.04881769126885
 20
92.91688490022119
 10
131.9368357240747
 20
92.94186138910901
 10
131.78170019471483
 20
92.98845945368718
 10
131.53082751259132
 20
93.06074955549362
 10
131.22378882138233
 20
93.13260695169826
 10
130.86455230646197
 20
93.20362400152051
 10
130.45708615320447
 20
93.27339306417976
 10
130.0053585469839
 20
93.34150649889538
 10
129.5133376731744
 20
93.40755666488677
 10
128.42428886428524
 20
93.53183662757442
 10
127.2216852095301
 20
93.6429718259978
 10
125.9372721919021
 20
93.73770113391203
 10
123.25
 20
93.86489757323338
 10
121.64385124277132
 20
93.88189865780468
 10
120.1009974062656
 20
93.83981365521113
 10
118.64719813915718
 20
93.74217364201868
 10
117.30821309012042
 20
93.59250969479332
 10
116.68982578758963
 20
93.49927220734517
 10
116.10980190782962
 20
93.39435289010103
 10
115.5713614069247
 20
93.27819312763165
 10
115.07772424095916
 20
93.1512343045078
 10
114.63211036601726
 20
93.01391780530018
 10
114.23773973818334
 20
92.86668501457956
 10
113.89783231354166
 20
92.7099773169167
 10
113.61560804817651
 20
92.54423609688234
 10
113.31077371705292
 20
92.28003435962087
 10
113.02438693644166
 20
91.91065361288159
 10
112.75637839234504
 20
91.43565541530134
 10
112.50667877076545
 20
90.85460132551697
 10
112.2752187577052
 20
90.16705290216535
 10
112.06192903916666
 20
89.37257170388335
 10
111.86674030115215
 20
88.4707192893078
 10
111.68958322966401
 20
87.46105721707556
 10
111.53038851070461
 20
86.34314704582351
 10
111.38908683027627
 20
85.11655033418849
 10
111.26560887438134
 20
83.78082864080736
 10
111.15988532902217
 20
82.33554352431696
 10
111.0718468802011
 20
80.78025654335418
 10
111.00142421392046
 20
79.11452925655585
 10
110.9485480161826
 20
77.33792322255884
 10
110.91314897298987
 20
75.45
 10
110.85000000000001
 20
70.85000000000001
 10
110.29026905552249
 20
70.70826459561306
 10
110.10743454979028
 20
70.66289096917315
 10
109.96467464073622
 20
70.63206765913691
 10
109.75942056543889
 20
70.61928336924254
 10
109.59459073518335
 20
70.68033448786402
 10
109.39026905552248
 20
70.82564377693546
 10
109.05000000000001
 20
71.08475836264482
 10
108.7685145708932
 20
70.69237918132241
 10
108.65207086517312
 20
70.54002570232457
 10
108.54310439762521
 20
70.41526138451346
 10
108.45382392414837
 20
70.33096116977622
 10
108.39643820064148
 20
70.3
 10
108.32564449826664
 20
70.32510654581809
 10
108.19985715163452
 20
70.39346595274854
 10
108.03686051181678
 20
70.4946378750056
 10
107.85443892988513
 20
70.61818196680353
 10
107.67518106670131
 20
70.73774158589958
 10
107.52079851258313
 20
70.82806469634458
 10
107.40776001278633
 20
70.88036786179318
 10
107.35253431256668
 20
70.8858676459
 10
107.31039222180159
 20
70.81160365482255
 10
107.23297741111378
 20
70.64672822447231
 10
107.1313179168769
 20
70.41562701313504
 10
107.0164417754646
 20
70.14268567909647
 10
106.73084552606954
 20
69.45
 10
105.98820065508049
 20
69.48251900153161
 10
105.60540357498012
 20
69.48825600538895
 10
105.29113230916815
 20
69.46442804877474
 10
105.00811401746671
 20
69.40589556853897
 10
104.71907585969798
 20
69.30751900153162
 10
104.50955923191516
 20
69.22560644137927
 10
104.35100506174066
 20
69.16634010597143
 10
104.23750994683719
 20
69.12921760126639
 10
104.16317048486752
 20
69.11373653322245
 10
104.10834491038052
 20
69.14568913095104
  0
LWPOLYLINE
  5
6C
330
17
100
AcDbEntity
  8
C01_120203
100
AcDbPolyline
 90
50
 70
1
 10
63.953662864906214
 20
70.825
 10
64.01403429130983
 20
71.58920917274962
 10
64.09492259450558
 20
72.38826052100002
 10
64.29705553136947
 20
73.94880015143043
 10
64.40770301508566
 20
74.63924363732404
 10
64.51767307569003
 20
75.22243970614564
 10
64.57074826764529
 20
75.46271920973467
 10
64.6216671382066
 20
75.66286595975203
 10
64.66976736550198
 20
75.81843965642976
 10
64.71438662765941
 20
75.925
 10
64.7941053331128
 20
76.0135685119075
 10
64.94609309920548
 20
76.06692201058443
 10
65.2124730358868
 20
76.09306450396917
 10
65.40172354005733
 20
76.09843287615769
 10
65.63536825310602
 20
76.10000000000001
 10
66.36143649533265
 20
76.06141332667195
 10
66.95697235748437
 20
75.94632571608764
 10
67.41848787707511
 20
75.75574578234686
 10
67.74249509161878
 20
75.49068213954936
 10
67.84247941932617
 20
75.36457230280439
 10
67.92435793316301
 20
75.24742923757522
 10
67.97968125332305
 20
75.1523239563972
 10
68.0
 20
75.09232747180566
 10
67.94908182810062
 20
75.05647844564362
 10
67.81044324124586
 20
75.02712119484292
 10
67.60525813270083
 20
75.00728521457216
 10
67.35470039573059
 20
75.0
 10
66.70940079146116
 20
75.0
 10
66.6034113659881
 20
74.625
 10
66.55277169051604
 20
74.41670105898041
 10
66.48648879443154
 20
74.10168606818645
 10
66.4097788885595
 20
73.70875084176251
 10
66.32785818372481
 20
73.26669119385302
 10
66.16924922046708
 20
72.35038189015502
 10
66.10299338369383
 20
71.93372386265533
 10
66.05239159125752
 20
71.58312467024773
 10
66.00720170331917
 20
71.34185193391282
 10
65.93644393516071
 20
71.15940130971633
 10
65.82558602436451
 20
71.00915123089356
 10
65.66009570851294
 20
70.86448013067982
 10
65.49192621841287
 20
70.74665329797774
 10
65.26456535250196
 20
70.60154191535787
 10
64.72553528509764
 20
70.28247278098148
 10
64.46049897952919
 20
70.1350186695334
 10
64.22953708999988
 20
70.01328728878431
 10
64.05596606447219
 20
69.93053045888846
 10
63.96310235090863
 20
69.9
 10
63.940612024848086
 20
69.97298828125001
 10
63.9313355130712
 20
70.17171875000001
 10
63.935582548712425
 20
70.46583984375
  0
LWPOLYLINE
  5
6D
330
17
100
AcDbEntity
  8
C01_120203
100
AcDbPolyline
 90
16
 70
1
 10
58.6638373600523
 20
72.85000000000001
 10
58.64913071502656
 20
72.90824218750001
 10
58.651638398605755
 20
72.9559375
 10
58.67007084280362
 20
72.9881640625
 10
58.70313847963387
 20
73.0
 10
58.74074799183854
 20
72.9881640625
 10
58.77154692839245
 20
72.9559375
 10
58.79235702065861
 20
72.90824218750001
 10
58.800000000000004
 20
72.85000000000001
 10
58.79689889603302
 20
72.79175781250001
 10
58.78845529612292
 20
72.7440625
 10
58.77595876825596
 20
72.7118359375
 10
58.76069888041843
 20
72.7
 10
58.740897117206494
 20
72.7118359375
 10
58.71603409698349
 20
72.7440625
 10
58.68928808838642
 20
72.79175781250001
  0
LWPOLYLINE
  5
6E
330
17
100
AcDbEntity
  8
C01_120203
100
AcDbPolyline
 90
84
 70
1
 10
92.40217479595901
 20
73.025
 10
92.40771578964153
 20
73.17252631157555
 10
92.42132847976391
 20
73.36903903550713
 10
92.46866888274249
 20
73.87707357914485
 10
92.6151093135344
 20
75.12952806046377
 10
92.69780907500459
 20
75.7461474329708
 10
92.77589502296212
 20
76.2711611832601
 10
92.81064527525754
 20
76.47934711176465
 10
92.84116702423546
 20
76.64066902874461
 10
92.86643525324942
 20
76.7471393988766
 10
92.885424945653
 20
76.79077068683722
 10
92.9574918958241
 20
76.81885522950502
 10
93.1266838222404
 20
76.87634626787839
 10
93.38200696161393
 20
76.95974805503185
 10
93.71246755065674
 20
77.06556484403986
 10
94.1070718260809
 20
77.19030088797689
 10
94.55482602459846
 20
77.33046043991743
 10
95.56580913776195
 20
77.64306708010696
 10
96.57189870974686
 20
77.95292881760493
 10
97.01391753265041
 20
78.08987126205919
 10
97.40093318543006
 20
78.21035066853022
 10
97.72220627203735
 20
78.31101397067796
 10
97.96699739642382
 20
78.38850810216233
 10
98.124567162541
 20
78.43947999664326
 10
98.18417617434041
 20
78.46057658778068
 10
98.19527509376684
 20
78.4929391125181
 10
98.21381354250879
 20
78.57619949612055
 10
98.23880056413343
 20
78.70474070473024
 10
98.26924520220793
 20
78.87294570448941
 10
98.34254350197509
 20
79.30587894202513
 10
98.42578079034753
 20
79.83006293786555
 10
98.63320923201425
 20
81.17510686038362
 10
99.69160461600713
 20
81.41741398355016
 10
100.00309119119946
 20
81.48758237248617
 10
100.24847765632903
 20
81.53954635650891
 10
100.4357080323082
 20
81.57394562840214
 10
100.57272634004931
 20
81.59141988094967
 10
100.72790283446676
 20
81.57815209914273
 10
100.77755930688018
 20
81.50486055335836
 10
100.77818055925194
 20
81.42099630071343
 10
100.76550634429624
 20
81.2644596724646
 10
100.74121204228341
 20
81.0458835070712
 10
100.70697303348373
 20
80.77590064299253
 10
100.61536241660517
 20
80.12424617261662
 10
100.50407753582303
 20
79.39455896901134
 10
100.38652143329985
 20
78.67190173985117
 10
100.27609715119813
 20
78.04133719281059
 10
100.2277478934811
 20
77.78717177123342
 10
100.18620773168037
 20
77.58792803556406
 10
100.15315204606627
 20
77.45423882426185
 10
100.13025621690909
 20
77.39673697578608
 10
100.06223911214556
 20
77.36689014302078
 10
99.8984654214798
 20
77.30999692406294
 10
99.64969304613652
 20
77.22937967326226
 10
99.3266798873404
 20
77.12836074496845
 10
98.94018384631619
 20
77.01026249353122
 10
98.50096282428859
 20
76.8784072733003
 10
97.50737744212205
 20
76.5867153438562
 10
96.51107783400127
 20
76.2917978160777
 10
96.0686756585347
 20
76.15616209878901
 10
95.67797055176707
 20
76.0330617746872
 10
95.34986150092567
 20
75.9259868653621
 10
95.09524749323776
 20
75.83842739240362
 10
94.92502751593065
 20
75.77387337740159
 10
94.85010055623161
 20
75.7358148419459
 10
94.79626985379781
 20
75.60600869308352
 10
94.73445733494572
 20
75.33733233494571
 10
94.6722976514338
 20
74.96901416929094
 10
94.61742545502057
 20
74.5402825978777
 10
94.56570572008957
 20
74.11514620110441
 10
94.5121294713065
 20
73.75661687729108
 10
94.46302043585307
 20
73.50242800507857
 10
94.44211728786927
 20
73.42625291914791
 10
94.42470234091103
 20
73.39031296310779
 10
94.32507123558617
 20
73.3424451303881
 10
94.11368651119277
 20
73.26501119065888
 10
93.82647649654889
 20
73.16909115632934
 10
93.49936952047258
 20
73.06576503980872
 10
92.86917799929483
 20
72.88121460983115
 10
92.6379501118295
 20
72.82215032119265
 10
92.51053857820389
 20
72.8
 10
92.4677901258793
 20
72.81775390625
 10
92.43310955366036
 20
72.86609375
 10
92.41005254815195
 20
72.93763671875
  0
LWPOLYLINE
  5
6F
330
17
100
AcDbEntity
  8
C01_120203
100
AcDbPolyline
 90
74
 70
1
 10
79.30532147054956
 20
77.7170544734181
 10
79.32045920001747
 20
78.05004948566668
 10
79.35387144262877
 20
78.47725292127505
 10
79.45569127172496
 20
79.44815515320477
 10
79.51418476043158
 20
79.90878899484285
 10
79.57112456672502
 20
80.29750135047428
 10
79.62155364171613
 20
80.57275974275741
 10
79.64277757719546
 20
80.65486480347413
 10
79.66051493651578
 20
80.69303169435065
 10
79.7387005591317
 20
80.73042607176438
 10
79.92803374632176
 20
80.80575628948544
 10
80.21604786013027
 20
80.91448160267488
 10
80.59027626260152
 20
81.0520612664937
 10
81.0382523157798
 20
81.2139545361029
 10
81.54750938170945
 20
81.39562066666355
 10
82.7
 20
81.80010853128314
 10
83.85896368531664
 20
82.20515365762627
 10
84.37580737807016
 20
82.3874729154792
 10
84.83382149187183
 20
82.55023035456807
 10
85.22020291746011
 20
82.6888562634792
 10
85.5221485455735
 20
82.79878093079884
 10
85.72685526695051
 20
82.87543464511327
 10
85.82151997232961
 20
82.9142476950088
 10
85.90926708580784
 20
82.99982320597567
 10
85.96585476399888
 20
83.17920917249609
 10
85.98527382719062
 20
83.31958735969616
 10
86.00027504635528
 20
83.50202570051336
 10
86.01198242642442
 20
83.73272670819063
 10
86.02151997232961
 20
84.01789289597086
 10
86.05000000000001
 20
85.03247394882067
 10
87.04279731380505
 20
85.36510632727196
 10
87.43000686973649
 20
85.49237780184326
 10
87.75038210180753
 20
85.59301632215009
 10
87.97062953226703
 20
85.65689060141527
 10
88.05745568336383
 20
85.67386935286163
 10
88.06402419201038
 20
85.62254744746086
 10
88.06457099904624
 20
85.4970478088118
 10
88.05976850843578
 20
85.30795723496304
 10
88.05028912414338
 20
85.06586252396316
 10
88.01998929037029
 20
84.46500788270443
 10
87.97905072944204
 20
83.77917826942426
 10
87.93285267307367
 20
83.09306806851139
 10
87.88677435298024
 20
82.49137166435449
 10
87.86546110394758
 20
82.24864563118099
 10
87.8461950008768
 20
82.05878344134226
 10
87.82964844773228
 20
81.93237189288686
 10
87.8164938484784
 20
81.87999778386339
 10
87.76999697725644
 20
81.85655650463973
 10
87.65525267098225
 20
81.80950285176122
 10
87.47827369447249
 20
81.74099632837508
 10
87.24507281254387
 20
81.65319643762842
 10
86.96166279001304
 20
81.54826268266847
 10
86.6340563916967
 20
81.42835456664235
 10
85.87030552697422
 20
81.15225326398036
 10
85.00192233690986
 20
80.84216855481984
 10
84.07700894003708
 20
80.51537646433813
 10
83.1436674548893
 20
80.18915301771263
 10
82.25
 20
79.88077424012067
 10
82.01085692809957
 20
79.79541288774428
 10
81.80326440559837
 20
79.71485526459409
 10
81.6494774722966
 20
79.64816916585949
 10
81.57175116799442
 20
79.60442238672987
 10
81.53570699809269
 20
79.5147315369078
 10
81.49541102479212
 20
79.32295019618884
 10
81.4557851230927
 20
79.0572516149018
 10
81.42175116799443
 20
78.74580904337549
 10
81.35000000000001
 20
77.95811575076215
 10
80.61506132819109
 20
77.73482050345451
 10
80.17908491009325
 20
77.60303267951268
 10
79.85199729597615
 20
77.50868588322345
 10
79.61824821754838
 20
77.45156918221586
 10
79.4622874065185
 20
77.43147164411891
 10
79.36856459459511
 20
77.44818233656166
 10
79.32152951348677
 20
77.50149032717309
  0
LWPOLYLINE
  5
70
330
17
100
AcDbEntity
  8
C01_120203
100
AcDbPolyline
 90
85
 70
1
 10
124.60724361004054
 20
79.1405769433739
 10
124.64449764274447
 20
79.16474852997392
 10
124.73195550796169
 20
79.21471172908474
 10
124.86393446569663
 20
79.28741280901876
 10
125.03475177595374
 20
79.3797980380884
 10
125.47017049405218
 20
79.61140601688402
 10
125.9927497422925
 20
79.88510581197077
 10
127.32852074832827
 20
80.57989955435148
 10
126.76426037416414
 20
80.69703955770441
 10
126.54516865075823
 20
80.74498098347992
 10
126.36575148491072
 20
80.78892085068709
 10
126.2445236701489
 20
80.82399329829622
 10
126.2
 20
80.84533246527752
 10
126.22602294921876
 20
80.86020594234671
 10
126.30060546875
 20
80.89073638506682
 10
126.57453125
 20
80.99133167447985
 10
126.97994140625
 20
81.13224534755683
 10
127.47500000000001
 20
81.29860441833794
 10
129.00275350332106
 20
81.86668800590326
 10
130.40657991076338
 20
82.51653311493622
 10
131.68054805093408
 20
83.24350843230116
 10
132.81872675244014
 20
84.04298264486238
 10
133.8151848438887
 20
84.91032443948421
 10
134.25841516978105
 20
85.36799839471296
 10
134.66399115388668
 20
85.84090250303097
 10
135.03117139978147
 20
86.3284578502963
 10
135.35921451104127
 20
86.83008552236699
 10
135.64737909124196
 20
87.34520660510105
 10
135.89492374395942
 20
87.87324218435657
 10
136.24514029802677
 20
88.84145415769642
 10
136.44869146862203
 20
89.7546353841535
 10
136.50504817012882
 20
90.61530168344497
 10
136.4136813169308
 20
91.42596887528795
 10
136.17406182341156
 20
92.18915277939962
 10
135.78566060395477
 20
92.90736921549713
 10
135.24794857294404
 20
93.58313400329762
 10
134.560396644763
 20
94.21896296251823
 10
134.36828283040833
 20
94.38012794387309
 10
134.25635826465017
 20
94.4879480223812
 10
134.22423709409952
 20
94.54253449896777
 10
134.27153346536738
 20
94.54399867455803
 10
134.39786152506468
 20
94.49245185007715
 10
134.60283541980243
 20
94.38800532645038
 10
134.8860692961916
 20
94.23077040460291
 10
135.24717730084322
 20
94.02085838545995
 10
135.6605512414061
 20
93.75411356293714
 10
136.07640118095463
 20
93.44379669291621
 10
136.87000511128963
 20
92.7376694907136
 10
137.2249971292165
 20
92.36447049869867
 10
137.5369412004099
 20
91.99292213951917
 10
137.79445633844
 20
91.63433008325849
 10
137.98616155687705
 20
91.30000000000001
 10
138.17962639855511
 20
90.85335483813384
 10
138.31941427650852
 20
90.41279875067961
 10
138.40564201587017
 20
89.9694514035096
 10
138.43842644177295
 20
89.51443246249603
 10
138.4178843793497
 20
89.03886159351121
 10
138.34413265373334
 20
88.53385846242738
 10
138.21728809005674
 20
87.99054273511682
 10
138.03746751345278
 20
87.40003407745178
 10
137.81510951723996
 20
86.81090463057143
 10
137.54774990768917
 20
86.23863589624308
 10
137.23583523509907
 20
85.68359690160388
 10
136.87981204976847
 20
85.14615667379098
 10
136.48012690199602
 20
84.62668423994153
 10
136.0372263420805
 20
84.12554862719266
 10
135.55155692032056
 20
83.6431188626815
 10
135.023565187015
 20
83.17976397354522
 10
134.45369769246253
 20
82.73585298692095
 10
133.84240098696182
 20
82.31175492994583
 10
133.19012162081165
 20
81.90783882975703
 10
132.49730614431073
 20
81.52447371349166
 10
131.76440110775778
 20
81.16202860828687
 10
130.9918530614515
 20
80.82087254127981
 10
130.18010855569065
 20
80.50137453960762
 10
129.32961414077394
 20
80.20390363040745
 10
128.66161445312187
 20
79.99922324381883
 10
127.89120071946199
 20
79.78698770324753
 10
126.29236113259753
 20
79.39596978281335
 10
125.58855028863229
 20
79.2452467142787
 10
125.28780663728753
 20
79.18721962728503
 10
125.03155541713794
 20
79.14308711441782
 10
124.82758506626098
 20
79.1146028826351
 10
124.68368402273413
 20
79.10352063889485
 10
124.60764072463483
 20
79.11159409015512
  0
LWPOLYLINE
  5
71
330
17
100
AcDbEntity
  8
C01_120203
100
AcDbPolyline
 90
64
 70
1
 10
93.13848810849944
 20
82.01194378654732
 10
93.16514078457759
 20
82.3047657673034
 10
93.19620802142681
 20
82.70430460563021
 10
93.22782923969946
 20
83.15801420976338
 10
93.25614386004784
 20
83.61334848793848
 10
93.31765770635981
 20
84.67669697587695
 10
93.6338288531799
 20
84.73463804549377
 10
93.75857143609093
 20
84.7632000281147
 10
93.99331093128114
 20
84.82255967688502
 10
94.32444585553117
 20
84.90907857999152
 10
94.7383747256216
 20
85.01911832562092
 10
95.22149605833309
 20
85.14904050196003
 10
95.76020837044624
 20
85.29520669719557
 10
96.95
 20
85.621717497103
 10
99.95
 20
86.45085587909541
 10
100.09271072895672
 20
87.61713959729865
 10
100.23542145791345
 20
88.78342331550186
 10
101.2687710048691
 20
89.05731804850524
 10
101.67273894680211
 20
89.16046213978375
 10
102.00876591197044
 20
89.2388280764048
 10
102.24180667378569
 20
89.28476108463833
 10
102.30875559512701
 20
89.29317312381914
 10
102.33681600565939
 20
89.2906063907543
 10
102.34015032705415
 20
89.23814298742889
 10
102.33356290802361
 20
89.10849711694775
 10
102.31829635002265
 20
88.91270575093856
 10
102.29559325450617
 20
88.661805861029
 10
102.23284785674626
 20
88.03882839601937
 10
102.15526752638304
 20
87.32786049494018
 10
102.07279307505567
 20
86.61719793081278
 10
101.99536531440336
 20
85.99513647665846
 10
101.96165044671757
 20
85.74492359489037
 10
101.93292505606524
 20
85.54997190549854
 10
101.91043174390126
 20
85.42131838011065
 10
101.89541311168051
 20
85.36999999035436
 10
101.82097807547673
 20
85.34561968670766
 10
101.62528005191082
 20
85.2903043681433
 10
101.32163030569868
 20
85.20759369155202
 10
100.92334010155616
 20
85.1010273138246
 10
100.44372070419917
 20
84.9741448918518
 10
99.89608337834355
 20
84.83048608252435
 10
99.2937393887052
 20
84.67359054273305
 10
98.65
 20
84.50699792936865
 10
97.39763671875001
 20
84.18350085943418
 10
96.84263916015625
 20
84.03983159937717
 10
96.35328125000001
 20
83.91293534977589
 10
95.94320068359376
 20
83.80635223101706
 10
95.62603515625001
 20
83.72362236348732
 10
95.41542236328125
 20
83.66828586757339
 10
95.325
 20
83.64388286366194
 10
95.26879757090666
 20
83.57850825520313
 10
95.22990339636146
 20
83.41694266860837
 10
95.20730752363555
 20
83.15218387356987
 10
95.2
 20
82.77722963977982
 10
95.2
 20
81.94818232029189
 10
94.375
 20
81.76621649598003
 10
94.03621756505062
 20
81.69120840913553
 10
93.72365709860426
 20
81.62149355245678
 10
93.47206135826366
 20
81.56485332414002
 10
93.31617310163152
 20
81.52906912238142
 10
93.1845889087533
 20
81.50810025207026
 10
93.12136817000757
 20
81.5537213481816
 10
93.1111286487908
 20
81.70773499743432
 10
93.12106989581716
 20
81.83845233783835
  0
LWPOLYLINE
  5
72
330
17
100
AcDbEntity
  8
C01_120203
100
AcDbPolyline
 90
33
 70
1
 10
172.22910839704468
 20
84.06552931180256
 10
172.32253630863633
 20
84.77712307064994
 10
172.4940840378506
 20
85.51676276971608
 10
172.71565491545127
 20
86.18390404636493
 10
172.83641882576012
 20
86.4588676629591
 10
172.95915227220195
 20
86.67800253796041
 10
173.129181117371
 20
86.85480737899934
 10
173.39732656414256
 20
87.03295788439631
 10
173.74186275754477
 20
87.20477334221744
 10
174.14106384260575
 20
87.36257304052884
 10
175.01655726781658
 20
87.60540231088706
 10
175.44939789802265
 20
87.67507045906612
 10
175.85000000000002
 20
87.7
 10
176.21191984804958
 20
87.67962279713294
 10
176.59755660536445
 20
87.62100588381203
 10
177.3964499732312
 20
87.40414109749076
 10
178.15961835448238
 20
87.07958198440011
 10
178.50059887852774
 20
86.88634716261751
 10
178.8
 20
86.67750488790404
 10
179.05
 20
86.48168551919468
 10
178.65
 20
86.55951005756742
 10
177.85922925452329
 20
86.63835746606935
 10
177.0529457126956
 20
86.56748131537847
 10
176.22018931452013
 20
86.34491942110893
 10
175.79045877555293
 20
86.17614313751156
 10
175.35000000000002
 20
85.96870959887482
 10
174.89906679210765
 20
85.71575277964793
 10
174.47523279274068
 20
85.41195409752768
 10
174.24619064535173
 20
85.21909319436304
 10
173.99117847901107
 20
84.98724678925161
 10
173.69928135335775
 20
84.70765653678563
 10
173.35958432803073
 20
84.37156409155726
 10
172.1691686560615
 20
83.18105862360514
  0
LWPOLYLINE
  5
73
330
17
100
AcDbEntity
  8
C01_120203
100
AcDbPolyline
 90
24
 70
1
 10
50.7
 20
88.60000000000001
 10
50.69177922347215
 20
88.79405580552185
 10
50.66349459592574
 20
88.91845453402055
 10
50.609712670416464
 20
88.98589761180602
 10
50.525000000000006
 20
89.00908646518816
 10
50.4994145514966
 20
89.02411064302582
 10
50.55911691943287
 20
89.05830104597874
 10
50.692232673978545
 20
89.10657897887721
 10
50.88688738530337
 20
89.16386574655147
 10
51.09812699801532
 20
89.21765922769485
 10
51.2763996622784
 20
89.25642573687064
 10
51.40293425659643
 20
89.276539232714
 10
51.45895965947321
 20
89.27437367386013
 10
51.4595102558932
 20
89.21971279619699
 10
51.43499958510613
 20
89.09689349330225
 10
51.389725257013644
 20
88.92411946034562
 10
51.32798488151744
 20
88.71959439249684
 10
51.23493834675755
 20
88.45778530529523
 10
51.14945723275818
 20
88.29924389547155
 10
51.05397187459598
 20
88.2209791360363
 10
50.9309126073476
 20
88.2
 10
50.809305213520645
 20
88.21311491016807
 10
50.739432037959226
 20
88.26830642711487
 10
50.7075709952551
 20
88.38934473050422
  0
ENDSEC
  0
SECTION
  2
OBJECTS
  0
DICTIONARY
  5
A
330
0
100
AcDbDictionary
281
1
  3
ACAD_COLOR
350
B
  3
ACAD_GROUP
350
C
  3
ACAD_LAYOUT
350
D
  3
ACAD_MATERIAL
350
E
  3
ACAD_MLEADERSTYLE
350
F
  3
ACAD_MLINESTYLE
350
10
  3
ACAD_PLOTSETTINGS
350
11
  3
ACAD_PLOTSTYLENAME
350
12
  3
ACAD_SCALELIST
350
14
  3
ACAD_TABLESTYLE
350
15
  3
ACAD_VISUALSTYLE
350
16
  3
EZDXF_META
350
2D
  0
DICTIONARY
  5
B
330
A
100
AcDbDictionary
281
1
  0
DICTIONARY
  5
C
330
A
100
AcDbDictionary
281
1
  0
DICTIONARY
  5
D
330
A
100
AcDbDictionary
281
1
  3
Model
350
1A
  3
Layout1
350
1E
  0
DICTIONARY
  5
E
330
A
100
AcDbDictionary
281
1
  3
ByBlock
350
1F
  3
ByLayer
350
20
  3
Global
350
21
  0
DICTIONARY
  5
F
330
A
100
AcDbDictionary
281
1
  3
Standard
350
2C
  0
DICTIONARY
  5
10
330
A
100
AcDbDictionary
281
1
  3
Standard
350
22
  0
DICTIONARY
  5
11
330
A
100
AcDbDictionary
281
1
  0
ACDBDICTIONARYWDFLT
  5
12
330
A
100
AcDbDictionary
281
1
  3
Normal
350
13
100
AcDbDictionaryWithDefault
340
13
  0
ACDBPLACEHOLDER
  5
13
330
12
  0
DICTIONARY
  5
14
330
A
100
AcDbDictionary
281
1
  0
DICTIONARY
  5
15
330
A
100
AcDbDictionary
281
1
  0
DICTIONARY
  5
16
330
A
100
AcDbDictionary
281
1
  0
LAYOUT
  5
1A
330
D
100
AcDbPlotSettings
  1

  4
A3
  6

 40
7.5
 41
20.0
 42
7.5
 43
20.0
 44
420.0
 45
297.0
 46
0.0
 47
0.0
 48
0.0
 49
0.0
140
0.0
141
0.0
142
1.0
143
1.0
 70
1024
 72
1
 73
0
 74
5
  7

 75
16
 76
0
 77
2
 78
300
147
1.0
148
0.0
149
0.0
100
AcDbLayout
  1
Model
 70
1
 71
0
 10
0.0
 20
0.0
 11
420.0
 21
297.0
 12
0.0
 22
0.0
 32
0.0
 14
1e+20
 24
1e+20
 34
1e+20
 15
-1e+20
 25
-1e+20
 35
-1e+20
146
0.0
 13
0.0
 23
0.0
 33
0.0
 16
1.0
 26
0.0
 36
0.0
 17
0.0
 27
1.0
 37
0.0
 76
1
330
17
  0
LAYOUT
  5
1E
330
D
100
AcDbPlotSettings
  1

  4
A3
  6

 40
7.5
 41
20.0
 42
7.5
 43
20.0
 44
420.0
 45
297.0
 46
0.0
 47
0.0
 48
0.0
 49
0.0
140
0.0
141
0.0
142
1.0
143
1.0
 70
0
 72
1
 73
0
 74
5
  7

 75
16
 76
0
 77
2
 78
300
147
1.0
148
0.0
149
0.0
100
AcDbLayout
  1
Layout1
 70
1
 71
1
 10
0.0
 20
0.0
 11
420.0
 21
297.0
 12
0.0
 22
0.0
 32
0.0
 14
1e+20
 24
1e+20
 34
1e+20
 15
-1e+20
 25
-1e+20
 35
-1e+20
146
0.0
 13
0.0
 23
0.0
 33
0.0
 16
1.0
 26
0.0
 36
0.0
 17
0.0
 27
1.0
 37
0.0
 76
1
330
1B
  0
MATERIAL
  5
1F
102
{ACAD_REACTORS
330
E
102
}
330
E
100
AcDbMaterial
  1
ByBlock
  2

 70
0
 40
1.0
 71
1
 41
1.0
 91
-1023410177
 42
1.0
 72
1
  3

 73
1
 74
1
 75
1
 44
0.5
 73
0
 45
1.0
 46
1.0
 77
1
  4

 78
1
 79
1
170
1
 48
1.0
171
1
  6

172
1
173
1
174
1
140
1.0
141
1.0
175
1
  7

176
1
177
1
178
1
143
1.0
179
1
  8

270
1
271
1
272
1
145
1.0
146
1.0
273
1
  9

274
1
275
1
276
1
 42
1.0
 72
1
  3

 73
1
 74
1
 75
1
 94
63
  0
MATERIAL
  5
20
102
{ACAD_REACTORS
330
E
102
}
330
E
100
AcDbMaterial
  1
ByLayer
  2

 70
0
 40
1.0
 71
1
 41
1.0
 91
-1023410177
 42
1.0
 72
1
  3

 73
1
 74
1
 75
1
 44
0.5
 73
0
 45
1.0
 46
1.0
 77
1
  4

 78
1
 79
1
170
1
 48
1.0
171
1
  6

172
1
173
1
174
1
140
1.0
141
1.0
175
1
  7

176
1
177
1
178
1
143
1.0
179
1
  8

270
1
271
1
272
1
145
1.0
146
1.0
273
1
  9

274
1
275
1
276
1
 42
1.0
 72
1
  3

 73
1
 74
1
 75
1
 94
63
  0
MATERIAL
  5
21
102
{ACAD_REACTORS
330
E
102
}
330
E
100
AcDbMaterial
  1
Global
  2

 70
0
 40
1.0
 71
1
 41
1.0
 91
-1023410177
 42
1.0
 72
1
  3

 73
1
 74
1
 75
1
 44
0.5
 73
0
 45
1.0
 46
1.0
 77
1
  4

 78
1
 79
1
170
1
 48
1.0
171
1
  6

172
1
173
1
174
1
140
1.0
141
1.0
175
1
  7

176
1
177
1
178
1
143
1.0
179
1
  8

270
1
271
1
272
1
145
1.0
146
1.0
273
1
  9

274
1
275
1
276
1
 42
1.0
 72
1
  3

 73
1
 74
1
 75
1
 94
63
  0
MLINESTYLE
  5
22
102
{ACAD_REACTORS
330
10
102
}
330
10
100
AcDbMlineStyle
  2
Standard
 70
0
  3

 62
256
 51
90.0
 52
90.0
 71
2
 49
0.5
 62
256
  6
BYLAYER
 49
-0.5
 62
256
  6
BYLAYER
  0
MLEADERSTYLE
  5
2C
102
{ACAD_REACTORS
330
F
102
}
330
F
100
AcDbMLeaderStyle
179
2
170
2
171
1
172
0
 90
2
 40
0.0
 41
0.0
173
1
 91
-1056964608
 92
-2
290
1
 42
2.0
291
1
 43
8.0
  3
Standard
 44
4.0
300

342
29
174
1
175
1
176
0
178
1
 93
-1056964608
 45
4.0
292
0
297
0
 46
4.0
 94
-1056964608
 47
1.0
 49
1.0
140
1.0
294
1
141
0.0
177
0
142
1.0
295
0
296
0
143
3.75
271
0
272
9
273
9
  0
DICTIONARY
  5
2D
330
A
100
AcDbDictionary
280
1
281
1
  3
CREATED_BY_EZDXF
350
2E
  3
WRITTEN_BY_EZDXF
350
76
  0
DICTIONARYVAR
  5
2E
330
2D
100
DictionaryVariables
280
0
  1
1.4.4 @ 2026-09-13T15:57:49.055987+00:00
  0
DICTIONARYVAR
  5
76
330
2D
100
DictionaryVariables
280
0
  1
1.4.4 @ 2026-09-13T15:57:49.127910+00:00
  0
ENDSEC
  0
EOF
